event_id,event_type,user_id,session_id,product_id,query_text,source,signal_weight,timestamp,metadata_json
456423d0-f957-4832-b3b7-3ded58049ae9,chat_started,99,sim-u99-s3,,start session,synthetic,1,2026-03-17T06:04:46.303639+00:00,"{""channel"": ""web""}"
8a4f53f6-02aa-4143-83f0-c7c882545cdc,search_performed,99,sim-u99-s3,,ergonomic desk,synthetic,1,2026-03-17T06:07:15.303639+00:00,"{""search_query"": ""ergonomic desk""}"
53b3140d-65e5-4f9d-9450-07a86c698e84,product_clicked,99,sim-u99-s3,24,,synthetic,2,2026-03-17T06:08:47.303639+00:00,"{""category_id"": 10}"
cf9a30ad-e839-49ac-af7b-33db85ac8782,product_viewed,99,sim-u99-s3,24,,synthetic,1,2026-03-17T06:10:15.303639+00:00,"{""category_id"": 10}"
20aa9420-2e05-403d-893f-ca8356c92527,chat_message_sent,99,sim-u99-s3,24,Co goi y san pham thay the khong,synthetic,2,2026-03-17T06:11:36.303639+00:00,"{""category_id"": 10, ""intent"": ""advice""}"
1d228c4b-1db2-4559-a4ac-be759f4998e5,chat_started,59,sim-u59-s2,,start session,synthetic,1,2026-03-17T08:28:54.303639+00:00,"{""channel"": ""web""}"
94c8f2ba-176b-480f-9d9e-3b31e07a4946,search_performed,59,sim-u59-s2,,wireless mouse,synthetic,1,2026-03-17T08:31:14.303639+00:00,"{""search_query"": ""wireless mouse""}"
b89fc77b-905d-45df-8192-ed1484d6a776,product_clicked,59,sim-u59-s2,34,,synthetic,2,2026-03-17T08:33:43.303639+00:00,"{""category_id"": 15}"
91fbd508-f33b-4f4e-9a2c-839ace238fe1,product_viewed,59,sim-u59-s2,34,,synthetic,1,2026-03-17T08:34:11.303639+00:00,"{""category_id"": 15}"
b6dd51db-e3cc-4c7f-8377-bf87fe3400d7,cart_viewed,59,sim-u59-s2,,open cart,synthetic,1,2026-03-17T08:36:11.303639+00:00,{}
3e750b22-62e8-4224-b9dd-38d1360541de,cart_item_added,59,sim-u59-s2,34,,synthetic,4,2026-03-17T08:38:33.303639+00:00,"{""category_id"": 15}"
f46b21f7-cd1e-45b2-b51d-ed2d9db7a056,checkout_started,59,sim-u59-s2,,checkout,synthetic,4,2026-03-17T08:39:18.303639+00:00,{}
ffe814ed-671e-4c6c-b5c2-89ea7e8a0ba0,order_created,59,sim-u59-s2,34,,synthetic,5,2026-03-17T08:41:33.303639+00:00,"{""category_id"": 15}"
f1ba3f12-0de5-44f6-af05-64a4ee2eefd3,order_paid,59,sim-u59-s2,34,,synthetic,6,2026-03-17T08:42:14.303639+00:00,"{""category_id"": 15}"
241a53d7-df9e-4c15-b4ac-5992390dc7f8,order_completed,59,sim-u59-s2,34,,synthetic,6,2026-03-17T08:44:56.303639+00:00,"{""category_id"": 15}"
efcd073a-b42e-4f0a-a1a4-aca4c9537138,search_performed,59,sim-u59-s2,,mechanical keyboard,synthetic,1,2026-03-17T08:46:11.303639+00:00,"{""search_query"": ""mechanical keyboard""}"
ed5361ff-c9d1-4795-848a-3de7ee056366,product_clicked,59,sim-u59-s2,13,,synthetic,2,2026-03-17T08:47:04.303639+00:00,"{""category_id"": 4}"
50dff4f3-6f4d-4f5a-bff5-e1e61f43a785,product_viewed,59,sim-u59-s2,13,,synthetic,1,2026-03-17T08:48:55.303639+00:00,"{""category_id"": 4}"
9cb049ee-d8ca-479d-a5f2-85ceaaabaf7d,cart_viewed,59,sim-u59-s2,,open cart,synthetic,1,2026-03-17T08:49:38.303639+00:00,{}
1ccd5225-afb6-420f-a5bf-7f829fa2987f,cart_item_added,59,sim-u59-s2,13,,synthetic,4,2026-03-17T08:50:02.303639+00:00,"{""category_id"": 4}"
f2ae65ef-e768-48f9-a7a8-69b0c92b87e6,cart_item_quantity_updated,59,sim-u59-s2,13,,synthetic,3,2026-03-17T08:51:03.303639+00:00,"{""category_id"": 4, ""quantity"": 3}"
16190c46-f892-487c-adb8-e213d1cc1fcf,checkout_started,59,sim-u59-s2,,checkout,synthetic,4,2026-03-17T08:53:49.303639+00:00,{}
20fc9f60-58ed-4b44-b11f-f74a907124e5,order_created,59,sim-u59-s2,13,,synthetic,5,2026-03-17T08:56:38.303639+00:00,"{""category_id"": 4}"
81fe2a8b-ddee-4db7-a648-0dcc1f28367c,order_paid,59,sim-u59-s2,13,,synthetic,6,2026-03-17T08:58:54.303639+00:00,"{""category_id"": 4}"
6bcf1264-a7cb-4bbc-9bf4-e912c458acf2,order_completed,59,sim-u59-s2,13,,synthetic,6,2026-03-17T09:01:12.303639+00:00,"{""category_id"": 4}"
79886d0b-b67b-4ccd-88d3-d46f84bd4578,chat_message_sent,59,sim-u59-s2,,Co goi y san pham thay the khong,synthetic,2,2026-03-17T09:02:19.303639+00:00,"{""intent"": ""followup""}"
91ed2b50-ac63-4368-9846-f276945fa46b,chat_started,87,sim-u87-s1,,start session,synthetic,1,2026-03-17T09:51:15.303639+00:00,"{""channel"": ""web""}"
b14d9bf2-fe70-499e-8767-906065eec800,search_performed,87,sim-u87-s1,,noise cancelling headset,synthetic,1,2026-03-17T09:52:32.303639+00:00,"{""search_query"": ""noise cancelling headset""}"
2551ff89-2cdf-4085-9883-410f1e4f624e,product_clicked,87,sim-u87-s1,10,,synthetic,2,2026-03-17T09:55:19.303639+00:00,"{""category_id"": 3}"
ed8d7f0f-51ed-438f-8de3-0b413bb89067,product_viewed,87,sim-u87-s1,10,,synthetic,1,2026-03-17T09:58:12.303639+00:00,"{""category_id"": 3}"
a38b3437-794a-460f-9d0a-946da3e40545,cart_viewed,87,sim-u87-s1,,open cart,synthetic,1,2026-03-17T09:59:59.303639+00:00,{}
523b0009-f455-4a91-8ee6-0c5259f26018,cart_item_added,87,sim-u87-s1,10,,synthetic,4,2026-03-17T10:01:55.303639+00:00,"{""category_id"": 3}"
48694d13-093c-468b-810d-32f277dc02bd,checkout_started,87,sim-u87-s1,,checkout,synthetic,4,2026-03-17T10:03:52.303639+00:00,{}
276d4b98-424d-4eee-ac07-841ff0de652a,order_created,87,sim-u87-s1,10,,synthetic,5,2026-03-17T10:06:35.303639+00:00,"{""category_id"": 3}"
80e490e4-0ffc-4afa-924b-d78de0bb0656,order_cancelled,87,sim-u87-s1,10,,synthetic,-2,2026-03-17T10:08:46.303639+00:00,"{""category_id"": 3}"
f556eb3f-4e7d-494d-9e35-64a96611130f,chat_message_sent,87,sim-u87-s1,,San pham nay co uu diem gi,synthetic,2,2026-03-17T10:10:12.303639+00:00,"{""intent"": ""followup""}"
2bd02c32-4a37-4464-9cc7-eb474de2868d,chat_started,74,sim-u74-s3,,start session,synthetic,1,2026-03-17T17:40:06.303639+00:00,"{""channel"": ""web""}"
09a981e1-be02-4480-8a28-7d4269d8ef4e,search_performed,74,sim-u74-s3,,usb c hub,synthetic,1,2026-03-17T17:40:26.303639+00:00,"{""search_query"": ""usb c hub""}"
996021e8-beb3-4dc8-a363-713f779bb4c4,product_clicked,74,sim-u74-s3,30,,synthetic,2,2026-03-17T17:41:17.303639+00:00,"{""category_id"": 13}"
a7d36857-1725-4b12-a4dd-72dab19e8908,product_viewed,74,sim-u74-s3,30,,synthetic,1,2026-03-17T17:43:57.303639+00:00,"{""category_id"": 13}"
a156458c-ed9f-4222-8870-17d25bfbe9b6,cart_viewed,74,sim-u74-s3,,open cart,synthetic,1,2026-03-17T17:44:28.303639+00:00,{}
80f28458-6cfc-40c6-9343-cecd37401c18,cart_item_added,74,sim-u74-s3,30,,synthetic,4,2026-03-17T17:46:34.303639+00:00,"{""category_id"": 13}"
aeb2de45-69b3-4437-ab48-7045cfe6e636,cart_item_quantity_updated,74,sim-u74-s3,30,,synthetic,3,2026-03-17T17:49:18.303639+00:00,"{""category_id"": 13, ""quantity"": 3}"
fbd6aba0-a4ee-4079-961d-ab003a6ddb8e,checkout_started,74,sim-u74-s3,,checkout,synthetic,4,2026-03-17T17:51:04.303639+00:00,{}
34e4679d-4c20-4d37-8cc4-41844e837edb,order_created,74,sim-u74-s3,30,,synthetic,5,2026-03-17T17:53:00.303639+00:00,"{""category_id"": 13}"
077aaab6-965e-4071-be09-92fe41b2f7dc,order_paid,74,sim-u74-s3,30,,synthetic,6,2026-03-17T17:55:55.303639+00:00,"{""category_id"": 13}"
bc609e25-7198-4c23-ab87-0d12118f9bd9,order_completed,74,sim-u74-s3,30,,synthetic,6,2026-03-17T17:56:48.303639+00:00,"{""category_id"": 13}"
3ad9569d-0443-4b8f-be60-0f57e055bed6,chat_message_sent,74,sim-u74-s3,,Co goi y san pham thay the khong,synthetic,2,2026-03-17T17:59:03.303639+00:00,"{""intent"": ""followup""}"
8210007c-2f08-43e0-9ed9-23f3da077e73,chat_started,15,sim-u15-s2,,start session,synthetic,1,2026-03-17T20:30:53.303639+00:00,"{""channel"": ""web""}"
090760c0-f384-41cd-a746-b2f640a90107,search_performed,15,sim-u15-s2,,wireless mouse,synthetic,1,2026-03-17T20:32:59.303639+00:00,"{""search_query"": ""wireless mouse""}"
3784c873-35c8-40ee-8e77-e6fd1be26998,product_clicked,15,sim-u15-s2,6,,synthetic,2,2026-03-17T20:33:32.303639+00:00,"{""category_id"": 1}"
33dc8ce1-db9a-4505-8317-9e37570f7038,product_viewed,15,sim-u15-s2,6,,synthetic,1,2026-03-17T20:35:33.303639+00:00,"{""category_id"": 1}"
f30da251-1b21-4e89-a7b4-d3aa9609d1fa,cart_viewed,15,sim-u15-s2,,open cart,synthetic,1,2026-03-17T20:36:53.303639+00:00,{}
3089d5aa-fb75-464f-a7b2-c822e06a04a6,cart_item_added,15,sim-u15-s2,6,,synthetic,4,2026-03-17T20:38:51.303639+00:00,"{""category_id"": 1}"
7c298eb8-7f65-4bd8-a91f-08f877874dfb,checkout_started,15,sim-u15-s2,,checkout,synthetic,4,2026-03-17T20:39:18.303639+00:00,{}
a0963c0a-2a06-4e8e-9530-c52b9280aaf6,order_created,15,sim-u15-s2,6,,synthetic,5,2026-03-17T20:40:59.303639+00:00,"{""category_id"": 1}"
88e3f990-a812-405f-b220-eeac295dec58,order_cancelled,15,sim-u15-s2,6,,synthetic,-2,2026-03-17T20:42:44.303639+00:00,"{""category_id"": 1}"
cde3509d-b9e8-470b-aded-2e007221e2bc,search_performed,15,sim-u15-s2,,wireless mouse,synthetic,1,2026-03-17T20:44:17.303639+00:00,"{""search_query"": ""wireless mouse""}"
cd93d335-25af-44a7-b11a-f1be9ed1a3b1,product_clicked,15,sim-u15-s2,31,,synthetic,2,2026-03-17T20:46:37.303639+00:00,"{""category_id"": 13}"
5fdf54fb-8c20-4449-8e11-237d0bb242ec,product_viewed,15,sim-u15-s2,31,,synthetic,1,2026-03-17T20:47:32.303639+00:00,"{""category_id"": 13}"
48d73594-f799-44c1-8a73-8094079d7f4c,cart_viewed,15,sim-u15-s2,,open cart,synthetic,1,2026-03-17T20:49:52.303639+00:00,{}
799a0afa-eb73-44a9-913d-b1e2df1d0de3,cart_item_added,15,sim-u15-s2,31,,synthetic,4,2026-03-17T20:52:06.303639+00:00,"{""category_id"": 13}"
e06fc10c-e63d-4709-a375-7c76b45f1e36,checkout_started,15,sim-u15-s2,,checkout,synthetic,4,2026-03-17T20:52:30.303639+00:00,{}
67796e10-ce0c-42d7-acf8-c6527bc99539,order_created,15,sim-u15-s2,31,,synthetic,5,2026-03-17T20:53:55.303639+00:00,"{""category_id"": 13}"
8df2c347-f6fa-4011-8c8e-2fab1b7dcb87,order_paid,15,sim-u15-s2,31,,synthetic,6,2026-03-17T20:54:53.303639+00:00,"{""category_id"": 13}"
d701b571-e184-43b7-94f3-81fb23ae8570,order_completed,15,sim-u15-s2,31,,synthetic,6,2026-03-17T20:57:33.303639+00:00,"{""category_id"": 13}"
7323c146-1543-4a7f-828d-2922072ff2de,chat_message_sent,15,sim-u15-s2,,Co goi y san pham thay the khong,synthetic,2,2026-03-17T20:58:21.303639+00:00,"{""intent"": ""followup""}"
a19336bf-7467-4b57-9943-549d7b0d58cb,chat_started,34,sim-u34-s1,,start session,synthetic,1,2026-03-17T23:33:53.303639+00:00,"{""channel"": ""web""}"
bdbf2fd4-4477-4a5f-bef8-5918d84feea0,search_performed,34,sim-u34-s1,,wireless mouse,synthetic,1,2026-03-17T23:35:10.303639+00:00,"{""search_query"": ""wireless mouse""}"
3b2d7479-5b97-4303-9f79-d31c04bb4920,product_clicked,34,sim-u34-s1,10,,synthetic,2,2026-03-17T23:36:34.303639+00:00,"{""category_id"": 3}"
227cefdf-7514-4072-adaf-1755616e30d7,product_viewed,34,sim-u34-s1,10,,synthetic,1,2026-03-17T23:39:29.303639+00:00,"{""category_id"": 3}"
f444c7fe-f085-46bb-a290-c2778dbbbd2e,chat_message_sent,34,sim-u34-s1,10,Nen chon mau nao cho cong viec van phong,synthetic,2,2026-03-17T23:41:37.303639+00:00,"{""category_id"": 3, ""intent"": ""advice""}"
b17b3903-628e-40b9-bb85-5d4f8ffbf762,search_performed,34,sim-u34-s1,,mechanical keyboard,synthetic,1,2026-03-17T23:43:26.303639+00:00,"{""search_query"": ""mechanical keyboard""}"
e71202ed-bedf-4eba-9783-3c961b348e35,product_clicked,34,sim-u34-s1,7,,synthetic,2,2026-03-17T23:45:43.303639+00:00,"{""category_id"": 1}"
a3fafb7e-91c8-4804-abf4-318965f6eff4,product_viewed,34,sim-u34-s1,7,,synthetic,1,2026-03-17T23:47:07.303639+00:00,"{""category_id"": 1}"
cf65735b-8a79-453e-b33e-8adad2fdff81,cart_viewed,34,sim-u34-s1,,open cart,synthetic,1,2026-03-17T23:48:44.303639+00:00,{}
b44a830e-4c44-4609-bd2a-a71642701bf9,cart_item_added,34,sim-u34-s1,7,,synthetic,4,2026-03-17T23:51:17.303639+00:00,"{""category_id"": 1}"
0954f651-00d9-4bc1-83e6-2127e3eb107b,checkout_started,34,sim-u34-s1,,checkout,synthetic,4,2026-03-17T23:52:03.303639+00:00,{}
c8a040b0-7bc0-4cb5-b81d-f748d1547d7e,order_created,34,sim-u34-s1,7,,synthetic,5,2026-03-17T23:52:24.303639+00:00,"{""category_id"": 1}"
b6c5401e-6721-4b19-bc0f-aec6cb133c9e,order_paid,34,sim-u34-s1,7,,synthetic,6,2026-03-17T23:54:19.303639+00:00,"{""category_id"": 1}"
ed5bf514-c577-4a6a-b86a-afc5524a597b,order_completed,34,sim-u34-s1,7,,synthetic,6,2026-03-17T23:57:02.303639+00:00,"{""category_id"": 1}"
6e428a5c-aded-477a-99c0-78ba0cf23b63,chat_message_sent,34,sim-u34-s1,7,Nen chon mau nao cho cong viec van phong,synthetic,2,2026-03-17T23:58:38.303639+00:00,"{""category_id"": 1, ""intent"": ""advice""}"
bf6e4a1f-5230-4e11-8325-68bf31729d75,search_performed,34,sim-u34-s1,,gaming keyboard,synthetic,1,2026-03-18T00:01:01.303639+00:00,"{""search_query"": ""gaming keyboard""}"
23d80318-9eef-4453-af7f-9a7fbbfcfbf9,product_clicked,34,sim-u34-s1,14,,synthetic,2,2026-03-18T00:01:37.303639+00:00,"{""category_id"": 5}"
48dc1527-65f1-4ef5-8a88-2d929804e5bd,product_viewed,34,sim-u34-s1,14,,synthetic,1,2026-03-18T00:03:23.303639+00:00,"{""category_id"": 5}"
691583fc-3121-46de-bbcf-61db55499183,chat_message_sent,34,sim-u34-s1,14,Nen chon mau nao cho cong viec van phong,synthetic,2,2026-03-18T00:04:49.303639+00:00,"{""category_id"": 5, ""intent"": ""advice""}"
a925e8a7-e40f-4efa-a4b3-4ae3ffddec6c,chat_started,15,sim-u15-s1,,start session,synthetic,1,2026-03-18T00:35:17.303639+00:00,"{""channel"": ""web""}"
9bbd6ce3-753f-43aa-84af-654f1a06d79e,search_performed,15,sim-u15-s1,,gaming keyboard,synthetic,1,2026-03-18T00:36:18.303639+00:00,"{""search_query"": ""gaming keyboard""}"
7087333a-2c1f-40e4-b3b7-509bc26729c5,product_clicked,15,sim-u15-s1,26,,synthetic,2,2026-03-18T00:37:47.303639+00:00,"{""category_id"": 11}"
ca0ca5ed-c6aa-464c-a871-ffa80c4f13f1,product_viewed,15,sim-u15-s1,26,,synthetic,1,2026-03-18T00:40:02.303639+00:00,"{""category_id"": 11}"
39f3bd4c-6c9f-43e5-a2f8-c5916adca143,chat_message_sent,15,sim-u15-s1,26,Co goi y san pham thay the khong,synthetic,2,2026-03-18T00:40:45.303639+00:00,"{""category_id"": 11, ""intent"": ""advice""}"
d92ad1e7-75b8-4653-98dd-cf9a3c7fd7e3,chat_started,48,sim-u48-s3,,start session,synthetic,1,2026-03-18T03:41:47.303639+00:00,"{""channel"": ""web""}"
4339623f-bde8-4ad4-8c64-22d15469a29d,search_performed,48,sim-u48-s3,,laptop stand,synthetic,1,2026-03-18T03:42:17.303639+00:00,"{""search_query"": ""laptop stand""}"
6db9ecc3-af0b-467e-98a6-9a2ebab1cf7d,product_clicked,48,sim-u48-s3,26,,synthetic,2,2026-03-18T03:43:58.303639+00:00,"{""category_id"": 11}"
980eda0d-217b-4c41-a245-bffee2d6effb,product_viewed,48,sim-u48-s3,26,,synthetic,1,2026-03-18T03:46:36.303639+00:00,"{""category_id"": 11}"
51bd43d1-654e-4ff4-a84c-4ed2fb481463,cart_viewed,48,sim-u48-s3,,open cart,synthetic,1,2026-03-18T03:48:19.303639+00:00,{}
735bce99-a76a-4686-9bdd-be8b2df2d55b,cart_item_added,48,sim-u48-s3,26,,synthetic,4,2026-03-18T03:50:47.303639+00:00,"{""category_id"": 11}"
2f1c4645-4866-4b83-a777-529851dcfcb2,cart_item_removed,48,sim-u48-s3,26,,synthetic,1,2026-03-18T03:52:47.303639+00:00,"{""category_id"": 11}"
516f5a94-4d1f-46c6-a698-9f809bef6a8b,checkout_started,48,sim-u48-s3,,checkout,synthetic,4,2026-03-18T03:55:01.303639+00:00,{}
dfbcfbb2-4aef-46cf-b494-eda67c425495,order_created,48,sim-u48-s3,26,,synthetic,5,2026-03-18T03:57:53.303639+00:00,"{""category_id"": 11}"
34bf48dd-34c9-4108-929b-0eaae797fd39,order_paid,48,sim-u48-s3,26,,synthetic,6,2026-03-18T03:58:36.303639+00:00,"{""category_id"": 11}"
7bf94411-21d4-4e3f-8b46-9a9c2ab29d41,order_completed,48,sim-u48-s3,26,,synthetic,6,2026-03-18T03:59:52.303639+00:00,"{""category_id"": 11}"
07c1c73a-9aaf-4fea-9f12-d23ce79e246b,chat_message_sent,48,sim-u48-s3,26,Co goi y san pham thay the khong,synthetic,2,2026-03-18T04:00:49.303639+00:00,"{""category_id"": 11, ""intent"": ""advice""}"
346a49cb-9460-45da-ad0c-849528fce8be,chat_started,73,sim-u73-s3,,start session,synthetic,1,2026-03-18T05:56:15.303639+00:00,"{""channel"": ""web""}"
161587bf-f54f-4cdf-8dcc-a73ca57697b8,search_performed,73,sim-u73-s3,,wireless mouse,synthetic,1,2026-03-18T05:58:52.303639+00:00,"{""search_query"": ""wireless mouse""}"
f9aad0dc-5d5f-4013-998f-0ad0ffac8b90,product_clicked,73,sim-u73-s3,33,,synthetic,2,2026-03-18T06:00:37.303639+00:00,"{""category_id"": 14}"
2ee95a30-4608-414e-a131-ccc6116d0915,product_viewed,73,sim-u73-s3,33,,synthetic,1,2026-03-18T06:02:36.303639+00:00,"{""category_id"": 14}"
9a994002-231c-4ab2-af55-caa4d97eb3bc,cart_viewed,73,sim-u73-s3,,open cart,synthetic,1,2026-03-18T06:03:28.303639+00:00,{}
b52a360a-06f0-468e-9580-b464f2aabf30,cart_item_added,73,sim-u73-s3,33,,synthetic,4,2026-03-18T06:06:01.303639+00:00,"{""category_id"": 14}"
d9db4d1a-df25-41f6-be4e-19b62cfe78ff,checkout_started,73,sim-u73-s3,,checkout,synthetic,4,2026-03-18T06:06:44.303639+00:00,{}
4c1992c4-582b-43a8-b8b7-34e01f3fcd1e,order_created,73,sim-u73-s3,33,,synthetic,5,2026-03-18T06:09:14.303639+00:00,"{""category_id"": 14}"
b8a83d5f-07ff-4128-af2d-2aab70d02d1f,order_paid,73,sim-u73-s3,33,,synthetic,6,2026-03-18T06:11:47.303639+00:00,"{""category_id"": 14}"
39b134c0-bd75-4e64-8ef9-2e4a3e0c978d,order_completed,73,sim-u73-s3,33,,synthetic,6,2026-03-18T06:13:34.303639+00:00,"{""category_id"": 14}"
7104aced-213a-4496-be1f-4116e8a441d2,search_performed,73,sim-u73-s3,,wireless mouse,synthetic,1,2026-03-18T06:14:01.303639+00:00,"{""search_query"": ""wireless mouse""}"
d2dab300-f900-4284-9495-6932e3d56cc5,product_clicked,73,sim-u73-s3,30,,synthetic,2,2026-03-18T06:16:39.303639+00:00,"{""category_id"": 13}"
e4a394a3-285d-4200-a1ec-1d42e5066b2e,product_viewed,73,sim-u73-s3,30,,synthetic,1,2026-03-18T06:19:30.303639+00:00,"{""category_id"": 13}"
3ba4711d-e066-4c3f-a6c3-26d97cf3163d,cart_viewed,73,sim-u73-s3,,open cart,synthetic,1,2026-03-18T06:21:07.303639+00:00,{}
51ea551b-e35e-489d-862b-cdc4af8853fa,cart_item_added,73,sim-u73-s3,30,,synthetic,4,2026-03-18T06:23:15.303639+00:00,"{""category_id"": 13}"
eb8d4693-b07f-464c-ba95-cabc5fd2d42e,cart_item_removed,73,sim-u73-s3,30,,synthetic,1,2026-03-18T06:23:50.303639+00:00,"{""category_id"": 13}"
bcf90fab-6291-4940-a57f-63ea413cd2fd,checkout_started,73,sim-u73-s3,,checkout,synthetic,4,2026-03-18T06:25:45.303639+00:00,{}
75508494-6230-4890-beb0-573498435b5f,order_created,73,sim-u73-s3,30,,synthetic,5,2026-03-18T06:27:11.303639+00:00,"{""category_id"": 13}"
2da9511b-155a-4f1b-bcda-4ae130ac8713,order_paid,73,sim-u73-s3,30,,synthetic,6,2026-03-18T06:29:01.303639+00:00,"{""category_id"": 13}"
65016cdd-781b-4744-bd0b-a5361b1c1316,order_completed,73,sim-u73-s3,30,,synthetic,6,2026-03-18T06:29:52.303639+00:00,"{""category_id"": 13}"
f721e559-5200-49de-ae1f-5adfddd0191a,chat_message_sent,73,sim-u73-s3,30,Tu van cho toi mot san pham phu hop nhu cau,synthetic,2,2026-03-18T06:32:06.303639+00:00,"{""category_id"": 13, ""intent"": ""advice""}"
a0dbbaed-d729-426e-ae4e-16842c72fef7,chat_started,14,sim-u14-s3,,start session,synthetic,1,2026-03-18T07:01:14.303639+00:00,"{""channel"": ""web""}"
320aa93b-3945-4841-a7cf-649127219a61,search_performed,14,sim-u14-s3,,office chair,synthetic,1,2026-03-18T07:02:20.303639+00:00,"{""search_query"": ""office chair""}"
edf58b5b-f895-46ad-833e-34635af80973,product_clicked,14,sim-u14-s3,31,,synthetic,2,2026-03-18T07:05:19.303639+00:00,"{""category_id"": 13}"
819d680f-607c-4120-b745-41af7442559f,product_viewed,14,sim-u14-s3,31,,synthetic,1,2026-03-18T07:06:21.303639+00:00,"{""category_id"": 13}"
9e19f7c6-1f5d-4438-8da8-ead8ef659ebb,cart_viewed,14,sim-u14-s3,,open cart,synthetic,1,2026-03-18T07:06:52.303639+00:00,{}
2da15094-fc53-4b19-b67f-6f21a9119955,cart_item_added,14,sim-u14-s3,31,,synthetic,4,2026-03-18T07:08:57.303639+00:00,"{""category_id"": 13}"
63c9357b-0754-48e3-99a4-73a9fdc2ef39,cart_item_quantity_updated,14,sim-u14-s3,31,,synthetic,3,2026-03-18T07:10:17.303639+00:00,"{""category_id"": 13, ""quantity"": 4}"
c1022237-b8c5-4205-8086-1f3c0bef7e39,checkout_started,14,sim-u14-s3,,checkout,synthetic,4,2026-03-18T07:13:13.303639+00:00,{}
3a1c9a74-cf8f-4d88-b687-43cabdb727d5,order_created,14,sim-u14-s3,31,,synthetic,5,2026-03-18T07:14:45.303639+00:00,"{""category_id"": 13}"
187dd0f8-1043-42d8-9206-d206d8fc183f,order_paid,14,sim-u14-s3,31,,synthetic,6,2026-03-18T07:16:59.303639+00:00,"{""category_id"": 13}"
bbcf04a2-da18-4076-90ca-c7acdfdd62fd,order_completed,14,sim-u14-s3,31,,synthetic,6,2026-03-18T07:18:18.303639+00:00,"{""category_id"": 13}"
a0127baa-9212-4b74-b517-bf7e2fd0cadb,chat_message_sent,14,sim-u14-s3,31,Nen chon mau nao cho cong viec van phong,synthetic,2,2026-03-18T07:20:38.303639+00:00,"{""category_id"": 13, ""intent"": ""advice""}"
b51fe110-8a34-41f9-b12d-dd6ee9f395ed,search_performed,14,sim-u14-s3,,ergonomic desk,synthetic,1,2026-03-18T07:22:32.303639+00:00,"{""search_query"": ""ergonomic desk""}"
70709e36-7234-4418-bdc9-d8f37fd91087,product_clicked,14,sim-u14-s3,7,,synthetic,2,2026-03-18T07:25:18.303639+00:00,"{""category_id"": 1}"
d6c557a7-f62b-4b4b-a54e-9746dddabcb4,product_viewed,14,sim-u14-s3,7,,synthetic,1,2026-03-18T07:27:30.303639+00:00,"{""category_id"": 1}"
74f26837-d73b-47d2-95ec-2ccb9c6a55d2,cart_viewed,14,sim-u14-s3,,open cart,synthetic,1,2026-03-18T07:29:02.303639+00:00,{}
e0b1d88c-091b-4557-ba5f-8961bb32322f,cart_item_added,14,sim-u14-s3,7,,synthetic,4,2026-03-18T07:30:59.303639+00:00,"{""category_id"": 1}"
3d13135d-1f4e-4fc0-9a2f-f840affb41aa,cart_item_quantity_updated,14,sim-u14-s3,7,,synthetic,3,2026-03-18T07:32:00.303639+00:00,"{""category_id"": 1, ""quantity"": 3}"
51480849-9186-4471-a015-ec5162b30bdf,checkout_started,14,sim-u14-s3,,checkout,synthetic,4,2026-03-18T07:34:54.303639+00:00,{}
114489a9-f4ce-4598-b222-63baa513352e,order_created,14,sim-u14-s3,7,,synthetic,5,2026-03-18T07:35:49.303639+00:00,"{""category_id"": 1}"
c460fa29-ec9b-4724-b4b8-4ddd1bae7e7d,order_cancelled,14,sim-u14-s3,7,,synthetic,-2,2026-03-18T07:36:22.303639+00:00,"{""category_id"": 1}"
109c2e85-669e-4ca9-9986-e1af4f7a7d09,chat_message_sent,14,sim-u14-s3,7,Nen chon mau nao cho cong viec van phong,synthetic,2,2026-03-18T07:39:03.303639+00:00,"{""category_id"": 1, ""intent"": ""advice""}"
ab991c3b-2258-4e2c-9160-997b620d0ed7,chat_started,62,sim-u62-s3,,start session,synthetic,1,2026-03-18T07:41:44.303639+00:00,"{""channel"": ""web""}"
5182acd4-9b6d-4e38-9ca2-f77c4e47a49d,search_performed,62,sim-u62-s3,,monitor 27 inch,synthetic,1,2026-03-18T07:42:11.303639+00:00,"{""search_query"": ""monitor 27 inch""}"
bc46150b-397a-4e21-b06e-d5e1821a5875,product_clicked,62,sim-u62-s3,13,,synthetic,2,2026-03-18T07:43:01.303639+00:00,"{""category_id"": 4}"
2539cc17-9867-4e9c-9663-075c0a087bc4,product_viewed,62,sim-u62-s3,13,,synthetic,1,2026-03-18T07:44:17.303639+00:00,"{""category_id"": 4}"
4fd1330c-e894-4a59-98fe-044030fac463,cart_viewed,62,sim-u62-s3,,open cart,synthetic,1,2026-03-18T07:45:13.303639+00:00,{}
603d071d-e550-4466-88c7-51e4adaac4f8,cart_item_added,62,sim-u62-s3,13,,synthetic,4,2026-03-18T07:46:31.303639+00:00,"{""category_id"": 4}"
a07a093c-5b89-483d-89a2-fc6380d8a900,cart_item_quantity_updated,62,sim-u62-s3,13,,synthetic,3,2026-03-18T07:47:24.303639+00:00,"{""category_id"": 4, ""quantity"": 2}"
e3f69e5f-afb9-4593-a819-b4bb8a6c9160,checkout_started,62,sim-u62-s3,,checkout,synthetic,4,2026-03-18T07:49:32.303639+00:00,{}
9e73939b-c655-487d-8b56-d96661ad186e,order_created,62,sim-u62-s3,13,,synthetic,5,2026-03-18T07:50:20.303639+00:00,"{""category_id"": 4}"
9cb282e3-2c27-4734-bfcc-bcde34801543,order_paid,62,sim-u62-s3,13,,synthetic,6,2026-03-18T07:52:43.303639+00:00,"{""category_id"": 4}"
df30a2c4-0dfc-447b-86fb-b32498ee0580,order_completed,62,sim-u62-s3,13,,synthetic,6,2026-03-18T07:54:53.303639+00:00,"{""category_id"": 4}"
c64e2b20-b0a1-4e88-87f6-ed3493a9654f,chat_message_sent,62,sim-u62-s3,13,Tu van cho toi mot san pham phu hop nhu cau,synthetic,2,2026-03-18T07:55:21.303639+00:00,"{""category_id"": 4, ""intent"": ""advice""}"
7fe816b6-b0dc-4267-9bfb-52f3b8ec6c57,chat_started,35,sim-u35-s3,,start session,synthetic,1,2026-03-18T11:21:16.303639+00:00,"{""channel"": ""web""}"
c1672a3b-8bbb-4960-890c-489d6f072ea6,search_performed,35,sim-u35-s3,,mechanical keyboard,synthetic,1,2026-03-18T11:21:40.303639+00:00,"{""search_query"": ""mechanical keyboard""}"
f335b792-b132-4f30-8691-6a22358deda7,product_clicked,35,sim-u35-s3,6,,synthetic,2,2026-03-18T11:22:58.303639+00:00,"{""category_id"": 1}"
a01a70a2-0b8d-476f-bc95-535ba5eeeb50,product_viewed,35,sim-u35-s3,6,,synthetic,1,2026-03-18T11:24:15.303639+00:00,"{""category_id"": 1}"
63a6484b-607f-4de9-a02f-31da8f72cb52,cart_viewed,35,sim-u35-s3,,open cart,synthetic,1,2026-03-18T11:25:08.303639+00:00,{}
28bab5d0-862d-4b36-ad70-7c19cc46024c,cart_item_added,35,sim-u35-s3,6,,synthetic,4,2026-03-18T11:26:22.303639+00:00,"{""category_id"": 1}"
1dd90d82-3d12-410e-bb35-6f83f5762d32,checkout_started,35,sim-u35-s3,,checkout,synthetic,4,2026-03-18T11:27:25.303639+00:00,{}
1a666b06-6bdd-4761-a762-9a58cff0ed32,order_created,35,sim-u35-s3,6,,synthetic,5,2026-03-18T11:28:16.303639+00:00,"{""category_id"": 1}"
1fb167b5-5b5a-4ea1-b8bd-c77cbc50f203,order_paid,35,sim-u35-s3,6,,synthetic,6,2026-03-18T11:28:45.303639+00:00,"{""category_id"": 1}"
6820e629-699f-4cbf-a5f4-e9fadf2da7c8,order_completed,35,sim-u35-s3,6,,synthetic,6,2026-03-18T11:30:41.303639+00:00,"{""category_id"": 1}"
b9e31cfb-a64e-49f4-8a4e-8ccc7e88f449,chat_message_sent,35,sim-u35-s3,,Nen chon mau nao cho cong viec van phong,synthetic,2,2026-03-18T11:33:17.303639+00:00,"{""intent"": ""followup""}"
e252a19f-71d3-407a-a427-c170f6774f26,chat_started,20,sim-u20-s3,,start session,synthetic,1,2026-03-18T15:01:58.303639+00:00,"{""channel"": ""web""}"
c4f2dd6a-87eb-4f9b-9b19-00a56e3a6d2b,search_performed,20,sim-u20-s3,,laptop stand,synthetic,1,2026-03-18T15:02:52.303639+00:00,"{""search_query"": ""laptop stand""}"
0a113239-6e11-46bd-867e-b1686537e269,product_clicked,20,sim-u20-s3,33,,synthetic,2,2026-03-18T15:04:41.303639+00:00,"{""category_id"": 14}"
4e1e7200-0e43-43ca-935a-f4044246827a,product_viewed,20,sim-u20-s3,33,,synthetic,1,2026-03-18T15:05:31.303639+00:00,"{""category_id"": 14}"
d895af1b-345f-43d0-aa8c-779afac9786a,cart_viewed,20,sim-u20-s3,,open cart,synthetic,1,2026-03-18T15:08:08.303639+00:00,{}
752664bf-87be-4393-b4a6-d3f52c2c95d6,cart_item_added,20,sim-u20-s3,33,,synthetic,4,2026-03-18T15:10:08.303639+00:00,"{""category_id"": 14}"
6a202b99-490b-4590-b108-1ce50ad7d0d1,cart_item_quantity_updated,20,sim-u20-s3,33,,synthetic,3,2026-03-18T15:11:25.303639+00:00,"{""category_id"": 14, ""quantity"": 4}"
defd70a9-4859-448c-8fb2-499ce1394dc1,checkout_started,20,sim-u20-s3,,checkout,synthetic,4,2026-03-18T15:11:50.303639+00:00,{}
6b959a02-5344-4c36-8d61-be94d9840e40,order_created,20,sim-u20-s3,33,,synthetic,5,2026-03-18T15:13:26.303639+00:00,"{""category_id"": 14}"
df884b3c-9e60-4d8b-ba72-58ceb6a40377,order_paid,20,sim-u20-s3,33,,synthetic,6,2026-03-18T15:16:05.303639+00:00,"{""category_id"": 14}"
fbefa596-d891-4e37-9562-d41bf5900829,order_completed,20,sim-u20-s3,33,,synthetic,6,2026-03-18T15:18:13.303639+00:00,"{""category_id"": 14}"
813f340c-185c-4011-a200-ef1c254023ad,chat_message_sent,20,sim-u20-s3,33,San pham nay co uu diem gi,synthetic,2,2026-03-18T15:19:36.303639+00:00,"{""category_id"": 14, ""intent"": ""advice""}"
161cafc1-1928-40a4-8c0e-05cd1611b240,search_performed,20,sim-u20-s3,,noise cancelling headset,synthetic,1,2026-03-18T15:20:35.303639+00:00,"{""search_query"": ""noise cancelling headset""}"
aed8394a-59ea-416c-9ff1-c671c3ff337c,product_clicked,20,sim-u20-s3,21,,synthetic,2,2026-03-18T15:22:05.303639+00:00,"{""category_id"": 8}"
43ad99c7-5753-4c5f-8345-412bdd4ae7ce,product_viewed,20,sim-u20-s3,21,,synthetic,1,2026-03-18T15:23:13.303639+00:00,"{""category_id"": 8}"
b644d5bb-bd05-4361-92f2-fcfa842b13f1,chat_message_sent,20,sim-u20-s3,21,Tu van cho toi mot san pham phu hop nhu cau,synthetic,2,2026-03-18T15:23:41.303639+00:00,"{""category_id"": 8, ""intent"": ""advice""}"
6836f0a5-8061-46df-b62f-e6ea36acc1d8,chat_started,2,sim-u2-s2,,start session,synthetic,1,2026-03-18T17:34:49.303639+00:00,"{""channel"": ""web""}"
8018be45-0ed4-4f80-9375-44b8812e1541,search_performed,2,sim-u2-s2,,webcam full hd,synthetic,1,2026-03-18T17:35:29.303639+00:00,"{""search_query"": ""webcam full hd""}"
2225e9e7-d9c5-49f5-8747-3aa5f5442566,product_clicked,2,sim-u2-s2,7,,synthetic,2,2026-03-18T17:36:10.303639+00:00,"{""category_id"": 1}"
2e4af93e-acb2-4d09-b321-8963668c892e,product_viewed,2,sim-u2-s2,7,,synthetic,1,2026-03-18T17:38:34.303639+00:00,"{""category_id"": 1}"
a1060251-9309-4661-8ef6-2a4a85d64195,chat_message_sent,2,sim-u2-s2,,San pham nay co uu diem gi,synthetic,2,2026-03-18T17:39:26.303639+00:00,"{""intent"": ""followup""}"
1b70d121-d105-4005-8301-0202842ae04e,chat_started,79,sim-u79-s2,,start session,synthetic,1,2026-03-18T19:07:48.303639+00:00,"{""channel"": ""web""}"
0f1785d9-91d1-4b58-9ddd-8b75bee3e3fb,search_performed,79,sim-u79-s2,,laptop stand,synthetic,1,2026-03-18T19:09:10.303639+00:00,"{""search_query"": ""laptop stand""}"
33571827-e745-40fc-8535-8f33d6c16392,product_clicked,79,sim-u79-s2,8,,synthetic,2,2026-03-18T19:10:15.303639+00:00,"{""category_id"": 2}"
e8ddf336-226c-4f4a-8da1-b7aa3c891f13,product_viewed,79,sim-u79-s2,8,,synthetic,1,2026-03-18T19:11:25.303639+00:00,"{""category_id"": 2}"
2d122519-9d27-4a10-a1cc-13a7a1fa40fe,cart_viewed,79,sim-u79-s2,,open cart,synthetic,1,2026-03-18T19:12:52.303639+00:00,{}
99db33aa-41c1-4254-b4e5-158e1129aa12,cart_item_added,79,sim-u79-s2,8,,synthetic,4,2026-03-18T19:13:37.303639+00:00,"{""category_id"": 2}"
1137021e-9365-478a-9f46-40edd65dc707,cart_item_quantity_updated,79,sim-u79-s2,8,,synthetic,3,2026-03-18T19:14:32.303639+00:00,"{""category_id"": 2, ""quantity"": 4}"
0e150cdc-d50d-4da4-96d9-8df61045e21a,checkout_started,79,sim-u79-s2,,checkout,synthetic,4,2026-03-18T19:15:20.303639+00:00,{}
967bcf57-7f8f-4ca4-97a7-2cba70dfc29a,order_created,79,sim-u79-s2,8,,synthetic,5,2026-03-18T19:17:06.303639+00:00,"{""category_id"": 2}"
ed9fe9a0-92f8-41f0-8589-9d58bfb86cac,order_cancelled,79,sim-u79-s2,8,,synthetic,-2,2026-03-18T19:18:44.303639+00:00,"{""category_id"": 2}"
d42d5f5c-b2b2-429c-96ad-d9227f33e305,chat_message_sent,79,sim-u79-s2,8,Nen chon mau nao cho cong viec van phong,synthetic,2,2026-03-18T19:20:39.303639+00:00,"{""category_id"": 2, ""intent"": ""advice""}"
d9de640b-a332-4444-9969-4fd2195fd700,search_performed,79,sim-u79-s2,,office chair,synthetic,1,2026-03-18T19:23:13.303639+00:00,"{""search_query"": ""office chair""}"
02cd9a41-a92c-4d3d-b6b1-6c11fcdf37b4,product_clicked,79,sim-u79-s2,14,,synthetic,2,2026-03-18T19:26:12.303639+00:00,"{""category_id"": 5}"
c8ab3b02-41c6-4b14-9e51-662f03b487d1,product_viewed,79,sim-u79-s2,14,,synthetic,1,2026-03-18T19:28:23.303639+00:00,"{""category_id"": 5}"
67eb830a-93a8-4007-9338-8b706adf9afc,chat_message_sent,79,sim-u79-s2,14,San pham nay co uu diem gi,synthetic,2,2026-03-18T19:29:16.303639+00:00,"{""category_id"": 5, ""intent"": ""advice""}"
dae521c4-867d-4112-be85-9e9b84f36864,chat_started,50,sim-u50-s3,,start session,synthetic,1,2026-03-18T19:40:06.303639+00:00,"{""channel"": ""web""}"
3596a1d7-dae0-498b-b5bd-c694fe390309,search_performed,50,sim-u50-s3,,mechanical keyboard,synthetic,1,2026-03-18T19:41:46.303639+00:00,"{""search_query"": ""mechanical keyboard""}"
700333f2-8d8b-4268-999a-4c22bcffde0c,product_clicked,50,sim-u50-s3,16,,synthetic,2,2026-03-18T19:43:46.303639+00:00,"{""category_id"": 6}"
67529816-9b8f-438c-afca-9d2b4cbff74b,product_viewed,50,sim-u50-s3,16,,synthetic,1,2026-03-18T19:46:42.303639+00:00,"{""category_id"": 6}"
af056f1f-001a-40c6-84ca-449b76cdb86b,chat_message_sent,50,sim-u50-s3,16,Tu van cho toi mot san pham phu hop nhu cau,synthetic,2,2026-03-18T19:49:15.303639+00:00,"{""category_id"": 6, ""intent"": ""advice""}"
34f3e457-7a81-49c4-9a56-5cdf2fce5c9c,chat_started,16,sim-u16-s2,,start session,synthetic,1,2026-03-19T02:39:49.303639+00:00,"{""channel"": ""web""}"
592be0ae-a585-4d5b-9e9a-7ce5bd18d4fb,search_performed,16,sim-u16-s2,,laptop stand,synthetic,1,2026-03-19T02:42:10.303639+00:00,"{""search_query"": ""laptop stand""}"
d61690ba-3347-4fba-ae5a-22c3f0364c63,product_clicked,16,sim-u16-s2,23,,synthetic,2,2026-03-19T02:43:34.303639+00:00,"{""category_id"": 9}"
c8e64551-551a-4c27-813b-fa149c9e394c,product_viewed,16,sim-u16-s2,23,,synthetic,1,2026-03-19T02:44:03.303639+00:00,"{""category_id"": 9}"
378c9827-9bc4-4ba9-aaee-e0058362dfe3,cart_viewed,16,sim-u16-s2,,open cart,synthetic,1,2026-03-19T02:45:11.303639+00:00,{}
c9e49ad6-2d4d-4720-b786-a540c825cb56,cart_item_added,16,sim-u16-s2,23,,synthetic,4,2026-03-19T02:46:44.303639+00:00,"{""category_id"": 9}"
f837e7e0-440a-4fb9-866b-624a5f3a69c8,cart_item_quantity_updated,16,sim-u16-s2,23,,synthetic,3,2026-03-19T02:48:28.303639+00:00,"{""category_id"": 9, ""quantity"": 2}"
0f08e4a3-6337-4761-a469-84030b2619cc,checkout_started,16,sim-u16-s2,,checkout,synthetic,4,2026-03-19T02:50:22.303639+00:00,{}
c154d342-243b-4013-880c-755bbea2fcb4,order_created,16,sim-u16-s2,23,,synthetic,5,2026-03-19T02:52:33.303639+00:00,"{""category_id"": 9}"
77bf2b15-a621-4089-a12b-fa893f51ce0c,order_cancelled,16,sim-u16-s2,23,,synthetic,-2,2026-03-19T02:54:45.303639+00:00,"{""category_id"": 9}"
c5d6e6e8-1a25-407a-bdbd-f69938ccaebb,search_performed,16,sim-u16-s2,,noise cancelling headset,synthetic,1,2026-03-19T02:55:52.303639+00:00,"{""search_query"": ""noise cancelling headset""}"
f9c920a3-2ec6-4b7f-b1ac-d3d3ee0bb1e5,product_clicked,16,sim-u16-s2,23,,synthetic,2,2026-03-19T02:58:19.303639+00:00,"{""category_id"": 9}"
f84c69e4-02db-44d7-87c1-114f903c261e,product_viewed,16,sim-u16-s2,23,,synthetic,1,2026-03-19T03:00:46.303639+00:00,"{""category_id"": 9}"
21e9c66b-71f6-4092-804a-79e7d6b84ec8,cart_viewed,16,sim-u16-s2,,open cart,synthetic,1,2026-03-19T03:03:18.303639+00:00,{}
7209a23b-44c6-480f-98be-f4aa29aec6b6,cart_item_added,16,sim-u16-s2,23,,synthetic,4,2026-03-19T03:04:46.303639+00:00,"{""category_id"": 9}"
f5bec2ec-8b7e-4869-8f9e-c60437f6cc08,checkout_started,16,sim-u16-s2,,checkout,synthetic,4,2026-03-19T03:05:26.303639+00:00,{}
ad181380-a529-42dc-abf3-bcbb9048b114,order_created,16,sim-u16-s2,23,,synthetic,5,2026-03-19T03:07:36.303639+00:00,"{""category_id"": 9}"
af91022c-7139-47aa-8e68-3a12c86caf0c,order_paid,16,sim-u16-s2,23,,synthetic,6,2026-03-19T03:08:42.303639+00:00,"{""category_id"": 9}"
824da4e7-deab-42dc-b7d3-66fe8ed34433,order_completed,16,sim-u16-s2,23,,synthetic,6,2026-03-19T03:11:21.303639+00:00,"{""category_id"": 9}"
9cd35532-b2d6-4717-ab88-63b85ade50ed,chat_message_sent,16,sim-u16-s2,23,Tu van cho toi mot san pham phu hop nhu cau,synthetic,2,2026-03-19T03:12:01.303639+00:00,"{""category_id"": 9, ""intent"": ""advice""}"
340e0cf1-63e9-49c7-8035-ad277f9df205,search_performed,16,sim-u16-s2,,monitor 27 inch,synthetic,1,2026-03-19T03:13:39.303639+00:00,"{""search_query"": ""monitor 27 inch""}"
278d1d1c-7a00-4390-80df-f1ad2618019b,product_clicked,16,sim-u16-s2,25,,synthetic,2,2026-03-19T03:15:53.303639+00:00,"{""category_id"": 10}"
96cd3fa3-afdb-47f5-ab49-12d3218b1687,product_viewed,16,sim-u16-s2,25,,synthetic,1,2026-03-19T03:18:47.303639+00:00,"{""category_id"": 10}"
54182c65-fdac-4061-9d4a-3d5ec6a9eb36,cart_viewed,16,sim-u16-s2,,open cart,synthetic,1,2026-03-19T03:19:49.303639+00:00,{}
d028e807-13e6-419c-8fb7-cbc4c9eaf689,cart_item_added,16,sim-u16-s2,25,,synthetic,4,2026-03-19T03:22:02.303639+00:00,"{""category_id"": 10}"
d4d82cc2-8c22-43be-979d-738163f3930f,cart_item_quantity_updated,16,sim-u16-s2,25,,synthetic,3,2026-03-19T03:23:52.303639+00:00,"{""category_id"": 10, ""quantity"": 2}"
1f395e05-0ed2-4f0d-98b7-393d8fa16f6d,checkout_started,16,sim-u16-s2,,checkout,synthetic,4,2026-03-19T03:26:03.303639+00:00,{}
d3558918-d508-4fcd-a4ab-1c1c14cb8ca9,order_created,16,sim-u16-s2,25,,synthetic,5,2026-03-19T03:27:33.303639+00:00,"{""category_id"": 10}"
e1a7aa54-dd18-49dd-984a-cb34331f76a4,order_paid,16,sim-u16-s2,25,,synthetic,6,2026-03-19T03:28:07.303639+00:00,"{""category_id"": 10}"
14d5d589-5fc5-4ac9-8c8c-d54d661ee7e3,order_completed,16,sim-u16-s2,25,,synthetic,6,2026-03-19T03:28:46.303639+00:00,"{""category_id"": 10}"
066ff23c-5ccf-4356-85f9-0a7df6c012d0,chat_message_sent,16,sim-u16-s2,25,Co goi y san pham thay the khong,synthetic,2,2026-03-19T03:30:39.303639+00:00,"{""category_id"": 10, ""intent"": ""advice""}"
1bc7fd9d-aaf0-4e90-8870-536a33d5629a,chat_started,88,sim-u88-s1,,start session,synthetic,1,2026-03-19T08:29:15.303639+00:00,"{""channel"": ""web""}"
d0589202-c127-4a85-9f3a-538ab8de9570,search_performed,88,sim-u88-s1,,mechanical keyboard,synthetic,1,2026-03-19T08:29:50.303639+00:00,"{""search_query"": ""mechanical keyboard""}"
4228aff7-4485-44d7-a4e0-1847c1a15903,product_clicked,88,sim-u88-s1,26,,synthetic,2,2026-03-19T08:31:35.303639+00:00,"{""category_id"": 11}"
25c20bcb-ad4d-47e8-bd34-0fdfc7f20d98,product_viewed,88,sim-u88-s1,26,,synthetic,1,2026-03-19T08:32:34.303639+00:00,"{""category_id"": 11}"
035b1eaf-a64c-49dc-99a4-e6327bd9838f,chat_message_sent,88,sim-u88-s1,26,San pham nay co uu diem gi,synthetic,2,2026-03-19T08:33:07.303639+00:00,"{""category_id"": 11, ""intent"": ""advice""}"
5695dc03-8b55-47be-bed3-ced37655e63b,search_performed,88,sim-u88-s1,,office chair,synthetic,1,2026-03-19T08:35:31.303639+00:00,"{""search_query"": ""office chair""}"
6e6bee73-0eda-43bf-a281-119433e26f46,product_clicked,88,sim-u88-s1,6,,synthetic,2,2026-03-19T08:37:31.303639+00:00,"{""category_id"": 1}"
42d31be5-f03e-417f-aadf-dc79191e8b51,product_viewed,88,sim-u88-s1,6,,synthetic,1,2026-03-19T08:39:07.303639+00:00,"{""category_id"": 1}"
13d79a30-377f-47b0-b413-3ce6c224155c,chat_message_sent,88,sim-u88-s1,6,San pham nay co uu diem gi,synthetic,2,2026-03-19T08:39:32.303639+00:00,"{""category_id"": 1, ""intent"": ""advice""}"
5a5e6258-3ccd-4ac5-a982-0ff6fdd392f8,chat_started,11,sim-u11-s2,,start session,synthetic,1,2026-03-19T09:02:50.303639+00:00,"{""channel"": ""web""}"
d13313f4-2e00-46d8-a281-9119e365ab7f,search_performed,11,sim-u11-s2,,monitor 27 inch,synthetic,1,2026-03-19T09:05:27.303639+00:00,"{""search_query"": ""monitor 27 inch""}"
d211bf7d-9fe9-4b21-a746-1cd3a61692b3,product_clicked,11,sim-u11-s2,35,,synthetic,2,2026-03-19T09:06:18.303639+00:00,"{""category_id"": 15}"
c72d92db-3cb2-40a0-a8c3-0050c3bb04d7,product_viewed,11,sim-u11-s2,35,,synthetic,1,2026-03-19T09:08:34.303639+00:00,"{""category_id"": 15}"
b913e82b-1de1-44df-a992-37a9f67cc483,cart_viewed,11,sim-u11-s2,,open cart,synthetic,1,2026-03-19T09:10:01.303639+00:00,{}
aa90cae1-220a-4d21-9f03-93ba5714ca78,cart_item_added,11,sim-u11-s2,35,,synthetic,4,2026-03-19T09:12:50.303639+00:00,"{""category_id"": 15}"
e60e9848-55da-492f-b966-4517e0a7657e,cart_item_quantity_updated,11,sim-u11-s2,35,,synthetic,3,2026-03-19T09:14:45.303639+00:00,"{""category_id"": 15, ""quantity"": 4}"
17710931-9bce-4200-96b4-42d8ece98839,cart_item_removed,11,sim-u11-s2,35,,synthetic,1,2026-03-19T09:16:04.303639+00:00,"{""category_id"": 15}"
37bdcd9c-c32d-4a2d-8fe3-867ca166ff8a,checkout_started,11,sim-u11-s2,,checkout,synthetic,4,2026-03-19T09:18:24.303639+00:00,{}
66926061-f71e-44ec-a100-a5272cd91bce,order_created,11,sim-u11-s2,35,,synthetic,5,2026-03-19T09:18:50.303639+00:00,"{""category_id"": 15}"
8ee67adc-9fd1-42dc-b4f1-b2bddc665940,order_paid,11,sim-u11-s2,35,,synthetic,6,2026-03-19T09:21:33.303639+00:00,"{""category_id"": 15}"
738f562d-adaa-45ba-87bf-a92ffdbcbe7f,order_completed,11,sim-u11-s2,35,,synthetic,6,2026-03-19T09:23:16.303639+00:00,"{""category_id"": 15}"
b7e81771-254b-4e5d-ad45-27abe1411553,search_performed,11,sim-u11-s2,,gaming keyboard,synthetic,1,2026-03-19T09:25:34.303639+00:00,"{""search_query"": ""gaming keyboard""}"
33be5be3-18ef-41b4-9970-9717ac0845a6,product_clicked,11,sim-u11-s2,28,,synthetic,2,2026-03-19T09:27:11.303639+00:00,"{""category_id"": 12}"
89045b6f-9c79-4a24-b087-ef756e1e4fa7,product_viewed,11,sim-u11-s2,28,,synthetic,1,2026-03-19T09:29:15.303639+00:00,"{""category_id"": 12}"
8ae8ba53-be53-41b8-9809-586cb0937269,cart_viewed,11,sim-u11-s2,,open cart,synthetic,1,2026-03-19T09:29:46.303639+00:00,{}
93d16fa9-9106-4314-8865-79fbcdf94683,cart_item_added,11,sim-u11-s2,28,,synthetic,4,2026-03-19T09:30:15.303639+00:00,"{""category_id"": 12}"
d1741b20-56ec-4f18-85fb-11e06e8238d6,cart_item_quantity_updated,11,sim-u11-s2,28,,synthetic,3,2026-03-19T09:31:04.303639+00:00,"{""category_id"": 12, ""quantity"": 3}"
823c4bb8-d480-421d-b292-b3120cc073fd,cart_item_removed,11,sim-u11-s2,28,,synthetic,1,2026-03-19T09:33:41.303639+00:00,"{""category_id"": 12}"
210deb0a-0940-4e8a-be05-7f726fdc6c63,checkout_started,11,sim-u11-s2,,checkout,synthetic,4,2026-03-19T09:34:35.303639+00:00,{}
ac057dbd-3763-4c5d-b968-08d6ba768dce,order_created,11,sim-u11-s2,28,,synthetic,5,2026-03-19T09:36:34.303639+00:00,"{""category_id"": 12}"
dfe0b6d0-d944-4429-aa60-1711886f25c2,order_paid,11,sim-u11-s2,28,,synthetic,6,2026-03-19T09:39:12.303639+00:00,"{""category_id"": 12}"
abd80da7-3be6-4a9b-b0e1-a8c7ff74026e,order_completed,11,sim-u11-s2,28,,synthetic,6,2026-03-19T09:41:19.303639+00:00,"{""category_id"": 12}"
a182e75e-2ae4-46c6-872a-4e2420cb7bbc,chat_message_sent,11,sim-u11-s2,28,San pham nay co uu diem gi,synthetic,2,2026-03-19T09:43:25.303639+00:00,"{""category_id"": 12, ""intent"": ""advice""}"
49d21e3b-20de-48f2-9b29-fa5772642e51,chat_started,37,sim-u37-s2,,start session,synthetic,1,2026-03-19T12:35:52.303639+00:00,"{""channel"": ""web""}"
1092857d-ea50-4f2c-a776-472f4388ddf6,search_performed,37,sim-u37-s2,,usb c hub,synthetic,1,2026-03-19T12:37:45.303639+00:00,"{""search_query"": ""usb c hub""}"
68b4ba99-2e7f-47b6-ab21-00e24d481151,product_clicked,37,sim-u37-s2,16,,synthetic,2,2026-03-19T12:40:00.303639+00:00,"{""category_id"": 6}"
9573a318-c0a1-4987-996c-336c879e504d,product_viewed,37,sim-u37-s2,16,,synthetic,1,2026-03-19T12:40:49.303639+00:00,"{""category_id"": 6}"
e9dd82af-e34f-4099-bb62-ade452cf4874,cart_viewed,37,sim-u37-s2,,open cart,synthetic,1,2026-03-19T12:42:05.303639+00:00,{}
adb10958-e27b-420f-8b56-89f283fcc563,cart_item_added,37,sim-u37-s2,16,,synthetic,4,2026-03-19T12:42:25.303639+00:00,"{""category_id"": 6}"
e06ced17-4d51-414c-8604-2e94d445d27d,cart_item_quantity_updated,37,sim-u37-s2,16,,synthetic,3,2026-03-19T12:43:59.303639+00:00,"{""category_id"": 6, ""quantity"": 4}"
57a80d4c-dfb3-4ebd-a93d-6fc2efeb20d5,checkout_started,37,sim-u37-s2,,checkout,synthetic,4,2026-03-19T12:45:54.303639+00:00,{}
ffaa4622-e23b-404d-800c-bcd2dddb39f3,order_created,37,sim-u37-s2,16,,synthetic,5,2026-03-19T12:46:41.303639+00:00,"{""category_id"": 6}"
3018b7fa-6478-4864-9fff-73c11421ec6f,order_paid,37,sim-u37-s2,16,,synthetic,6,2026-03-19T12:47:43.303639+00:00,"{""category_id"": 6}"
f131bc41-7bce-4d4b-8e0a-62e0b34e44bf,order_completed,37,sim-u37-s2,16,,synthetic,6,2026-03-19T12:50:09.303639+00:00,"{""category_id"": 6}"
638ddefa-2976-4d5a-9e19-bde5f7dc2b4f,chat_message_sent,37,sim-u37-s2,16,Co goi y san pham thay the khong,synthetic,2,2026-03-19T12:50:56.303639+00:00,"{""category_id"": 6, ""intent"": ""advice""}"
a32f0c2e-014b-4e47-a9a7-f8841635d94d,search_performed,37,sim-u37-s2,,webcam full hd,synthetic,1,2026-03-19T12:52:06.303639+00:00,"{""search_query"": ""webcam full hd""}"
c1f0d75b-bc75-4f47-a60d-d4db9b2567a4,product_clicked,37,sim-u37-s2,27,,synthetic,2,2026-03-19T12:53:14.303639+00:00,"{""category_id"": 11}"
17af3cf2-8adc-440a-bfa0-4a626eab8216,product_viewed,37,sim-u37-s2,27,,synthetic,1,2026-03-19T12:54:04.303639+00:00,"{""category_id"": 11}"
f47f8f98-9b3b-4ff1-9412-cd499304bcda,chat_message_sent,37,sim-u37-s2,27,Co goi y san pham thay the khong,synthetic,2,2026-03-19T12:55:12.303639+00:00,"{""category_id"": 11, ""intent"": ""advice""}"
8ccad56e-9370-41fe-8bae-f1bac107c251,search_performed,37,sim-u37-s2,,noise cancelling headset,synthetic,1,2026-03-19T12:55:59.303639+00:00,"{""search_query"": ""noise cancelling headset""}"
5fd2bd83-802e-4202-a5e0-29161a647500,product_clicked,37,sim-u37-s2,13,,synthetic,2,2026-03-19T12:58:05.303639+00:00,"{""category_id"": 4}"
68eea7c0-f391-42ca-98cb-e3ab5e66db1c,product_viewed,37,sim-u37-s2,13,,synthetic,1,2026-03-19T12:58:36.303639+00:00,"{""category_id"": 4}"
8a829b28-38b9-41ba-84f3-112852f0c26d,chat_started,44,sim-u44-s1,,start session,synthetic,1,2026-03-19T14:25:28.303639+00:00,"{""channel"": ""web""}"
df73739a-3e8a-4e2b-a97c-9f13f3e1d9b9,search_performed,44,sim-u44-s1,,office chair,synthetic,1,2026-03-19T14:28:15.303639+00:00,"{""search_query"": ""office chair""}"
49fe484f-1b6f-41ab-9037-0c7b7c76fd7c,product_clicked,44,sim-u44-s1,17,,synthetic,2,2026-03-19T14:29:33.303639+00:00,"{""category_id"": 6}"
031e37c1-c1e5-4efe-8c69-e38047c3eb9a,product_viewed,44,sim-u44-s1,17,,synthetic,1,2026-03-19T14:30:18.303639+00:00,"{""category_id"": 6}"
d9def15f-ea01-4252-9335-9e5274e28cc7,cart_viewed,44,sim-u44-s1,,open cart,synthetic,1,2026-03-19T14:31:38.303639+00:00,{}
82b559bb-75a9-4dac-b7bf-e731557ecb9f,cart_item_added,44,sim-u44-s1,17,,synthetic,4,2026-03-19T14:34:20.303639+00:00,"{""category_id"": 6}"
f0aad03b-79c7-4e08-aceb-b35911058a98,cart_item_quantity_updated,44,sim-u44-s1,17,,synthetic,3,2026-03-19T14:35:30.303639+00:00,"{""category_id"": 6, ""quantity"": 3}"
dd1f04dd-5f00-4eb3-bec5-cdb5736afc25,cart_item_removed,44,sim-u44-s1,17,,synthetic,1,2026-03-19T14:36:28.303639+00:00,"{""category_id"": 6}"
2a7635a5-3ba5-4a2c-98f9-935e42938ddb,checkout_started,44,sim-u44-s1,,checkout,synthetic,4,2026-03-19T14:38:49.303639+00:00,{}
896818c4-292e-48c3-a585-d8e427b47d29,order_created,44,sim-u44-s1,17,,synthetic,5,2026-03-19T14:39:11.303639+00:00,"{""category_id"": 6}"
ed83075a-1781-40ea-92c9-ff10488c8483,order_paid,44,sim-u44-s1,17,,synthetic,6,2026-03-19T14:41:38.303639+00:00,"{""category_id"": 6}"
d4b28c39-ec70-469c-9190-77b179884bbe,order_completed,44,sim-u44-s1,17,,synthetic,6,2026-03-19T14:42:32.303639+00:00,"{""category_id"": 6}"
55c10e48-f794-4c2d-bb92-d9baa659ac0c,chat_message_sent,44,sim-u44-s1,,Nen chon mau nao cho cong viec van phong,synthetic,2,2026-03-19T14:44:56.303639+00:00,"{""intent"": ""followup""}"
903b31a3-6b09-42f6-85c7-deca36121b8b,chat_started,10,sim-u10-s1,,start session,synthetic,1,2026-03-19T16:53:12.303639+00:00,"{""channel"": ""web""}"
56cf8852-29e9-4b4d-ae3e-b67bd591349e,search_performed,10,sim-u10-s1,,usb c hub,synthetic,1,2026-03-19T16:55:50.303639+00:00,"{""search_query"": ""usb c hub""}"
91b333f1-a025-4402-943d-4f7032305f1d,product_clicked,10,sim-u10-s1,25,,synthetic,2,2026-03-19T16:56:19.303639+00:00,"{""category_id"": 10}"
09da230e-4677-4705-aa00-c19eae895e3e,product_viewed,10,sim-u10-s1,25,,synthetic,1,2026-03-19T16:59:17.303639+00:00,"{""category_id"": 10}"
a31c4b00-e459-44e4-ba57-fb84409dfc15,cart_viewed,10,sim-u10-s1,,open cart,synthetic,1,2026-03-19T17:00:50.303639+00:00,{}
5ab68237-b2f7-4fe4-890b-fe132299b77a,cart_item_added,10,sim-u10-s1,25,,synthetic,4,2026-03-19T17:02:08.303639+00:00,"{""category_id"": 10}"
706a6889-d39b-4be5-9d31-56dc43d8edb2,checkout_started,10,sim-u10-s1,,checkout,synthetic,4,2026-03-19T17:02:53.303639+00:00,{}
554ebecd-5f8f-42ff-b391-73c6cac1b10a,order_created,10,sim-u10-s1,25,,synthetic,5,2026-03-19T17:03:38.303639+00:00,"{""category_id"": 10}"
845df699-5e6e-41d1-b9d4-f49432a411c9,order_paid,10,sim-u10-s1,25,,synthetic,6,2026-03-19T17:05:14.303639+00:00,"{""category_id"": 10}"
d92044dd-b909-4e13-ad98-3b8dad2214b3,order_completed,10,sim-u10-s1,25,,synthetic,6,2026-03-19T17:05:41.303639+00:00,"{""category_id"": 10}"
58b0bc07-2827-4754-8188-36c605fd2626,chat_message_sent,10,sim-u10-s1,25,Tu van cho toi mot san pham phu hop nhu cau,synthetic,2,2026-03-19T17:07:16.303639+00:00,"{""category_id"": 10, ""intent"": ""advice""}"
1f50ba5e-89f2-49a3-bbdc-0d693736d697,search_performed,10,sim-u10-s1,,noise cancelling headset,synthetic,1,2026-03-19T17:09:26.303639+00:00,"{""search_query"": ""noise cancelling headset""}"
9bb89744-71f0-4a2e-a559-6f351bb7184e,product_clicked,10,sim-u10-s1,24,,synthetic,2,2026-03-19T17:10:23.303639+00:00,"{""category_id"": 10}"
965e207f-5c7b-4720-8b06-11014a5d1a21,product_viewed,10,sim-u10-s1,24,,synthetic,1,2026-03-19T17:11:45.303639+00:00,"{""category_id"": 10}"
f4d3f33e-c235-4f27-b2a8-db2070d18358,cart_viewed,10,sim-u10-s1,,open cart,synthetic,1,2026-03-19T17:14:29.303639+00:00,{}
8da1b3c4-e37f-4acd-85f3-2105190db5e3,cart_item_added,10,sim-u10-s1,24,,synthetic,4,2026-03-19T17:15:35.303639+00:00,"{""category_id"": 10}"
42e7ca21-3467-498e-b3e6-1b51c2f8d4d3,cart_item_quantity_updated,10,sim-u10-s1,24,,synthetic,3,2026-03-19T17:18:31.303639+00:00,"{""category_id"": 10, ""quantity"": 2}"
a7479f9e-7b65-446a-9528-61b2ddaf6a65,checkout_started,10,sim-u10-s1,,checkout,synthetic,4,2026-03-19T17:21:29.303639+00:00,{}
54644396-9147-4ff6-a45e-c3ab7776c179,order_created,10,sim-u10-s1,24,,synthetic,5,2026-03-19T17:22:50.303639+00:00,"{""category_id"": 10}"
909d7e6c-7a29-4123-8992-9b71258c5b20,order_paid,10,sim-u10-s1,24,,synthetic,6,2026-03-19T17:25:39.303639+00:00,"{""category_id"": 10}"
ba32f892-60c3-4dbc-9cc1-5c7ea521b36c,order_completed,10,sim-u10-s1,24,,synthetic,6,2026-03-19T17:26:35.303639+00:00,"{""category_id"": 10}"
ce928292-5f09-4b67-b4db-f096dd5e723e,chat_message_sent,10,sim-u10-s1,24,Nen chon mau nao cho cong viec van phong,synthetic,2,2026-03-19T17:28:52.303639+00:00,"{""category_id"": 10, ""intent"": ""advice""}"
87fdb8ed-1cba-4c7a-9e87-7655e305db7c,chat_started,90,sim-u90-s2,,start session,synthetic,1,2026-03-19T18:27:24.303639+00:00,"{""channel"": ""web""}"
61d638e1-bc6a-418e-9c1e-4622cae4a22d,search_performed,90,sim-u90-s2,,wireless mouse,synthetic,1,2026-03-19T18:28:27.303639+00:00,"{""search_query"": ""wireless mouse""}"
c43f7156-ec43-4e9f-8655-9b5df7ec3d3d,product_clicked,90,sim-u90-s2,32,,synthetic,2,2026-03-19T18:30:08.303639+00:00,"{""category_id"": 14}"
317586c3-b866-464e-a1dc-4a17285fda4c,product_viewed,90,sim-u90-s2,32,,synthetic,1,2026-03-19T18:32:07.303639+00:00,"{""category_id"": 14}"
61fb9138-7384-4121-8094-c4af5cc2a06c,cart_viewed,90,sim-u90-s2,,open cart,synthetic,1,2026-03-19T18:34:43.303639+00:00,{}
53b93fe8-6876-47f0-b738-4ccde58542d7,cart_item_added,90,sim-u90-s2,32,,synthetic,4,2026-03-19T18:37:24.303639+00:00,"{""category_id"": 14}"
8c4b78d9-b566-4a35-a130-fca2af796fc0,cart_item_quantity_updated,90,sim-u90-s2,32,,synthetic,3,2026-03-19T18:39:46.303639+00:00,"{""category_id"": 14, ""quantity"": 3}"
9b4a368b-3a48-4df2-8db4-c8341f87b1de,checkout_started,90,sim-u90-s2,,checkout,synthetic,4,2026-03-19T18:41:12.303639+00:00,{}
ef23a7a5-82f9-4176-8303-dbf5a9e2a381,order_created,90,sim-u90-s2,32,,synthetic,5,2026-03-19T18:41:34.303639+00:00,"{""category_id"": 14}"
a9b51981-13d3-4b7c-a045-8ce3d386ccb4,order_paid,90,sim-u90-s2,32,,synthetic,6,2026-03-19T18:42:33.303639+00:00,"{""category_id"": 14}"
1a304fb6-5518-4af0-81dc-71195a8f141e,order_completed,90,sim-u90-s2,32,,synthetic,6,2026-03-19T18:43:25.303639+00:00,"{""category_id"": 14}"
4b6759d2-5091-4439-bcbb-438955ee971e,chat_message_sent,90,sim-u90-s2,32,Nen chon mau nao cho cong viec van phong,synthetic,2,2026-03-19T18:43:58.303639+00:00,"{""category_id"": 14, ""intent"": ""advice""}"
441b2cba-d1b0-4245-9a3f-e26c40e72108,search_performed,90,sim-u90-s2,,noise cancelling headset,synthetic,1,2026-03-19T18:45:21.303639+00:00,"{""search_query"": ""noise cancelling headset""}"
b81612e7-811a-4206-b3b3-d27ba54d73bd,product_clicked,90,sim-u90-s2,6,,synthetic,2,2026-03-19T18:48:16.303639+00:00,"{""category_id"": 1}"
4f3b1adb-f9f4-4d1c-bc30-aeadc368bd47,product_viewed,90,sim-u90-s2,6,,synthetic,1,2026-03-19T18:50:23.303639+00:00,"{""category_id"": 1}"
d98bafdd-4305-491b-a66a-bb772ef9b38d,cart_viewed,90,sim-u90-s2,,open cart,synthetic,1,2026-03-19T18:51:29.303639+00:00,{}
2781cac6-6c45-4536-a965-5567a24fb1f8,cart_item_added,90,sim-u90-s2,6,,synthetic,4,2026-03-19T18:53:41.303639+00:00,"{""category_id"": 1}"
1efc43df-6246-4929-b7ed-e061b5b21730,checkout_started,90,sim-u90-s2,,checkout,synthetic,4,2026-03-19T18:56:09.303639+00:00,{}
4b5dcd5f-f5a1-4561-90bb-3ea2e4c45dac,order_created,90,sim-u90-s2,6,,synthetic,5,2026-03-19T18:57:42.303639+00:00,"{""category_id"": 1}"
2c26d5a7-5f6f-4a6b-83be-3ffe7652a07f,order_paid,90,sim-u90-s2,6,,synthetic,6,2026-03-19T18:59:51.303639+00:00,"{""category_id"": 1}"
e756074e-eb6f-4273-801d-da427b1998d2,chat_started,67,sim-u67-s3,,start session,synthetic,1,2026-03-19T19:00:38.303639+00:00,"{""channel"": ""web""}"
74cf34a6-b2dc-489d-8033-f27a7a9152e4,search_performed,67,sim-u67-s3,,mechanical keyboard,synthetic,1,2026-03-19T19:01:50.303639+00:00,"{""search_query"": ""mechanical keyboard""}"
666ff357-6ae4-4ac4-8bb5-e904a4199887,order_completed,90,sim-u90-s2,6,,synthetic,6,2026-03-19T19:02:24.303639+00:00,"{""category_id"": 1}"
ef8a9833-10c1-4947-a7ed-3b201113bd9f,search_performed,90,sim-u90-s2,,ergonomic desk,synthetic,1,2026-03-19T19:04:02.303639+00:00,"{""search_query"": ""ergonomic desk""}"
114e8384-1a1a-4e1b-857c-e350770d62fc,product_clicked,67,sim-u67-s3,31,,synthetic,2,2026-03-19T19:04:43.303639+00:00,"{""category_id"": 13}"
97791075-e241-4420-895d-b8570086756e,product_clicked,90,sim-u90-s2,7,,synthetic,2,2026-03-19T19:04:44.303639+00:00,"{""category_id"": 1}"
a3a0c98e-9f1b-4299-ba2b-b618bb17421a,product_viewed,67,sim-u67-s3,31,,synthetic,1,2026-03-19T19:05:58.303639+00:00,"{""category_id"": 13}"
e07a40b0-53ab-46b2-9409-4368cc0de66e,product_viewed,90,sim-u90-s2,7,,synthetic,1,2026-03-19T19:06:22.303639+00:00,"{""category_id"": 1}"
30eb2039-4ed9-479f-9f82-5e0a50e99911,cart_viewed,90,sim-u90-s2,,open cart,synthetic,1,2026-03-19T19:08:02.303639+00:00,{}
a2c68467-1213-49bc-988b-072ce37b0ac4,chat_message_sent,67,sim-u67-s3,31,San pham nay co uu diem gi,synthetic,2,2026-03-19T19:08:05.303639+00:00,"{""category_id"": 13, ""intent"": ""advice""}"
b3fb912f-77c2-4802-91fe-c04bcfe74015,cart_item_added,90,sim-u90-s2,7,,synthetic,4,2026-03-19T19:08:45.303639+00:00,"{""category_id"": 1}"
6458e427-29b3-4744-ac3b-4066e83c5d15,search_performed,67,sim-u67-s3,,mechanical keyboard,synthetic,1,2026-03-19T19:09:02.303639+00:00,"{""search_query"": ""mechanical keyboard""}"
4a8680ac-2953-4032-a87e-ec8db3630495,product_clicked,67,sim-u67-s3,30,,synthetic,2,2026-03-19T19:09:29.303639+00:00,"{""category_id"": 13}"
06ded89f-25b2-43e6-9547-56b92b4308ad,cart_item_removed,90,sim-u90-s2,7,,synthetic,1,2026-03-19T19:10:06.303639+00:00,"{""category_id"": 1}"
f0ebb08d-c9d7-4b63-ab9c-3d13c7f20576,checkout_started,90,sim-u90-s2,,checkout,synthetic,4,2026-03-19T19:10:49.303639+00:00,{}
abefac4a-6085-4e52-8f00-f284cf082e5f,product_viewed,67,sim-u67-s3,30,,synthetic,1,2026-03-19T19:11:03.303639+00:00,"{""category_id"": 13}"
ace006fc-cb98-4ea1-a34b-f7dfad834671,order_created,90,sim-u90-s2,7,,synthetic,5,2026-03-19T19:11:51.303639+00:00,"{""category_id"": 1}"
3a8d975d-1c85-4b80-adfe-a2aa75acad4f,chat_message_sent,67,sim-u67-s3,30,Co goi y san pham thay the khong,synthetic,2,2026-03-19T19:12:26.303639+00:00,"{""category_id"": 13, ""intent"": ""advice""}"
08069ef1-bc9b-4227-ad13-16b7ceb5b867,order_paid,90,sim-u90-s2,7,,synthetic,6,2026-03-19T19:12:32.303639+00:00,"{""category_id"": 1}"
6dfc3956-5424-4d4e-90b5-430fdfff5826,order_completed,90,sim-u90-s2,7,,synthetic,6,2026-03-19T19:14:05.303639+00:00,"{""category_id"": 1}"
cb257c1a-e1c5-400e-b28b-6cde4c37f435,chat_message_sent,90,sim-u90-s2,7,Co goi y san pham thay the khong,synthetic,2,2026-03-19T19:14:27.303639+00:00,"{""category_id"": 1, ""intent"": ""advice""}"
355685dd-475a-4e82-814d-1a7241fc423a,chat_started,7,sim-u7-s2,,start session,synthetic,1,2026-03-19T19:41:19.303639+00:00,"{""channel"": ""web""}"
2f93a5f1-5a0c-4b5e-9897-e7e308922755,search_performed,7,sim-u7-s2,,usb c hub,synthetic,1,2026-03-19T19:42:41.303639+00:00,"{""search_query"": ""usb c hub""}"
7ac6d923-f7b6-4fb9-8081-0ce896d1b43f,product_clicked,7,sim-u7-s2,7,,synthetic,2,2026-03-19T19:44:59.303639+00:00,"{""category_id"": 1}"
6fb6e50f-b5d4-4fc2-9f86-7991caea41c7,product_viewed,7,sim-u7-s2,7,,synthetic,1,2026-03-19T19:47:44.303639+00:00,"{""category_id"": 1}"
6519a70b-c7c6-49b1-a948-f647d84ef5ca,cart_viewed,7,sim-u7-s2,,open cart,synthetic,1,2026-03-19T19:49:41.303639+00:00,{}
aed1157f-c846-4f56-a224-04b1208df0d9,cart_item_added,7,sim-u7-s2,7,,synthetic,4,2026-03-19T19:51:27.303639+00:00,"{""category_id"": 1}"
68def7e4-69e9-446a-bf10-a31ba1216382,cart_item_quantity_updated,7,sim-u7-s2,7,,synthetic,3,2026-03-19T19:52:33.303639+00:00,"{""category_id"": 1, ""quantity"": 3}"
8dcd58c6-5691-478a-936d-a89c87f49538,checkout_started,7,sim-u7-s2,,checkout,synthetic,4,2026-03-19T19:54:23.303639+00:00,{}
6f745157-f913-459f-8bf0-fe200bce768d,order_created,7,sim-u7-s2,7,,synthetic,5,2026-03-19T19:55:49.303639+00:00,"{""category_id"": 1}"
7a594332-1662-4df9-a111-16ec241f989f,order_paid,7,sim-u7-s2,7,,synthetic,6,2026-03-19T19:58:41.303639+00:00,"{""category_id"": 1}"
6e300697-616a-4fab-88b2-5f4583293c39,order_completed,7,sim-u7-s2,7,,synthetic,6,2026-03-19T20:00:11.303639+00:00,"{""category_id"": 1}"
6d3adef1-2372-4711-9086-3f598c7eb866,chat_message_sent,7,sim-u7-s2,7,San pham nay co uu diem gi,synthetic,2,2026-03-19T20:00:52.303639+00:00,"{""category_id"": 1, ""intent"": ""advice""}"
4dcb37a0-1579-467f-beb3-f18a507a4016,search_performed,7,sim-u7-s2,,mechanical keyboard,synthetic,1,2026-03-19T20:03:17.303639+00:00,"{""search_query"": ""mechanical keyboard""}"
e5b502f6-509c-413e-a2a3-62f3e6781352,product_clicked,7,sim-u7-s2,28,,synthetic,2,2026-03-19T20:05:59.303639+00:00,"{""category_id"": 12}"
1c40a4d1-796f-4798-97c7-bc49e8fb42d7,product_viewed,7,sim-u7-s2,28,,synthetic,1,2026-03-19T20:07:20.303639+00:00,"{""category_id"": 12}"
39f0cb03-408a-45ff-866e-b228f473ec2f,cart_viewed,7,sim-u7-s2,,open cart,synthetic,1,2026-03-19T20:09:45.303639+00:00,{}
be5d323a-f651-4035-8f8b-20e7d223256f,cart_item_added,7,sim-u7-s2,28,,synthetic,4,2026-03-19T20:11:59.303639+00:00,"{""category_id"": 12}"
f4109943-3652-4354-8f78-65e3e0a2d496,cart_item_removed,7,sim-u7-s2,28,,synthetic,1,2026-03-19T20:13:15.303639+00:00,"{""category_id"": 12}"
c2c0cc68-626b-4d8f-bfd2-588315cd849c,checkout_started,7,sim-u7-s2,,checkout,synthetic,4,2026-03-19T20:15:18.303639+00:00,{}
900240ab-419b-4264-bd69-574188cd4171,order_created,7,sim-u7-s2,28,,synthetic,5,2026-03-19T20:16:40.303639+00:00,"{""category_id"": 12}"
47276b62-2787-4005-accc-a2d0e7561cf3,order_paid,7,sim-u7-s2,28,,synthetic,6,2026-03-19T20:19:28.303639+00:00,"{""category_id"": 12}"
ac604a2a-e972-47e3-81e0-8c8f7ba611f4,order_completed,7,sim-u7-s2,28,,synthetic,6,2026-03-19T20:21:22.303639+00:00,"{""category_id"": 12}"
0a5cd101-7257-4528-91c7-881c8c3ea9cd,chat_message_sent,7,sim-u7-s2,28,Nen chon mau nao cho cong viec van phong,synthetic,2,2026-03-19T20:23:30.303639+00:00,"{""category_id"": 12, ""intent"": ""advice""}"
d1ce112e-b7f3-40dd-a7d0-c6b981881c56,chat_started,60,sim-u60-s1,,start session,synthetic,1,2026-03-19T20:54:59.303639+00:00,"{""channel"": ""web""}"
03d4cf40-a8d7-4f79-a6f9-81e6fe37470f,search_performed,60,sim-u60-s1,,monitor 27 inch,synthetic,1,2026-03-19T20:57:27.303639+00:00,"{""search_query"": ""monitor 27 inch""}"
26bb661a-6536-4d83-8354-21df54892d41,product_clicked,60,sim-u60-s1,24,,synthetic,2,2026-03-19T20:59:35.303639+00:00,"{""category_id"": 10}"
ea563b70-0ead-4791-89fb-4f2c67869ace,product_viewed,60,sim-u60-s1,24,,synthetic,1,2026-03-19T21:01:05.303639+00:00,"{""category_id"": 10}"
af1d731a-e19c-4530-a7c0-8c2239e03904,chat_started,81,sim-u81-s3,,start session,synthetic,1,2026-03-19T21:02:34.303639+00:00,"{""channel"": ""web""}"
de267a64-2cf2-4846-b067-e3aad20ac2a1,cart_viewed,60,sim-u60-s1,,open cart,synthetic,1,2026-03-19T21:03:00.303639+00:00,{}
4f882f44-eee9-4e88-a169-bda4d7a2ca04,search_performed,81,sim-u81-s3,,usb c hub,synthetic,1,2026-03-19T21:03:34.303639+00:00,"{""search_query"": ""usb c hub""}"
61862fec-7168-448e-9906-f2a70ddffc3c,cart_item_added,60,sim-u60-s1,24,,synthetic,4,2026-03-19T21:04:48.303639+00:00,"{""category_id"": 10}"
a7d26fc3-c177-4ef5-ac6c-78738373f761,product_clicked,81,sim-u81-s3,22,,synthetic,2,2026-03-19T21:06:28.303639+00:00,"{""category_id"": 9}"
f1c47e2e-926d-4f7a-8d1a-50efd4f3a51d,cart_item_quantity_updated,60,sim-u60-s1,24,,synthetic,3,2026-03-19T21:07:22.303639+00:00,"{""category_id"": 10, ""quantity"": 4}"
b01eee8e-a16b-49bc-b564-f12512f2bb5b,product_viewed,81,sim-u81-s3,22,,synthetic,1,2026-03-19T21:09:15.303639+00:00,"{""category_id"": 9}"
ae9f419b-d588-4f86-ba72-201a3c122bcc,checkout_started,60,sim-u60-s1,,checkout,synthetic,4,2026-03-19T21:09:42.303639+00:00,{}
645d2be7-14fa-466c-845b-f9ae6f469b0c,chat_message_sent,81,sim-u81-s3,22,Co goi y san pham thay the khong,synthetic,2,2026-03-19T21:10:45.303639+00:00,"{""category_id"": 9, ""intent"": ""advice""}"
d1f9901a-45b1-4d4a-ac1e-30ab4b666f5f,search_performed,81,sim-u81-s3,,wireless mouse,synthetic,1,2026-03-19T21:11:41.303639+00:00,"{""search_query"": ""wireless mouse""}"
b2a58478-0bd9-49e6-b75f-64a08cbd9656,order_created,60,sim-u60-s1,24,,synthetic,5,2026-03-19T21:12:18.303639+00:00,"{""category_id"": 10}"
299e1fb8-a1ca-4050-8a46-d0e51f6ffe5a,product_clicked,81,sim-u81-s3,29,,synthetic,2,2026-03-19T21:13:55.303639+00:00,"{""category_id"": 12}"
a68d009e-03dd-4e00-bdb1-cd550f1354f9,product_viewed,81,sim-u81-s3,29,,synthetic,1,2026-03-19T21:14:31.303639+00:00,"{""category_id"": 12}"
57ee81ef-904a-4a9d-8a01-aa5f5e1add16,order_paid,60,sim-u60-s1,24,,synthetic,6,2026-03-19T21:14:54.303639+00:00,"{""category_id"": 10}"
7daa71b8-d7eb-4213-8355-5fb50c5d19f3,order_completed,60,sim-u60-s1,24,,synthetic,6,2026-03-19T21:16:28.303639+00:00,"{""category_id"": 10}"
33c55324-7be1-47f5-84ef-35c97cdb2850,chat_message_sent,60,sim-u60-s1,24,Nen chon mau nao cho cong viec van phong,synthetic,2,2026-03-19T21:17:04.303639+00:00,"{""category_id"": 10, ""intent"": ""advice""}"
f751e1d5-f2ef-48ca-9afb-556c3097d13a,chat_message_sent,81,sim-u81-s3,29,San pham nay co uu diem gi,synthetic,2,2026-03-19T21:17:05.303639+00:00,"{""category_id"": 12, ""intent"": ""advice""}"
f4bff7c9-ec4a-4df6-8863-f52d0854d072,search_performed,60,sim-u60-s1,,usb c hub,synthetic,1,2026-03-19T21:17:46.303639+00:00,"{""search_query"": ""usb c hub""}"
0c247a91-be98-4fd6-9220-e9f8f09ef3ae,product_clicked,60,sim-u60-s1,29,,synthetic,2,2026-03-19T21:18:26.303639+00:00,"{""category_id"": 12}"
b3355855-921d-4a08-bc3f-29997153e9e4,product_viewed,60,sim-u60-s1,29,,synthetic,1,2026-03-19T21:20:26.303639+00:00,"{""category_id"": 12}"
47d94245-3937-44cf-a308-c469acafc59c,chat_message_sent,60,sim-u60-s1,29,Tu van cho toi mot san pham phu hop nhu cau,synthetic,2,2026-03-19T21:21:13.303639+00:00,"{""category_id"": 12, ""intent"": ""advice""}"
b601b89b-f270-4649-9e82-735d85694fe7,chat_started,96,sim-u96-s1,,start session,synthetic,1,2026-03-19T23:20:29.303639+00:00,"{""channel"": ""web""}"
250b6999-c9cb-4282-b172-ddd6ed7dd8da,search_performed,96,sim-u96-s1,,laptop stand,synthetic,1,2026-03-19T23:22:36.303639+00:00,"{""search_query"": ""laptop stand""}"
92068709-f4a1-4c33-8cde-0f87b58a45b5,product_clicked,96,sim-u96-s1,9,,synthetic,2,2026-03-19T23:23:58.303639+00:00,"{""category_id"": 2}"
726c17c7-e3d7-443e-830d-7a5fc476b4ab,product_viewed,96,sim-u96-s1,9,,synthetic,1,2026-03-19T23:25:11.303639+00:00,"{""category_id"": 2}"
17abc1ea-7f74-4a45-a3f8-581ec6588e15,chat_message_sent,96,sim-u96-s1,9,San pham nay co uu diem gi,synthetic,2,2026-03-19T23:26:01.303639+00:00,"{""category_id"": 2, ""intent"": ""advice""}"
aa0d412a-2265-4fdf-b26d-f97b25ed0da9,chat_started,1,sim-u1-s3,,start session,synthetic,1,2026-03-20T00:38:37.303639+00:00,"{""channel"": ""web""}"
0b4a959b-1c31-4818-ad43-e4836cfdc370,search_performed,1,sim-u1-s3,,noise cancelling headset,synthetic,1,2026-03-20T00:39:38.303639+00:00,"{""search_query"": ""noise cancelling headset""}"
be88619f-dfe7-43f1-8837-f92b55284ab1,product_clicked,1,sim-u1-s3,15,,synthetic,2,2026-03-20T00:41:32.303639+00:00,"{""category_id"": 5}"
23285b82-5592-4650-ab9f-913fc51c9861,product_viewed,1,sim-u1-s3,15,,synthetic,1,2026-03-20T00:43:22.303639+00:00,"{""category_id"": 5}"
c2e65c04-9a35-4498-8f87-3201e0b6706d,cart_viewed,1,sim-u1-s3,,open cart,synthetic,1,2026-03-20T00:44:50.303639+00:00,{}
3a91b6d1-7994-4ec4-a09f-3b0fd433be70,cart_item_added,1,sim-u1-s3,15,,synthetic,4,2026-03-20T00:45:28.303639+00:00,"{""category_id"": 5}"
692d25ec-763b-463c-a681-53dca34be865,cart_item_removed,1,sim-u1-s3,15,,synthetic,1,2026-03-20T00:46:50.303639+00:00,"{""category_id"": 5}"
7432d578-52d9-4a49-aab7-112301755ec8,checkout_started,1,sim-u1-s3,,checkout,synthetic,4,2026-03-20T00:47:51.303639+00:00,{}
d010df93-d36e-41b3-9abf-d2ea2cce399c,order_created,1,sim-u1-s3,15,,synthetic,5,2026-03-20T00:50:09.303639+00:00,"{""category_id"": 5}"
0171ffde-0254-4bcb-982d-d748bfb50223,order_paid,1,sim-u1-s3,15,,synthetic,6,2026-03-20T00:52:51.303639+00:00,"{""category_id"": 5}"
688d3b31-c35c-4928-9e3d-a88e1d125077,order_completed,1,sim-u1-s3,15,,synthetic,6,2026-03-20T00:54:07.303639+00:00,"{""category_id"": 5}"
0cdb8ace-7a8d-4e8d-8c88-3b4f72b93b81,chat_message_sent,1,sim-u1-s3,15,Tu van cho toi mot san pham phu hop nhu cau,synthetic,2,2026-03-20T00:55:25.303639+00:00,"{""category_id"": 5, ""intent"": ""advice""}"
ad9b9888-49df-4078-a8b9-49bb8ff86b01,search_performed,1,sim-u1-s3,,wireless mouse,synthetic,1,2026-03-20T00:57:05.303639+00:00,"{""search_query"": ""wireless mouse""}"
f911a782-be12-499a-adc7-64aeb849a980,product_clicked,1,sim-u1-s3,9,,synthetic,2,2026-03-20T00:59:07.303639+00:00,"{""category_id"": 2}"
d7291359-e689-493a-b80a-fe5c794886b2,product_viewed,1,sim-u1-s3,9,,synthetic,1,2026-03-20T01:00:35.303639+00:00,"{""category_id"": 2}"
a057e10a-400b-4bbf-b7f7-3d12b4694293,cart_viewed,1,sim-u1-s3,,open cart,synthetic,1,2026-03-20T01:03:20.303639+00:00,{}
5180e589-dc23-4ddd-af88-165dea1577d8,cart_item_added,1,sim-u1-s3,9,,synthetic,4,2026-03-20T01:05:00.303639+00:00,"{""category_id"": 2}"
e83d8ea8-fe5d-4d27-8583-79e3cd2123da,cart_item_quantity_updated,1,sim-u1-s3,9,,synthetic,3,2026-03-20T01:07:01.303639+00:00,"{""category_id"": 2, ""quantity"": 3}"
21072b8c-1c0c-44c8-aaf1-db6530439c94,checkout_started,1,sim-u1-s3,,checkout,synthetic,4,2026-03-20T01:09:18.303639+00:00,{}
f992579e-7326-43bb-8be4-d0ac28449e1a,order_created,1,sim-u1-s3,9,,synthetic,5,2026-03-20T01:10:14.303639+00:00,"{""category_id"": 2}"
7b379d7c-40cc-4458-ab4e-ad32b97fa462,order_paid,1,sim-u1-s3,9,,synthetic,6,2026-03-20T01:11:37.303639+00:00,"{""category_id"": 2}"
19e6d052-1f36-433f-bd76-1b302dd4c40b,order_completed,1,sim-u1-s3,9,,synthetic,6,2026-03-20T01:14:20.303639+00:00,"{""category_id"": 2}"
6e960c9b-a9b2-4989-ba50-e06215b3cfa0,chat_message_sent,1,sim-u1-s3,9,Co goi y san pham thay the khong,synthetic,2,2026-03-20T01:17:09.303639+00:00,"{""category_id"": 2, ""intent"": ""advice""}"
ee8e14ec-f3ab-46fa-a64e-48ac93316def,chat_started,92,sim-u92-s2,,start session,synthetic,1,2026-03-20T02:21:10.303639+00:00,"{""channel"": ""web""}"
97168438-e351-467a-ac90-f1f5b13864f8,search_performed,92,sim-u92-s2,,ergonomic desk,synthetic,1,2026-03-20T02:22:26.303639+00:00,"{""search_query"": ""ergonomic desk""}"
9f5c0fc5-516b-42f3-b8fe-1456e67337a4,product_clicked,92,sim-u92-s2,26,,synthetic,2,2026-03-20T02:24:12.303639+00:00,"{""category_id"": 11}"
d55e74a9-e582-4058-a264-152fabee8390,product_viewed,92,sim-u92-s2,26,,synthetic,1,2026-03-20T02:26:21.303639+00:00,"{""category_id"": 11}"
ccb8cc77-bbf8-40a6-8391-9a1d8bc4d8b7,cart_viewed,92,sim-u92-s2,,open cart,synthetic,1,2026-03-20T02:28:51.303639+00:00,{}
37439a07-ff56-4afc-a3f9-b264c7d4ee6f,cart_item_added,92,sim-u92-s2,26,,synthetic,4,2026-03-20T02:31:00.303639+00:00,"{""category_id"": 11}"
7a082e7b-1c1a-44a4-8efe-156f60015611,checkout_started,92,sim-u92-s2,,checkout,synthetic,4,2026-03-20T02:32:28.303639+00:00,{}
69225110-e7b6-43e6-a6fa-5a7aa031c5d6,order_created,92,sim-u92-s2,26,,synthetic,5,2026-03-20T02:34:21.303639+00:00,"{""category_id"": 11}"
7ea516a6-3915-4c16-9c55-4a608705d04d,order_paid,92,sim-u92-s2,26,,synthetic,6,2026-03-20T02:36:10.303639+00:00,"{""category_id"": 11}"
45b69ab9-52a4-44c0-9d2b-38238c5fdd00,order_completed,92,sim-u92-s2,26,,synthetic,6,2026-03-20T02:38:17.303639+00:00,"{""category_id"": 11}"
ca1f01b1-a1d9-4ca0-8b2a-2605998344d2,chat_message_sent,92,sim-u92-s2,26,Tu van cho toi mot san pham phu hop nhu cau,synthetic,2,2026-03-20T02:39:23.303639+00:00,"{""category_id"": 11, ""intent"": ""advice""}"
a15e1102-bd7f-426c-802f-f8bf02225e32,search_performed,92,sim-u92-s2,,wireless mouse,synthetic,1,2026-03-20T02:39:56.303639+00:00,"{""search_query"": ""wireless mouse""}"
74382890-8820-40ca-8abd-040a14df368a,product_clicked,92,sim-u92-s2,34,,synthetic,2,2026-03-20T02:41:38.303639+00:00,"{""category_id"": 15}"
868deea9-b1fe-4268-8956-89114889a26f,product_viewed,92,sim-u92-s2,34,,synthetic,1,2026-03-20T02:42:52.303639+00:00,"{""category_id"": 15}"
4642beb6-266b-46b8-8536-e65fe0408dfc,cart_viewed,92,sim-u92-s2,,open cart,synthetic,1,2026-03-20T02:44:23.303639+00:00,{}
75fb59be-4445-4f91-965a-07c89391f858,cart_item_added,92,sim-u92-s2,34,,synthetic,4,2026-03-20T02:47:18.303639+00:00,"{""category_id"": 15}"
6691036a-cdb8-4167-bfb6-cb4a740ddecc,cart_item_quantity_updated,92,sim-u92-s2,34,,synthetic,3,2026-03-20T02:48:42.303639+00:00,"{""category_id"": 15, ""quantity"": 2}"
bd49fb71-96dd-4e0e-a7e7-99175bbf97f9,checkout_started,92,sim-u92-s2,,checkout,synthetic,4,2026-03-20T02:50:35.303639+00:00,{}
412af6f3-adf4-4d82-b72e-1efc586014f9,order_created,92,sim-u92-s2,34,,synthetic,5,2026-03-20T02:52:20.303639+00:00,"{""category_id"": 15}"
a762768b-9e5d-434b-afb7-6abfc8d93c81,order_paid,92,sim-u92-s2,34,,synthetic,6,2026-03-20T02:53:04.303639+00:00,"{""category_id"": 15}"
6f70378c-ab15-428f-89fa-a02173d2c4cb,order_completed,92,sim-u92-s2,34,,synthetic,6,2026-03-20T02:53:27.303639+00:00,"{""category_id"": 15}"
08d03af7-6b5a-42cb-883a-fb7b466b007c,chat_message_sent,92,sim-u92-s2,34,San pham nay co uu diem gi,synthetic,2,2026-03-20T02:55:11.303639+00:00,"{""category_id"": 15, ""intent"": ""advice""}"
81fe7029-34b1-4da2-822b-415e102610fe,search_performed,92,sim-u92-s2,,noise cancelling headset,synthetic,1,2026-03-20T02:58:01.303639+00:00,"{""search_query"": ""noise cancelling headset""}"
3fd309dd-1593-44d4-95d9-3dcd2babca86,product_clicked,92,sim-u92-s2,24,,synthetic,2,2026-03-20T03:00:36.303639+00:00,"{""category_id"": 10}"
7bea4e8b-859a-476a-927c-c9570ba05b5b,product_viewed,92,sim-u92-s2,24,,synthetic,1,2026-03-20T03:03:30.303639+00:00,"{""category_id"": 10}"
a6b46ac7-8e4b-41d8-8e35-1b64e72720aa,cart_viewed,92,sim-u92-s2,,open cart,synthetic,1,2026-03-20T03:05:00.303639+00:00,{}
35a241bc-dedb-4ee1-82cb-b89064ff4df6,cart_item_added,92,sim-u92-s2,24,,synthetic,4,2026-03-20T03:06:13.303639+00:00,"{""category_id"": 10}"
a8b175f1-84d8-49c3-b63c-09a76812c9d0,cart_item_quantity_updated,92,sim-u92-s2,24,,synthetic,3,2026-03-20T03:07:00.303639+00:00,"{""category_id"": 10, ""quantity"": 2}"
733a8ca6-3379-44e2-b373-6d0a5eac4fb5,cart_item_removed,92,sim-u92-s2,24,,synthetic,1,2026-03-20T03:09:54.303639+00:00,"{""category_id"": 10}"
aa67c9c7-b5d0-4c18-adb8-2604e5512318,checkout_started,92,sim-u92-s2,,checkout,synthetic,4,2026-03-20T03:10:44.303639+00:00,{}
685c5975-a112-4cae-a544-8aa55b47cc84,order_created,92,sim-u92-s2,24,,synthetic,5,2026-03-20T03:11:14.303639+00:00,"{""category_id"": 10}"
c3d21485-aeee-4b0c-ae73-9167246ab844,order_paid,92,sim-u92-s2,24,,synthetic,6,2026-03-20T03:12:22.303639+00:00,"{""category_id"": 10}"
b424335f-86f7-4c17-8a57-23bacdc8213d,order_completed,92,sim-u92-s2,24,,synthetic,6,2026-03-20T03:13:31.303639+00:00,"{""category_id"": 10}"
0a2cb19e-cc5f-4e5f-90ba-c7b8908f49fb,chat_message_sent,92,sim-u92-s2,24,Tu van cho toi mot san pham phu hop nhu cau,synthetic,2,2026-03-20T03:14:10.303639+00:00,"{""category_id"": 10, ""intent"": ""advice""}"
9f762d43-ec3a-4cd2-814e-81d6720b2c19,chat_started,51,sim-u51-s2,,start session,synthetic,1,2026-03-20T06:00:45.303639+00:00,"{""channel"": ""web""}"
be061628-accd-4db8-8700-7346869c7f0f,search_performed,51,sim-u51-s2,,gaming keyboard,synthetic,1,2026-03-20T06:01:51.303639+00:00,"{""search_query"": ""gaming keyboard""}"
fad2662d-4c80-4db7-bbd8-5c2be2ad3a81,product_clicked,51,sim-u51-s2,19,,synthetic,2,2026-03-20T06:04:40.303639+00:00,"{""category_id"": 7}"
41307fdb-6c22-420e-9041-3c75fb28993c,product_viewed,51,sim-u51-s2,19,,synthetic,1,2026-03-20T06:07:19.303639+00:00,"{""category_id"": 7}"
93a053ac-07b9-4f9e-aef0-218ed4cd30db,cart_viewed,51,sim-u51-s2,,open cart,synthetic,1,2026-03-20T06:09:24.303639+00:00,{}
51864f61-f9b5-43a1-81d0-fe230ba5e53d,cart_item_added,51,sim-u51-s2,19,,synthetic,4,2026-03-20T06:11:06.303639+00:00,"{""category_id"": 7}"
8ab91a35-d57c-439b-911e-29f422e06576,cart_item_quantity_updated,51,sim-u51-s2,19,,synthetic,3,2026-03-20T06:13:22.303639+00:00,"{""category_id"": 7, ""quantity"": 2}"
9760a16c-6bdb-4253-b243-f77a8180cfde,checkout_started,51,sim-u51-s2,,checkout,synthetic,4,2026-03-20T06:14:33.303639+00:00,{}
4fca155a-598a-4073-86cc-199bcf738ca5,order_created,51,sim-u51-s2,19,,synthetic,5,2026-03-20T06:16:49.303639+00:00,"{""category_id"": 7}"
a942ee90-812c-4677-b0bf-01ccc9491616,order_paid,51,sim-u51-s2,19,,synthetic,6,2026-03-20T06:18:31.303639+00:00,"{""category_id"": 7}"
2c52d4ad-0c71-4ad8-8bd8-5120e0f1018d,order_completed,51,sim-u51-s2,19,,synthetic,6,2026-03-20T06:19:32.303639+00:00,"{""category_id"": 7}"
894b34c2-1368-401e-bf1a-94ccf4537b0f,chat_message_sent,51,sim-u51-s2,19,Tu van cho toi mot san pham phu hop nhu cau,synthetic,2,2026-03-20T06:20:15.303639+00:00,"{""category_id"": 7, ""intent"": ""advice""}"
1fe71e8b-7550-46f6-a845-8e20aa6dbf94,search_performed,51,sim-u51-s2,,usb c hub,synthetic,1,2026-03-20T06:22:07.303639+00:00,"{""search_query"": ""usb c hub""}"
770580ad-82ed-47f4-bfbc-45f1615107f4,product_clicked,51,sim-u51-s2,32,,synthetic,2,2026-03-20T06:22:48.303639+00:00,"{""category_id"": 14}"
7e18d80c-70af-432b-adf1-93d8e319efa3,product_viewed,51,sim-u51-s2,32,,synthetic,1,2026-03-20T06:25:22.303639+00:00,"{""category_id"": 14}"
e44bf58e-aa7f-4547-b001-07f37899037f,cart_viewed,51,sim-u51-s2,,open cart,synthetic,1,2026-03-20T06:27:52.303639+00:00,{}
98940405-fa09-48ba-b87a-1f3bb038fd45,cart_item_added,51,sim-u51-s2,32,,synthetic,4,2026-03-20T06:30:48.303639+00:00,"{""category_id"": 14}"
4fd73971-52c4-40e4-98f7-b2a148889085,checkout_started,51,sim-u51-s2,,checkout,synthetic,4,2026-03-20T06:32:45.303639+00:00,{}
1c49d623-c305-41c8-851d-e9dd4017c3b4,order_created,51,sim-u51-s2,32,,synthetic,5,2026-03-20T06:33:16.303639+00:00,"{""category_id"": 14}"
b03a6d90-025b-49eb-8f5f-9d620dcaeebd,order_paid,51,sim-u51-s2,32,,synthetic,6,2026-03-20T06:35:01.303639+00:00,"{""category_id"": 14}"
a326cf5b-8c7a-4861-ad50-7fd50665d13e,order_completed,51,sim-u51-s2,32,,synthetic,6,2026-03-20T06:37:45.303639+00:00,"{""category_id"": 14}"
3693a5d2-9c10-4acb-a995-f41f792a7420,search_performed,51,sim-u51-s2,,office chair,synthetic,1,2026-03-20T06:38:46.303639+00:00,"{""search_query"": ""office chair""}"
e23a4be7-7e66-4076-8741-ef6cd63f6e58,product_clicked,51,sim-u51-s2,8,,synthetic,2,2026-03-20T06:39:43.303639+00:00,"{""category_id"": 2}"
dd341adb-be04-4891-b965-cf4828a9a36a,product_viewed,51,sim-u51-s2,8,,synthetic,1,2026-03-20T06:40:48.303639+00:00,"{""category_id"": 2}"
b4613e35-46bd-496a-81ce-66520c9a0f6d,cart_viewed,51,sim-u51-s2,,open cart,synthetic,1,2026-03-20T06:41:21.303639+00:00,{}
52ddd889-bc94-4901-a42c-eb0d63b0a5ca,cart_item_added,51,sim-u51-s2,8,,synthetic,4,2026-03-20T06:43:28.303639+00:00,"{""category_id"": 2}"
3ed81d81-ce62-4e10-960c-52894ec2d951,cart_item_quantity_updated,51,sim-u51-s2,8,,synthetic,3,2026-03-20T06:45:42.303639+00:00,"{""category_id"": 2, ""quantity"": 4}"
805e7508-c444-4fe1-9966-01bbf9f12a02,checkout_started,51,sim-u51-s2,,checkout,synthetic,4,2026-03-20T06:46:48.303639+00:00,{}
67e83b92-8e62-4d76-a792-c8c09df41272,order_created,51,sim-u51-s2,8,,synthetic,5,2026-03-20T06:47:38.303639+00:00,"{""category_id"": 2}"
e2fb4959-04c0-4e5f-81c9-ae1218dc2b6d,order_cancelled,51,sim-u51-s2,8,,synthetic,-2,2026-03-20T06:48:49.303639+00:00,"{""category_id"": 2}"
326d18fe-cfc3-4722-80a4-8bb9d9a5047f,chat_message_sent,51,sim-u51-s2,8,Nen chon mau nao cho cong viec van phong,synthetic,2,2026-03-20T06:49:12.303639+00:00,"{""category_id"": 2, ""intent"": ""advice""}"
98c9eb99-ccd5-45cf-b284-93ed251e9238,chat_started,76,sim-u76-s2,,start session,synthetic,1,2026-03-20T06:53:14.303639+00:00,"{""channel"": ""web""}"
4c79e3e4-afec-4fe8-a4f2-2603124010d8,search_performed,76,sim-u76-s2,,usb c hub,synthetic,1,2026-03-20T06:54:43.303639+00:00,"{""search_query"": ""usb c hub""}"
95cbccec-4933-4dc2-bc72-b2330461b9fa,product_clicked,76,sim-u76-s2,34,,synthetic,2,2026-03-20T06:57:36.303639+00:00,"{""category_id"": 15}"
6ee036f0-5458-4f27-a9bb-177323ebc168,product_viewed,76,sim-u76-s2,34,,synthetic,1,2026-03-20T06:59:00.303639+00:00,"{""category_id"": 15}"
f80af943-44ae-4ff2-8956-ea1584e797f6,chat_message_sent,76,sim-u76-s2,34,Nen chon mau nao cho cong viec van phong,synthetic,2,2026-03-20T07:00:14.303639+00:00,"{""category_id"": 15, ""intent"": ""advice""}"
c4f36c60-d73a-4f16-9314-a001bf0fad21,chat_started,66,sim-u66-s3,,start session,synthetic,1,2026-03-20T08:08:42.303639+00:00,"{""channel"": ""web""}"
c26f3d6c-0c90-47d1-acc1-4525ef03ca14,search_performed,66,sim-u66-s3,,ergonomic desk,synthetic,1,2026-03-20T08:10:50.303639+00:00,"{""search_query"": ""ergonomic desk""}"
8fcb60ba-c7d0-462d-b7a9-1047233c828a,product_clicked,66,sim-u66-s3,12,,synthetic,2,2026-03-20T08:12:05.303639+00:00,"{""category_id"": 4}"
3c98f7ac-43b8-4046-b0ca-08d3572d36ee,product_viewed,66,sim-u66-s3,12,,synthetic,1,2026-03-20T08:13:01.303639+00:00,"{""category_id"": 4}"
a8183056-6316-4ca6-a5f7-93c889ecc03c,cart_viewed,66,sim-u66-s3,,open cart,synthetic,1,2026-03-20T08:14:15.303639+00:00,{}
41a72e21-3d65-4757-b14a-2f51b157dc07,cart_item_added,66,sim-u66-s3,12,,synthetic,4,2026-03-20T08:15:45.303639+00:00,"{""category_id"": 4}"
9c251bfd-bf83-4bda-a5bc-24c6b5e289c9,cart_item_quantity_updated,66,sim-u66-s3,12,,synthetic,3,2026-03-20T08:18:35.303639+00:00,"{""category_id"": 4, ""quantity"": 3}"
77f41ab3-4b71-46cb-91f0-630d7035d1d4,cart_item_removed,66,sim-u66-s3,12,,synthetic,1,2026-03-20T08:21:11.303639+00:00,"{""category_id"": 4}"
20268675-4e5d-48ac-8450-3a3eef964c71,checkout_started,66,sim-u66-s3,,checkout,synthetic,4,2026-03-20T08:23:06.303639+00:00,{}
93822d2c-676c-431e-bf89-3fee3f711937,order_created,66,sim-u66-s3,12,,synthetic,5,2026-03-20T08:23:54.303639+00:00,"{""category_id"": 4}"
1b59ac4a-767b-4909-aa2b-f56e1b1d5349,order_paid,66,sim-u66-s3,12,,synthetic,6,2026-03-20T08:26:02.303639+00:00,"{""category_id"": 4}"
5e6e654a-30dc-463c-a781-b4a2753764d9,chat_started,21,sim-u21-s2,,start session,synthetic,1,2026-03-20T08:26:57.303639+00:00,"{""channel"": ""web""}"
3325a8c9-5e45-46ec-85ae-b1e49f140c76,search_performed,21,sim-u21-s2,,noise cancelling headset,synthetic,1,2026-03-20T08:28:17.303639+00:00,"{""search_query"": ""noise cancelling headset""}"
88a3d358-0f38-46e0-b622-15300080be42,order_completed,66,sim-u66-s3,12,,synthetic,6,2026-03-20T08:28:23.303639+00:00,"{""category_id"": 4}"
0aa338fd-4da0-4b6b-9db1-427a7a7ae9de,chat_message_sent,66,sim-u66-s3,12,Nen chon mau nao cho cong viec van phong,synthetic,2,2026-03-20T08:29:20.303639+00:00,"{""category_id"": 4, ""intent"": ""advice""}"
7669e48e-509e-4df1-a7d7-651526bb9d15,product_clicked,21,sim-u21-s2,11,,synthetic,2,2026-03-20T08:29:54.303639+00:00,"{""category_id"": 3}"
3d7ced82-4bca-4906-8f66-8f9a74b3af73,product_viewed,21,sim-u21-s2,11,,synthetic,1,2026-03-20T08:30:50.303639+00:00,"{""category_id"": 3}"
e19c07fe-d383-4379-b8a6-75db2a750bb1,search_performed,66,sim-u66-s3,,usb c hub,synthetic,1,2026-03-20T08:31:14.303639+00:00,"{""search_query"": ""usb c hub""}"
706973b3-b2f3-49cf-bddb-2f9934e12de1,chat_message_sent,21,sim-u21-s2,11,Co goi y san pham thay the khong,synthetic,2,2026-03-20T08:32:26.303639+00:00,"{""category_id"": 3, ""intent"": ""advice""}"
334b99db-792d-40d7-b104-b8cf0e1f7f84,product_clicked,66,sim-u66-s3,24,,synthetic,2,2026-03-20T08:32:52.303639+00:00,"{""category_id"": 10}"
cc4faf5c-62d8-4edf-ad95-6d7cc64908f6,product_viewed,66,sim-u66-s3,24,,synthetic,1,2026-03-20T08:33:17.303639+00:00,"{""category_id"": 10}"
55e40897-e7af-41fb-9cec-89563664134a,search_performed,21,sim-u21-s2,,wireless mouse,synthetic,1,2026-03-20T08:35:08.303639+00:00,"{""search_query"": ""wireless mouse""}"
85c721f3-1197-47d4-a654-11ec5da99a7e,cart_viewed,66,sim-u66-s3,,open cart,synthetic,1,2026-03-20T08:36:12.303639+00:00,{}
f7237f59-d8d7-4970-878c-27e2dfb6df8f,cart_item_added,66,sim-u66-s3,24,,synthetic,4,2026-03-20T08:36:40.303639+00:00,"{""category_id"": 10}"
7087f5ae-a602-40b5-9b43-f2675f2c2365,checkout_started,66,sim-u66-s3,,checkout,synthetic,4,2026-03-20T08:37:13.303639+00:00,{}
7ff0583c-f279-4989-998b-dd7018c0ea9d,product_clicked,21,sim-u21-s2,27,,synthetic,2,2026-03-20T08:37:59.303639+00:00,"{""category_id"": 11}"
bffa686b-5936-44a7-a627-25b0354e6e3f,order_created,66,sim-u66-s3,24,,synthetic,5,2026-03-20T08:38:34.303639+00:00,"{""category_id"": 10}"
6fa138cc-0c62-40b3-8916-137a3101179a,product_viewed,21,sim-u21-s2,27,,synthetic,1,2026-03-20T08:39:03.303639+00:00,"{""category_id"": 11}"
0d2edeb5-9156-47f0-b004-7e1c922543be,order_paid,66,sim-u66-s3,24,,synthetic,6,2026-03-20T08:40:32.303639+00:00,"{""category_id"": 10}"
59024d33-4fb6-458a-a96b-f1b9da851b7e,cart_viewed,21,sim-u21-s2,,open cart,synthetic,1,2026-03-20T08:41:12.303639+00:00,{}
291c363b-67d3-4a67-8a97-0ab14de59fe8,order_completed,66,sim-u66-s3,24,,synthetic,6,2026-03-20T08:42:11.303639+00:00,"{""category_id"": 10}"
d77f24be-fce6-4c52-99e2-c335ef9881ff,chat_message_sent,66,sim-u66-s3,24,Nen chon mau nao cho cong viec van phong,synthetic,2,2026-03-20T08:43:02.303639+00:00,"{""category_id"": 10, ""intent"": ""advice""}"
c89f5000-a555-4186-9394-c51b17ecdefb,cart_item_added,21,sim-u21-s2,27,,synthetic,4,2026-03-20T08:43:54.303639+00:00,"{""category_id"": 11}"
607d0d5f-80a2-4998-8777-e0986589f0a7,search_performed,66,sim-u66-s3,,ergonomic desk,synthetic,1,2026-03-20T08:45:15.303639+00:00,"{""search_query"": ""ergonomic desk""}"
13b405f2-511e-4d18-b48c-1995f6a411d9,cart_item_quantity_updated,21,sim-u21-s2,27,,synthetic,3,2026-03-20T08:45:51.303639+00:00,"{""category_id"": 11, ""quantity"": 3}"
44e6a4c2-949b-42f1-983c-5ed890d1830b,product_clicked,66,sim-u66-s3,18,,synthetic,2,2026-03-20T08:47:14.303639+00:00,"{""category_id"": 7}"
77f34367-d597-46a4-a5f1-5cbee51555fc,checkout_started,21,sim-u21-s2,,checkout,synthetic,4,2026-03-20T08:47:32.303639+00:00,{}
0d9c192a-e4d2-4af7-bf7b-a1ffd97116cf,product_viewed,66,sim-u66-s3,18,,synthetic,1,2026-03-20T08:47:36.303639+00:00,"{""category_id"": 7}"
d0c7b97d-ebee-45ab-8ae3-e616e7cc3655,chat_message_sent,66,sim-u66-s3,18,Nen chon mau nao cho cong viec van phong,synthetic,2,2026-03-20T08:49:13.303639+00:00,"{""category_id"": 7, ""intent"": ""advice""}"
b013e353-accd-49b0-ad0d-4d4909ba1c97,order_created,21,sim-u21-s2,27,,synthetic,5,2026-03-20T08:49:38.303639+00:00,"{""category_id"": 11}"
b8a85443-3f9c-42ea-a4ac-8de20ddb5551,order_paid,21,sim-u21-s2,27,,synthetic,6,2026-03-20T08:51:14.303639+00:00,"{""category_id"": 11}"
8f2531ee-b22e-4581-bc71-d906a71db140,order_completed,21,sim-u21-s2,27,,synthetic,6,2026-03-20T08:53:10.303639+00:00,"{""category_id"": 11}"
97e9ebab-9f40-4719-80f9-645a18c20a91,chat_message_sent,21,sim-u21-s2,27,Co goi y san pham thay the khong,synthetic,2,2026-03-20T08:54:31.303639+00:00,"{""category_id"": 11, ""intent"": ""advice""}"
3a9003fb-f921-4109-bcb0-767a44299eab,search_performed,21,sim-u21-s2,,ergonomic desk,synthetic,1,2026-03-20T08:56:07.303639+00:00,"{""search_query"": ""ergonomic desk""}"
be7debe3-df71-424e-b483-cf7276095ec0,product_clicked,21,sim-u21-s2,8,,synthetic,2,2026-03-20T08:57:03.303639+00:00,"{""category_id"": 2}"
e98b8643-4926-416d-97f6-bfa230ba1dc2,product_viewed,21,sim-u21-s2,8,,synthetic,1,2026-03-20T08:59:21.303639+00:00,"{""category_id"": 2}"
c38a68b1-a03b-4883-b79d-c6d440aade52,chat_message_sent,21,sim-u21-s2,8,Co goi y san pham thay the khong,synthetic,2,2026-03-20T09:02:03.303639+00:00,"{""category_id"": 2, ""intent"": ""advice""}"
aa26940f-57d8-477e-a31a-694d7c5c186d,chat_started,57,sim-u57-s2,,start session,synthetic,1,2026-03-20T12:23:16.303639+00:00,"{""channel"": ""web""}"
ab150997-33ef-47f1-9f2e-87ed332437a7,search_performed,57,sim-u57-s2,,office chair,synthetic,1,2026-03-20T12:25:57.303639+00:00,"{""search_query"": ""office chair""}"
04ab9153-0a46-4968-9618-ba7dbd39564a,product_clicked,57,sim-u57-s2,29,,synthetic,2,2026-03-20T12:26:27.303639+00:00,"{""category_id"": 12}"
f9a8844a-3637-46f5-8203-42e32a9f8d3c,product_viewed,57,sim-u57-s2,29,,synthetic,1,2026-03-20T12:28:25.303639+00:00,"{""category_id"": 12}"
1297bfc2-8e0e-4f89-bf3e-d6327f82e773,cart_viewed,57,sim-u57-s2,,open cart,synthetic,1,2026-03-20T12:30:01.303639+00:00,{}
89f03b5f-ecfb-41fa-a54e-bca00673dda3,cart_item_added,57,sim-u57-s2,29,,synthetic,4,2026-03-20T12:32:00.303639+00:00,"{""category_id"": 12}"
3b91d479-118e-4cb2-a02f-7db3591fd86a,checkout_started,57,sim-u57-s2,,checkout,synthetic,4,2026-03-20T12:33:51.303639+00:00,{}
425476a5-6a88-49d4-b0bc-78ead896c6ed,order_created,57,sim-u57-s2,29,,synthetic,5,2026-03-20T12:36:15.303639+00:00,"{""category_id"": 12}"
24fb209f-7166-403a-ab9b-944eade18e71,order_paid,57,sim-u57-s2,29,,synthetic,6,2026-03-20T12:38:27.303639+00:00,"{""category_id"": 12}"
c89a78b9-ade1-48bc-bfaa-d2b885c608ec,order_completed,57,sim-u57-s2,29,,synthetic,6,2026-03-20T12:39:35.303639+00:00,"{""category_id"": 12}"
f931341b-cc97-472b-87ac-2388a2b76103,chat_message_sent,57,sim-u57-s2,29,San pham nay co uu diem gi,synthetic,2,2026-03-20T12:40:01.303639+00:00,"{""category_id"": 12, ""intent"": ""advice""}"
3d5e5d44-7e6a-48b4-babc-611d1fbd6eda,search_performed,57,sim-u57-s2,,webcam full hd,synthetic,1,2026-03-20T12:41:22.303639+00:00,"{""search_query"": ""webcam full hd""}"
cee0a56d-767b-4756-a22b-1b0217e00cb5,product_clicked,57,sim-u57-s2,12,,synthetic,2,2026-03-20T12:43:47.303639+00:00,"{""category_id"": 4}"
564e1834-3b7a-45a3-8eb7-560f998a6179,product_viewed,57,sim-u57-s2,12,,synthetic,1,2026-03-20T12:45:46.303639+00:00,"{""category_id"": 4}"
2ff9a6c4-7f91-4d7f-ade0-be6cbaf01cf1,cart_viewed,57,sim-u57-s2,,open cart,synthetic,1,2026-03-20T12:48:24.303639+00:00,{}
bc231838-6f12-4bbc-9145-c685e1e7f18e,cart_item_added,57,sim-u57-s2,12,,synthetic,4,2026-03-20T12:50:02.303639+00:00,"{""category_id"": 4}"
36f5b814-d607-479b-9251-801149110631,cart_item_quantity_updated,57,sim-u57-s2,12,,synthetic,3,2026-03-20T12:50:26.303639+00:00,"{""category_id"": 4, ""quantity"": 3}"
1ed03dde-aaf7-40ec-91c2-7a06d28410c0,cart_item_removed,57,sim-u57-s2,12,,synthetic,1,2026-03-20T12:51:00.303639+00:00,"{""category_id"": 4}"
baeaf8a0-a524-4573-be05-eef5d30110cc,checkout_started,57,sim-u57-s2,,checkout,synthetic,4,2026-03-20T12:52:46.303639+00:00,{}
07f71362-ba83-4c4d-8b48-780b100a8a5b,order_created,57,sim-u57-s2,12,,synthetic,5,2026-03-20T12:53:16.303639+00:00,"{""category_id"": 4}"
c298266e-2f80-4ec5-a829-8152ae296b03,order_paid,57,sim-u57-s2,12,,synthetic,6,2026-03-20T12:54:30.303639+00:00,"{""category_id"": 4}"
3b9d6600-a2f5-49b5-a8ba-efd384dcd442,order_completed,57,sim-u57-s2,12,,synthetic,6,2026-03-20T12:57:03.303639+00:00,"{""category_id"": 4}"
f4bef248-5408-4ca6-bf95-6799328ac0e2,chat_message_sent,57,sim-u57-s2,12,San pham nay co uu diem gi,synthetic,2,2026-03-20T12:59:51.303639+00:00,"{""category_id"": 4, ""intent"": ""advice""}"
12b5296e-b35b-4761-91fe-f9f31cb292f4,search_performed,57,sim-u57-s2,,gaming keyboard,synthetic,1,2026-03-20T13:00:20.303639+00:00,"{""search_query"": ""gaming keyboard""}"
d2eec697-b35c-4bcf-a04e-5904ecb26ebb,product_clicked,57,sim-u57-s2,28,,synthetic,2,2026-03-20T13:01:16.303639+00:00,"{""category_id"": 12}"
89959dbe-56e6-4abb-829f-b3beef181a7e,product_viewed,57,sim-u57-s2,28,,synthetic,1,2026-03-20T13:03:41.303639+00:00,"{""category_id"": 12}"
c271af60-7bd1-4497-a962-9d75567228d5,cart_viewed,57,sim-u57-s2,,open cart,synthetic,1,2026-03-20T13:06:01.303639+00:00,{}
80a93c59-eb15-4d0a-9963-b7c488db3f07,cart_item_added,57,sim-u57-s2,28,,synthetic,4,2026-03-20T13:08:59.303639+00:00,"{""category_id"": 12}"
2b81cdef-04b2-42b5-a8dd-456a06a1a95a,cart_item_quantity_updated,57,sim-u57-s2,28,,synthetic,3,2026-03-20T13:09:52.303639+00:00,"{""category_id"": 12, ""quantity"": 4}"
c6089c35-a791-4957-a193-763eb97a58a8,cart_item_removed,57,sim-u57-s2,28,,synthetic,1,2026-03-20T13:10:24.303639+00:00,"{""category_id"": 12}"
717fed70-c97b-431e-a3aa-9e3ab1ff41f0,checkout_started,57,sim-u57-s2,,checkout,synthetic,4,2026-03-20T13:12:02.303639+00:00,{}
298656da-5436-4d95-887a-4f568fe97a58,order_created,57,sim-u57-s2,28,,synthetic,5,2026-03-20T13:12:46.303639+00:00,"{""category_id"": 12}"
f1c40bb9-c695-456c-87d5-db8a40936244,order_paid,57,sim-u57-s2,28,,synthetic,6,2026-03-20T13:13:49.303639+00:00,"{""category_id"": 12}"
161dc371-c3da-429c-8afa-1638526b7011,order_completed,57,sim-u57-s2,28,,synthetic,6,2026-03-20T13:16:40.303639+00:00,"{""category_id"": 12}"
574ff01c-40d7-466a-a3bf-bd47ae478ef1,chat_message_sent,57,sim-u57-s2,28,Tu van cho toi mot san pham phu hop nhu cau,synthetic,2,2026-03-20T13:17:29.303639+00:00,"{""category_id"": 12, ""intent"": ""advice""}"
89d75dcd-9148-41f1-8196-083b180c367b,chat_started,47,sim-u47-s2,,start session,synthetic,1,2026-03-20T14:52:52.303639+00:00,"{""channel"": ""web""}"
a8328e2b-2efa-4193-8339-e380c9a5f827,search_performed,47,sim-u47-s2,,laptop stand,synthetic,1,2026-03-20T14:53:51.303639+00:00,"{""search_query"": ""laptop stand""}"
a2730d8b-4b34-4f0e-8dee-f2be5bb8d7e0,product_clicked,47,sim-u47-s2,20,,synthetic,2,2026-03-20T14:56:47.303639+00:00,"{""category_id"": 8}"
e3080e5d-0cf3-45b3-bc57-eac23ba5fd6e,product_viewed,47,sim-u47-s2,20,,synthetic,1,2026-03-20T14:58:19.303639+00:00,"{""category_id"": 8}"
530fc088-cf48-4439-8d14-7866cd40b6d9,cart_viewed,47,sim-u47-s2,,open cart,synthetic,1,2026-03-20T15:00:01.303639+00:00,{}
229e4be4-799c-4e80-8399-65e71940078f,cart_item_added,47,sim-u47-s2,20,,synthetic,4,2026-03-20T15:00:49.303639+00:00,"{""category_id"": 8}"
3817e45f-3942-47d9-b2fc-4f6eaea3d8d6,cart_item_quantity_updated,47,sim-u47-s2,20,,synthetic,3,2026-03-20T15:01:26.303639+00:00,"{""category_id"": 8, ""quantity"": 4}"
b525366f-4121-4594-a5db-26fefa027b2a,cart_item_removed,47,sim-u47-s2,20,,synthetic,1,2026-03-20T15:02:19.303639+00:00,"{""category_id"": 8}"
ec5fd46e-74e5-45bd-ba2b-7d48a184af4f,checkout_started,47,sim-u47-s2,,checkout,synthetic,4,2026-03-20T15:03:24.303639+00:00,{}
8331112a-adc6-4e74-bef2-55e5ba5da82b,order_created,47,sim-u47-s2,20,,synthetic,5,2026-03-20T15:03:52.303639+00:00,"{""category_id"": 8}"
7a5014bc-8676-4480-8b83-27de270f5641,order_paid,47,sim-u47-s2,20,,synthetic,6,2026-03-20T15:06:16.303639+00:00,"{""category_id"": 8}"
37f0b9f3-8bc0-4836-a78b-f9f427e9c5a0,order_completed,47,sim-u47-s2,20,,synthetic,6,2026-03-20T15:07:25.303639+00:00,"{""category_id"": 8}"
a25a745b-12bd-4e54-80ee-0bb08cb53983,chat_message_sent,47,sim-u47-s2,20,Co goi y san pham thay the khong,synthetic,2,2026-03-20T15:09:50.303639+00:00,"{""category_id"": 8, ""intent"": ""advice""}"
04f45cbb-3109-4582-b1c8-71716ecc3475,search_performed,47,sim-u47-s2,,webcam full hd,synthetic,1,2026-03-20T15:12:41.303639+00:00,"{""search_query"": ""webcam full hd""}"
7e72b2f9-52d2-4ccf-97cb-c755bd4551a4,product_clicked,47,sim-u47-s2,19,,synthetic,2,2026-03-20T15:14:06.303639+00:00,"{""category_id"": 7}"
507d8136-7518-4166-8893-5704f4384e62,product_viewed,47,sim-u47-s2,19,,synthetic,1,2026-03-20T15:14:38.303639+00:00,"{""category_id"": 7}"
66590c7a-0a0e-4039-b15a-4315e0e67a13,cart_viewed,47,sim-u47-s2,,open cart,synthetic,1,2026-03-20T15:17:33.303639+00:00,{}
a8737447-2cbf-4a00-b414-feedc9f4bd51,cart_item_added,47,sim-u47-s2,19,,synthetic,4,2026-03-20T15:18:11.303639+00:00,"{""category_id"": 7}"
95f54039-3c36-4e36-b896-1e2bd7eb1b0b,cart_item_quantity_updated,47,sim-u47-s2,19,,synthetic,3,2026-03-20T15:20:36.303639+00:00,"{""category_id"": 7, ""quantity"": 2}"
81daea18-1970-480b-a230-08fb20c53367,checkout_started,47,sim-u47-s2,,checkout,synthetic,4,2026-03-20T15:21:16.303639+00:00,{}
3ef8a101-d55b-4265-a666-46d20b4422e6,order_created,47,sim-u47-s2,19,,synthetic,5,2026-03-20T15:23:35.303639+00:00,"{""category_id"": 7}"
5c46f76d-7b21-466d-bc28-812dc43f2e08,order_paid,47,sim-u47-s2,19,,synthetic,6,2026-03-20T15:24:10.303639+00:00,"{""category_id"": 7}"
46a56f46-a5aa-41a5-8bcb-d574ad585560,order_completed,47,sim-u47-s2,19,,synthetic,6,2026-03-20T15:26:02.303639+00:00,"{""category_id"": 7}"
832eaf27-d4c3-4db4-9d3d-1371a7ced89f,chat_message_sent,47,sim-u47-s2,19,Co goi y san pham thay the khong,synthetic,2,2026-03-20T15:27:56.303639+00:00,"{""category_id"": 7, ""intent"": ""advice""}"
d519729b-b2fc-426c-9d43-034b8bc71d9b,search_performed,47,sim-u47-s2,,wireless mouse,synthetic,1,2026-03-20T15:30:53.303639+00:00,"{""search_query"": ""wireless mouse""}"
7cca0d42-76a5-4918-9da2-e6f56f83785e,product_clicked,47,sim-u47-s2,10,,synthetic,2,2026-03-20T15:32:21.303639+00:00,"{""category_id"": 3}"
5c62e654-0d69-4b41-8e46-134d2d0a6d86,product_viewed,47,sim-u47-s2,10,,synthetic,1,2026-03-20T15:34:56.303639+00:00,"{""category_id"": 3}"
4d8a504c-edaa-4898-ae3f-7bf123b92b75,cart_viewed,47,sim-u47-s2,,open cart,synthetic,1,2026-03-20T15:35:34.303639+00:00,{}
7d04c860-f9b9-4b97-afcb-6e99eb5f06cf,cart_item_added,47,sim-u47-s2,10,,synthetic,4,2026-03-20T15:37:11.303639+00:00,"{""category_id"": 3}"
91c818a0-4c6b-4ff7-8392-d0df708c6f50,cart_item_quantity_updated,47,sim-u47-s2,10,,synthetic,3,2026-03-20T15:39:43.303639+00:00,"{""category_id"": 3, ""quantity"": 2}"
44511c1b-083a-4730-8ee4-a661ad90cbb0,cart_item_removed,47,sim-u47-s2,10,,synthetic,1,2026-03-20T15:41:02.303639+00:00,"{""category_id"": 3}"
107e676f-a309-467b-bf59-aed11031ff82,checkout_started,47,sim-u47-s2,,checkout,synthetic,4,2026-03-20T15:43:38.303639+00:00,{}
c27efe50-3db2-49f4-824d-4bd076f38104,order_created,47,sim-u47-s2,10,,synthetic,5,2026-03-20T15:45:36.303639+00:00,"{""category_id"": 3}"
335c27ad-07da-49e9-aa11-67c8da9b0b9d,order_paid,47,sim-u47-s2,10,,synthetic,6,2026-03-20T15:48:10.303639+00:00,"{""category_id"": 3}"
ffac87ac-5eb0-4773-bfe2-cdade777802b,order_completed,47,sim-u47-s2,10,,synthetic,6,2026-03-20T15:49:33.303639+00:00,"{""category_id"": 3}"
40df91f0-f7b5-437d-81ea-3d080e96919b,chat_message_sent,47,sim-u47-s2,10,San pham nay co uu diem gi,synthetic,2,2026-03-20T15:52:15.303639+00:00,"{""category_id"": 3, ""intent"": ""advice""}"
8d65ffa3-5966-410b-8b10-8e664449f179,chat_started,41,sim-u41-s1,,start session,synthetic,1,2026-03-20T16:19:22.303639+00:00,"{""channel"": ""web""}"
35de24a3-5856-4a47-9711-f06b78ebaaba,search_performed,41,sim-u41-s1,,laptop stand,synthetic,1,2026-03-20T16:20:17.303639+00:00,"{""search_query"": ""laptop stand""}"
1b97f572-3a2d-426c-bfb4-f50ca95dd6a3,product_clicked,41,sim-u41-s1,35,,synthetic,2,2026-03-20T16:22:29.303639+00:00,"{""category_id"": 15}"
9b6b54af-69d7-4098-b054-4491280a7768,product_viewed,41,sim-u41-s1,35,,synthetic,1,2026-03-20T16:23:31.303639+00:00,"{""category_id"": 15}"
1a73c018-9809-41ff-a7de-6a17d9708e4d,cart_viewed,41,sim-u41-s1,,open cart,synthetic,1,2026-03-20T16:26:02.303639+00:00,{}
38205d6f-54af-49c5-ace9-ddebdbd10c7c,cart_item_added,41,sim-u41-s1,35,,synthetic,4,2026-03-20T16:27:33.303639+00:00,"{""category_id"": 15}"
437bfa17-ef70-4c05-bb00-cf12b88ea39a,cart_item_quantity_updated,41,sim-u41-s1,35,,synthetic,3,2026-03-20T16:28:33.303639+00:00,"{""category_id"": 15, ""quantity"": 2}"
8eb7b98a-a0d2-41e3-877a-456df0c638f3,checkout_started,41,sim-u41-s1,,checkout,synthetic,4,2026-03-20T16:29:23.303639+00:00,{}
78975f61-3082-4978-b923-b0ed7fcbce0a,order_created,41,sim-u41-s1,35,,synthetic,5,2026-03-20T16:30:41.303639+00:00,"{""category_id"": 15}"
61827a39-fc01-49a2-b058-5c1be135cc03,order_paid,41,sim-u41-s1,35,,synthetic,6,2026-03-20T16:32:25.303639+00:00,"{""category_id"": 15}"
a5e7e74d-945b-42e2-b303-b0d425c033a1,order_completed,41,sim-u41-s1,35,,synthetic,6,2026-03-20T16:33:14.303639+00:00,"{""category_id"": 15}"
a4e8e7fe-e753-4489-8e7e-7febd5dc401e,chat_message_sent,41,sim-u41-s1,35,Co goi y san pham thay the khong,synthetic,2,2026-03-20T16:35:36.303639+00:00,"{""category_id"": 15, ""intent"": ""advice""}"
ef72d2d2-75f4-4f87-9117-203fe43f146c,search_performed,41,sim-u41-s1,,webcam full hd,synthetic,1,2026-03-20T16:36:37.303639+00:00,"{""search_query"": ""webcam full hd""}"
3d608ec2-2e27-4299-8639-d3f3b88c37f6,product_clicked,41,sim-u41-s1,29,,synthetic,2,2026-03-20T16:38:42.303639+00:00,"{""category_id"": 12}"
55fd82da-6576-4050-a731-cf66a66789f3,product_viewed,41,sim-u41-s1,29,,synthetic,1,2026-03-20T16:39:07.303639+00:00,"{""category_id"": 12}"
3862f3fa-fd89-44be-8c83-c5fb7274c548,cart_viewed,41,sim-u41-s1,,open cart,synthetic,1,2026-03-20T16:39:59.303639+00:00,{}
2d1d673f-adc5-4799-bbad-2c3851b61ed1,cart_item_added,41,sim-u41-s1,29,,synthetic,4,2026-03-20T16:42:45.303639+00:00,"{""category_id"": 12}"
c9c0089a-a549-4d66-b2ba-837cb5e645c9,cart_item_quantity_updated,41,sim-u41-s1,29,,synthetic,3,2026-03-20T16:45:16.303639+00:00,"{""category_id"": 12, ""quantity"": 2}"
605c19ee-a40c-4eda-9ff8-daad9bfbf76c,cart_item_removed,41,sim-u41-s1,29,,synthetic,1,2026-03-20T16:48:02.303639+00:00,"{""category_id"": 12}"
a226cedc-281a-4615-9982-9aff58e028fe,checkout_started,41,sim-u41-s1,,checkout,synthetic,4,2026-03-20T16:48:59.303639+00:00,{}
25897859-326d-460f-a5ba-514ae0a8d83b,order_created,41,sim-u41-s1,29,,synthetic,5,2026-03-20T16:49:33.303639+00:00,"{""category_id"": 12}"
5f50790e-414c-46e9-a6c9-f90509d1066b,order_paid,41,sim-u41-s1,29,,synthetic,6,2026-03-20T16:50:39.303639+00:00,"{""category_id"": 12}"
6df0cf6d-48f0-47d6-8830-d4f47d261f78,order_completed,41,sim-u41-s1,29,,synthetic,6,2026-03-20T16:53:11.303639+00:00,"{""category_id"": 12}"
fe5b1600-e05a-4f22-a224-6b8bf25017e4,search_performed,41,sim-u41-s1,,webcam full hd,synthetic,1,2026-03-20T16:53:35.303639+00:00,"{""search_query"": ""webcam full hd""}"
cb40632a-4ddf-40ab-b967-ed0a4bfee155,product_clicked,41,sim-u41-s1,16,,synthetic,2,2026-03-20T16:55:07.303639+00:00,"{""category_id"": 6}"
95d0fcf1-957c-46a8-bd2f-b9d3b3d409ab,product_viewed,41,sim-u41-s1,16,,synthetic,1,2026-03-20T16:55:48.303639+00:00,"{""category_id"": 6}"
f763b9fa-fb75-40ea-b40d-350d56592d29,cart_viewed,41,sim-u41-s1,,open cart,synthetic,1,2026-03-20T16:58:43.303639+00:00,{}
c4e9caf3-a087-4031-a21a-f90e5e891e4c,cart_item_added,41,sim-u41-s1,16,,synthetic,4,2026-03-20T17:01:03.303639+00:00,"{""category_id"": 6}"
c6d32e0e-2e01-4285-bf89-4b87c194eb68,cart_item_removed,41,sim-u41-s1,16,,synthetic,1,2026-03-20T17:03:08.303639+00:00,"{""category_id"": 6}"
3caca321-e502-408a-8383-a982f9a557dd,checkout_started,41,sim-u41-s1,,checkout,synthetic,4,2026-03-20T17:06:01.303639+00:00,{}
425c7ecf-c68c-481d-b16a-a0cb5629ad4f,order_created,41,sim-u41-s1,16,,synthetic,5,2026-03-20T17:06:57.303639+00:00,"{""category_id"": 6}"
0899784b-9f08-4b15-94f6-6b107d9a6d8f,order_paid,41,sim-u41-s1,16,,synthetic,6,2026-03-20T17:08:03.303639+00:00,"{""category_id"": 6}"
2d570fbb-17f0-44e8-8b0d-faf3307ef9ab,order_completed,41,sim-u41-s1,16,,synthetic,6,2026-03-20T17:11:02.303639+00:00,"{""category_id"": 6}"
fad66593-ebf5-4fae-8644-4357e72e9117,chat_message_sent,41,sim-u41-s1,16,Nen chon mau nao cho cong viec van phong,synthetic,2,2026-03-20T17:12:04.303639+00:00,"{""category_id"": 6, ""intent"": ""advice""}"
facc0397-6a18-437f-a4ac-031462feb39c,chat_started,49,sim-u49-s2,,start session,synthetic,1,2026-03-20T18:16:17.303639+00:00,"{""channel"": ""web""}"
c89fc2ff-846d-41fd-89a2-ba41c0368944,search_performed,49,sim-u49-s2,,gaming keyboard,synthetic,1,2026-03-20T18:17:55.303639+00:00,"{""search_query"": ""gaming keyboard""}"
8b07cf4c-3337-47dd-9c1d-541cb9cf5c03,product_clicked,49,sim-u49-s2,10,,synthetic,2,2026-03-20T18:20:10.303639+00:00,"{""category_id"": 3}"
1f6fa1ea-89da-4ba7-8908-a1da974373b5,product_viewed,49,sim-u49-s2,10,,synthetic,1,2026-03-20T18:22:30.303639+00:00,"{""category_id"": 3}"
a56f5cd9-50dc-41ba-b029-2f3f82158175,cart_viewed,49,sim-u49-s2,,open cart,synthetic,1,2026-03-20T18:23:43.303639+00:00,{}
20cd5e94-c5b8-4d75-a60c-832c64ee9a8b,cart_item_added,49,sim-u49-s2,10,,synthetic,4,2026-03-20T18:26:20.303639+00:00,"{""category_id"": 3}"
2b61273b-1956-4386-8bcb-49a2711e26bd,cart_item_quantity_updated,49,sim-u49-s2,10,,synthetic,3,2026-03-20T18:28:53.303639+00:00,"{""category_id"": 3, ""quantity"": 4}"
fc112da6-5323-445c-aecd-ba8d0cace7b7,checkout_started,49,sim-u49-s2,,checkout,synthetic,4,2026-03-20T18:31:33.303639+00:00,{}
9f99fbe0-dba7-4af3-ad25-566fabf7e4a7,order_created,49,sim-u49-s2,10,,synthetic,5,2026-03-20T18:33:56.303639+00:00,"{""category_id"": 3}"
6703eac2-8ad1-4865-9d74-e99e60c17474,order_paid,49,sim-u49-s2,10,,synthetic,6,2026-03-20T18:34:52.303639+00:00,"{""category_id"": 3}"
8f2cf53e-9b2b-47a2-8881-0c3a0ed31098,order_completed,49,sim-u49-s2,10,,synthetic,6,2026-03-20T18:35:16.303639+00:00,"{""category_id"": 3}"
961d09cf-f452-4c25-b634-6ffda5b003fd,chat_message_sent,49,sim-u49-s2,10,Tu van cho toi mot san pham phu hop nhu cau,synthetic,2,2026-03-20T18:36:41.303639+00:00,"{""category_id"": 3, ""intent"": ""advice""}"
7cc5aebe-5e16-41e2-a5c6-00e650510876,search_performed,49,sim-u49-s2,,wireless mouse,synthetic,1,2026-03-20T18:38:13.303639+00:00,"{""search_query"": ""wireless mouse""}"
d583ce1e-33e1-4b0c-9af4-1c6cae900e72,product_clicked,49,sim-u49-s2,30,,synthetic,2,2026-03-20T18:39:24.303639+00:00,"{""category_id"": 13}"
19d16aa2-6865-408d-9797-83bb4f106486,chat_started,43,sim-u43-s1,,start session,synthetic,1,2026-03-20T18:40:11.303639+00:00,"{""channel"": ""web""}"
6ba46203-4a36-4506-b42e-fc076fc018d5,product_viewed,49,sim-u49-s2,30,,synthetic,1,2026-03-20T18:42:22.303639+00:00,"{""category_id"": 13}"
c16759d0-f520-4336-a319-8c196b831c03,search_performed,43,sim-u43-s1,,mechanical keyboard,synthetic,1,2026-03-20T18:42:58.303639+00:00,"{""search_query"": ""mechanical keyboard""}"
c64f27ce-4f57-4096-85a8-d3b7dd7ae566,product_clicked,43,sim-u43-s1,21,,synthetic,2,2026-03-20T18:43:19.303639+00:00,"{""category_id"": 8}"
26493a33-0129-467f-b5df-529efa7910bb,cart_viewed,49,sim-u49-s2,,open cart,synthetic,1,2026-03-20T18:44:41.303639+00:00,{}
7de33eb9-7377-43a2-b75e-35baa921ae4c,product_viewed,43,sim-u43-s1,21,,synthetic,1,2026-03-20T18:44:45.303639+00:00,"{""category_id"": 8}"
8490efa0-7d32-49cc-b951-6addd97ceea2,cart_item_added,49,sim-u49-s2,30,,synthetic,4,2026-03-20T18:45:03.303639+00:00,"{""category_id"": 13}"
5f589fe2-6c8b-41df-b411-a148c8d37e9c,cart_item_quantity_updated,49,sim-u49-s2,30,,synthetic,3,2026-03-20T18:46:32.303639+00:00,"{""category_id"": 13, ""quantity"": 4}"
acc3b81f-e965-4c91-ae67-d0833eccaa56,cart_viewed,43,sim-u43-s1,,open cart,synthetic,1,2026-03-20T18:47:14.303639+00:00,{}
b5915b7a-80b7-4c74-ac3e-b86a333f7de1,cart_item_added,43,sim-u43-s1,21,,synthetic,4,2026-03-20T18:48:01.303639+00:00,"{""category_id"": 8}"
ccb0bfc7-44c6-4ea2-a57f-f8d751253fe8,checkout_started,49,sim-u49-s2,,checkout,synthetic,4,2026-03-20T18:48:24.303639+00:00,{}
789e7a99-cbf7-4951-b0bc-97f374162110,order_created,49,sim-u49-s2,30,,synthetic,5,2026-03-20T18:49:11.303639+00:00,"{""category_id"": 13}"
4a95bdc7-90a9-4fab-a56b-ea271cb407af,cart_item_quantity_updated,43,sim-u43-s1,21,,synthetic,3,2026-03-20T18:49:36.303639+00:00,"{""category_id"": 8, ""quantity"": 4}"
8513c48a-b6da-4d3d-bea0-4bae10ae4361,checkout_started,43,sim-u43-s1,,checkout,synthetic,4,2026-03-20T18:50:25.303639+00:00,{}
a222cfc9-1cfd-49a7-9c45-2637f495f191,order_paid,49,sim-u49-s2,30,,synthetic,6,2026-03-20T18:51:09.303639+00:00,"{""category_id"": 13}"
ff4419fe-78d8-4253-8cb8-526d0f4447ba,order_completed,49,sim-u49-s2,30,,synthetic,6,2026-03-20T18:52:28.303639+00:00,"{""category_id"": 13}"
a1106a10-de65-4bf2-9ac7-02e75e377814,order_created,43,sim-u43-s1,21,,synthetic,5,2026-03-20T18:52:56.303639+00:00,"{""category_id"": 8}"
de2b62ed-d41c-4c39-b6b4-049b0d8bba04,search_performed,49,sim-u49-s2,,gaming keyboard,synthetic,1,2026-03-20T18:54:08.303639+00:00,"{""search_query"": ""gaming keyboard""}"
ee0c99f8-3a6d-4363-bbe6-df79bd8f6bde,order_cancelled,43,sim-u43-s1,21,,synthetic,-2,2026-03-20T18:55:33.303639+00:00,"{""category_id"": 8}"
17d5760a-ba20-4ce5-96b0-fca93090e361,product_clicked,49,sim-u49-s2,19,,synthetic,2,2026-03-20T18:56:32.303639+00:00,"{""category_id"": 7}"
e3687450-9c6e-4185-ab32-c9a9a84b54d8,chat_message_sent,43,sim-u43-s1,,Nen chon mau nao cho cong viec van phong,synthetic,2,2026-03-20T18:57:46.303639+00:00,"{""intent"": ""followup""}"
057b8bc7-a7cc-4126-80e9-46deebdad3f8,product_viewed,49,sim-u49-s2,19,,synthetic,1,2026-03-20T18:59:24.303639+00:00,"{""category_id"": 7}"
bbc6db1e-1efd-4021-8d32-02ed1dcf5019,cart_viewed,49,sim-u49-s2,,open cart,synthetic,1,2026-03-20T19:00:31.303639+00:00,{}
f90de5fd-765a-4338-bac3-0cc9517bcc9e,cart_item_added,49,sim-u49-s2,19,,synthetic,4,2026-03-20T19:01:41.303639+00:00,"{""category_id"": 7}"
68027701-7d4a-494d-9ab5-5d65fdbc4984,cart_item_quantity_updated,49,sim-u49-s2,19,,synthetic,3,2026-03-20T19:04:24.303639+00:00,"{""category_id"": 7, ""quantity"": 3}"
6db99d2d-17b8-4826-950d-1d154f2b1d38,chat_started,69,sim-u69-s1,,start session,synthetic,1,2026-03-20T19:04:37.303639+00:00,"{""channel"": ""web""}"
034dde12-9d38-4d1a-8988-d91796bd8618,checkout_started,49,sim-u49-s2,,checkout,synthetic,4,2026-03-20T19:04:49.303639+00:00,{}
80f942af-0ad1-42eb-a25a-e38ee9fc8bb7,order_created,49,sim-u49-s2,19,,synthetic,5,2026-03-20T19:05:19.303639+00:00,"{""category_id"": 7}"
022729ac-6473-4327-be6c-c6ff059e23ee,search_performed,69,sim-u69-s1,,office chair,synthetic,1,2026-03-20T19:06:17.303639+00:00,"{""search_query"": ""office chair""}"
870bac1c-8daf-4458-af3d-9d24474381a3,order_paid,49,sim-u49-s2,19,,synthetic,6,2026-03-20T19:07:54.303639+00:00,"{""category_id"": 7}"
d99494c8-ea20-4f09-94c3-db1719b1d359,product_clicked,69,sim-u69-s1,7,,synthetic,2,2026-03-20T19:08:42.303639+00:00,"{""category_id"": 1}"
3175a875-5caa-4d87-ace6-772ed516c655,order_completed,49,sim-u49-s2,19,,synthetic,6,2026-03-20T19:09:32.303639+00:00,"{""category_id"": 7}"
ea95d126-597f-4dd0-93af-b4e78d2da925,product_viewed,69,sim-u69-s1,7,,synthetic,1,2026-03-20T19:09:40.303639+00:00,"{""category_id"": 1}"
9faa5fdc-5108-44b5-8e51-741bea4f02fa,chat_message_sent,49,sim-u49-s2,19,Co goi y san pham thay the khong,synthetic,2,2026-03-20T19:10:32.303639+00:00,"{""category_id"": 7, ""intent"": ""advice""}"
e4a038e7-b5f9-470a-8b1c-4bfa090cdbfc,cart_viewed,69,sim-u69-s1,,open cart,synthetic,1,2026-03-20T19:11:52.303639+00:00,{}
89d11691-d37e-4430-a19d-92b88737cf4d,cart_item_added,69,sim-u69-s1,7,,synthetic,4,2026-03-20T19:12:25.303639+00:00,"{""category_id"": 1}"
e5250ea8-65d7-426f-b1bc-47a72591facd,cart_item_quantity_updated,69,sim-u69-s1,7,,synthetic,3,2026-03-20T19:13:43.303639+00:00,"{""category_id"": 1, ""quantity"": 2}"
b599f143-48c8-4761-862c-6cb82dd3332b,cart_item_removed,69,sim-u69-s1,7,,synthetic,1,2026-03-20T19:16:03.303639+00:00,"{""category_id"": 1}"
ac9a2ede-45fa-4714-9930-61876feedb65,checkout_started,69,sim-u69-s1,,checkout,synthetic,4,2026-03-20T19:17:29.303639+00:00,{}
0a27c9d6-2693-4b07-b4ba-5e402c85ac72,order_created,69,sim-u69-s1,7,,synthetic,5,2026-03-20T19:18:30.303639+00:00,"{""category_id"": 1}"
091b520f-e6db-4e0c-8fb4-a09dc1abc43d,order_paid,69,sim-u69-s1,7,,synthetic,6,2026-03-20T19:20:41.303639+00:00,"{""category_id"": 1}"
05aa7b43-bd43-4275-81a8-5a7dc078daac,order_completed,69,sim-u69-s1,7,,synthetic,6,2026-03-20T19:21:30.303639+00:00,"{""category_id"": 1}"
0433842b-2b39-433b-83c0-eb2806d88ff0,search_performed,69,sim-u69-s1,,usb c hub,synthetic,1,2026-03-20T19:22:00.303639+00:00,"{""search_query"": ""usb c hub""}"
3791cf38-8533-4ccc-aefc-3b885bef53a4,product_clicked,69,sim-u69-s1,6,,synthetic,2,2026-03-20T19:24:13.303639+00:00,"{""category_id"": 1}"
165ba687-e9f3-4d56-9d06-c4ec66aa3989,product_viewed,69,sim-u69-s1,6,,synthetic,1,2026-03-20T19:26:04.303639+00:00,"{""category_id"": 1}"
5ba3849b-02dc-48d5-b0a8-1efb0d417d0a,chat_message_sent,69,sim-u69-s1,6,Co goi y san pham thay the khong,synthetic,2,2026-03-20T19:28:30.303639+00:00,"{""category_id"": 1, ""intent"": ""advice""}"
3e6b7302-94ea-4182-baa6-66b18899812f,chat_started,99,sim-u99-s1,,start session,synthetic,1,2026-03-20T23:48:05.303639+00:00,"{""channel"": ""web""}"
37a42088-d55b-479e-b998-d72eac853bf6,search_performed,99,sim-u99-s1,,gaming keyboard,synthetic,1,2026-03-20T23:48:34.303639+00:00,"{""search_query"": ""gaming keyboard""}"
440f0dab-d644-4fc4-924c-25c2631c3ac7,product_clicked,99,sim-u99-s1,17,,synthetic,2,2026-03-20T23:49:49.303639+00:00,"{""category_id"": 6}"
bf823feb-554e-4a52-b28a-fc001b47b798,product_viewed,99,sim-u99-s1,17,,synthetic,1,2026-03-20T23:50:57.303639+00:00,"{""category_id"": 6}"
e35fe895-d4ee-457c-9ce0-dfcb53a28608,cart_viewed,99,sim-u99-s1,,open cart,synthetic,1,2026-03-20T23:53:36.303639+00:00,{}
e2ffba77-67b5-4b66-8003-de66d5a8bb8c,cart_item_added,99,sim-u99-s1,17,,synthetic,4,2026-03-20T23:54:38.303639+00:00,"{""category_id"": 6}"
bdba4c10-c631-4185-9698-75d11fae2b4b,cart_item_removed,99,sim-u99-s1,17,,synthetic,1,2026-03-20T23:55:51.303639+00:00,"{""category_id"": 6}"
61ad5a1f-1ed2-48e4-b031-af7b07494c1a,checkout_started,99,sim-u99-s1,,checkout,synthetic,4,2026-03-20T23:56:59.303639+00:00,{}
7817b9c7-5dfc-4bc4-a9b2-658da3298ce9,order_created,99,sim-u99-s1,17,,synthetic,5,2026-03-20T23:59:46.303639+00:00,"{""category_id"": 6}"
85f1c522-45ae-4abd-ba18-86aa77e700de,order_cancelled,99,sim-u99-s1,17,,synthetic,-2,2026-03-21T00:01:40.303639+00:00,"{""category_id"": 6}"
be9d5fba-5b69-4575-a3d4-561d5353caa2,search_performed,99,sim-u99-s1,,monitor 27 inch,synthetic,1,2026-03-21T00:03:18.303639+00:00,"{""search_query"": ""monitor 27 inch""}"
4610db48-bd40-475a-b8ef-6034823a027e,product_clicked,99,sim-u99-s1,35,,synthetic,2,2026-03-21T00:05:46.303639+00:00,"{""category_id"": 15}"
fa9df3cf-9d74-4ca1-9a85-e147c12a8ed9,product_viewed,99,sim-u99-s1,35,,synthetic,1,2026-03-21T00:06:37.303639+00:00,"{""category_id"": 15}"
2878174c-7f5e-4f3f-97dd-457497ed4b0e,cart_viewed,99,sim-u99-s1,,open cart,synthetic,1,2026-03-21T00:08:53.303639+00:00,{}
1f735761-409b-4b31-932d-d5755c09e4c2,cart_item_added,99,sim-u99-s1,35,,synthetic,4,2026-03-21T00:10:58.303639+00:00,"{""category_id"": 15}"
736ef493-4d05-4ea3-9b8c-841069c0265d,cart_item_quantity_updated,99,sim-u99-s1,35,,synthetic,3,2026-03-21T00:13:36.303639+00:00,"{""category_id"": 15, ""quantity"": 3}"
92ec56fb-77c3-433e-8768-554f67e879a8,checkout_started,99,sim-u99-s1,,checkout,synthetic,4,2026-03-21T00:15:21.303639+00:00,{}
cc065464-b91c-44f9-8f47-f7b706f454b6,order_created,99,sim-u99-s1,35,,synthetic,5,2026-03-21T00:16:10.303639+00:00,"{""category_id"": 15}"
bb9d1b7a-08de-4a6a-bfbe-28b23e3044de,order_cancelled,99,sim-u99-s1,35,,synthetic,-2,2026-03-21T00:18:27.303639+00:00,"{""category_id"": 15}"
073c1ec7-8d82-4852-89ee-d1f119d6ae49,chat_message_sent,99,sim-u99-s1,35,San pham nay co uu diem gi,synthetic,2,2026-03-21T00:21:08.303639+00:00,"{""category_id"": 15, ""intent"": ""advice""}"
a983c999-2534-4196-80a1-2d183b4278d8,search_performed,99,sim-u99-s1,,office chair,synthetic,1,2026-03-21T00:23:46.303639+00:00,"{""search_query"": ""office chair""}"
0a27fcfc-9729-4741-b2d6-f49ecf5c0ad0,product_clicked,99,sim-u99-s1,16,,synthetic,2,2026-03-21T00:25:57.303639+00:00,"{""category_id"": 6}"
f485c3dd-aea7-494f-bbc7-d91d989daf8c,product_viewed,99,sim-u99-s1,16,,synthetic,1,2026-03-21T00:27:54.303639+00:00,"{""category_id"": 6}"
cc410cee-61cc-42f5-aa95-eacedbc468d7,cart_viewed,99,sim-u99-s1,,open cart,synthetic,1,2026-03-21T00:30:05.303639+00:00,{}
6c9192fe-fcbf-45e2-88d1-41491008343c,cart_item_added,99,sim-u99-s1,16,,synthetic,4,2026-03-21T00:31:37.303639+00:00,"{""category_id"": 6}"
aeb3a1f9-0016-4ddc-b37f-02c9821c09e2,checkout_started,99,sim-u99-s1,,checkout,synthetic,4,2026-03-21T00:32:22.303639+00:00,{}
07f164f9-9c8c-4405-a9ca-b8fcf053b3fc,order_created,99,sim-u99-s1,16,,synthetic,5,2026-03-21T00:33:04.303639+00:00,"{""category_id"": 6}"
84bd3977-a607-4e47-8b7f-4b08ff69d0eb,order_paid,99,sim-u99-s1,16,,synthetic,6,2026-03-21T00:33:50.303639+00:00,"{""category_id"": 6}"
b2c030a0-01fe-44bf-9530-0a268c758373,order_completed,99,sim-u99-s1,16,,synthetic,6,2026-03-21T00:34:32.303639+00:00,"{""category_id"": 6}"
3535bd31-7f44-4e32-9957-ac59223a15da,chat_message_sent,99,sim-u99-s1,16,Co goi y san pham thay the khong,synthetic,2,2026-03-21T00:35:18.303639+00:00,"{""category_id"": 6, ""intent"": ""advice""}"
3d4febdd-f5d4-4da9-98ba-d451169de021,chat_started,52,sim-u52-s1,,start session,synthetic,1,2026-03-21T01:46:51.303639+00:00,"{""channel"": ""web""}"
eb2a5b82-f6eb-4d99-91a7-80e564523680,search_performed,52,sim-u52-s1,,monitor 27 inch,synthetic,1,2026-03-21T01:49:11.303639+00:00,"{""search_query"": ""monitor 27 inch""}"
1f823b5a-3a72-4b7e-bed0-d2a7d73a77b7,product_clicked,52,sim-u52-s1,33,,synthetic,2,2026-03-21T01:50:05.303639+00:00,"{""category_id"": 14}"
6e5a4d35-ea9a-435d-a4c8-784050b76d9c,product_viewed,52,sim-u52-s1,33,,synthetic,1,2026-03-21T01:50:56.303639+00:00,"{""category_id"": 14}"
094eae54-4588-46a5-acc9-00ad330cec4c,cart_viewed,52,sim-u52-s1,,open cart,synthetic,1,2026-03-21T01:52:26.303639+00:00,{}
e9f153e2-581c-494e-9a82-c5d1a1ec0467,cart_item_added,52,sim-u52-s1,33,,synthetic,4,2026-03-21T01:54:10.303639+00:00,"{""category_id"": 14}"
8880f4ff-790c-4cf5-84f2-b8281c803771,cart_item_quantity_updated,52,sim-u52-s1,33,,synthetic,3,2026-03-21T01:55:23.303639+00:00,"{""category_id"": 14, ""quantity"": 4}"
92236d05-d73a-4076-9234-bea7fdc35d7f,checkout_started,52,sim-u52-s1,,checkout,synthetic,4,2026-03-21T01:58:19.303639+00:00,{}
f79476f6-cbf3-4a12-bb84-ea1670c075c7,order_created,52,sim-u52-s1,33,,synthetic,5,2026-03-21T01:58:53.303639+00:00,"{""category_id"": 14}"
d1c299ac-e952-4f76-ad7d-c99b26772a71,order_paid,52,sim-u52-s1,33,,synthetic,6,2026-03-21T02:01:28.303639+00:00,"{""category_id"": 14}"
ce55d202-c643-490b-bce6-d7efae19e9ed,order_completed,52,sim-u52-s1,33,,synthetic,6,2026-03-21T02:02:10.303639+00:00,"{""category_id"": 14}"
6c5d3776-14ed-4cfb-b5f1-d60a5412cdbf,chat_message_sent,52,sim-u52-s1,33,Nen chon mau nao cho cong viec van phong,synthetic,2,2026-03-21T02:04:19.303639+00:00,"{""category_id"": 14, ""intent"": ""advice""}"
b3aeea87-d608-4878-998f-cd25561918bd,search_performed,52,sim-u52-s1,,noise cancelling headset,synthetic,1,2026-03-21T02:05:45.303639+00:00,"{""search_query"": ""noise cancelling headset""}"
2703fb75-f9a1-4a89-8ab0-a2d6488be2ba,product_clicked,52,sim-u52-s1,16,,synthetic,2,2026-03-21T02:08:19.303639+00:00,"{""category_id"": 6}"
c0a11378-7217-411f-8be6-7dbc5da00fd3,product_viewed,52,sim-u52-s1,16,,synthetic,1,2026-03-21T02:11:06.303639+00:00,"{""category_id"": 6}"
c3908bd0-be76-416c-a861-c54c01fddec2,chat_message_sent,52,sim-u52-s1,16,San pham nay co uu diem gi,synthetic,2,2026-03-21T02:14:03.303639+00:00,"{""category_id"": 6, ""intent"": ""advice""}"
ae1e77cf-583a-4c59-8e36-6acd32796b93,search_performed,52,sim-u52-s1,,usb c hub,synthetic,1,2026-03-21T02:16:36.303639+00:00,"{""search_query"": ""usb c hub""}"
64682277-1f86-4f98-ac52-7a509ef1182f,product_clicked,52,sim-u52-s1,17,,synthetic,2,2026-03-21T02:19:03.303639+00:00,"{""category_id"": 6}"
38ae8808-136b-45a6-a35d-12641ba33dcb,product_viewed,52,sim-u52-s1,17,,synthetic,1,2026-03-21T02:21:29.303639+00:00,"{""category_id"": 6}"
0d7e5761-d494-46f6-86a7-b9ad5ba48adb,chat_started,93,sim-u93-s3,,start session,synthetic,1,2026-03-21T03:43:29.303639+00:00,"{""channel"": ""web""}"
798c045f-da16-4cd6-8db0-28c061c8ed1a,search_performed,93,sim-u93-s3,,monitor 27 inch,synthetic,1,2026-03-21T03:44:34.303639+00:00,"{""search_query"": ""monitor 27 inch""}"
2e1c1f41-2fa8-4424-a5f9-bb42ff6c5c01,product_clicked,93,sim-u93-s3,12,,synthetic,2,2026-03-21T03:45:59.303639+00:00,"{""category_id"": 4}"
3e5a840b-0fbe-4eb8-83af-f5d7d712f5aa,product_viewed,93,sim-u93-s3,12,,synthetic,1,2026-03-21T03:46:23.303639+00:00,"{""category_id"": 4}"
15d4d86c-cbbd-46a0-b82b-12488f6e3fe9,cart_viewed,93,sim-u93-s3,,open cart,synthetic,1,2026-03-21T03:49:12.303639+00:00,{}
31edfc11-a6c0-40a9-a037-1091ce9b1068,cart_item_added,93,sim-u93-s3,12,,synthetic,4,2026-03-21T03:49:59.303639+00:00,"{""category_id"": 4}"
a52d20cd-2fdd-45ca-8756-633dd571422e,checkout_started,93,sim-u93-s3,,checkout,synthetic,4,2026-03-21T03:51:24.303639+00:00,{}
eac30fd1-0369-4772-9532-1cca3d8c92db,order_created,93,sim-u93-s3,12,,synthetic,5,2026-03-21T03:54:24.303639+00:00,"{""category_id"": 4}"
daf1d652-a3e9-45d8-b592-0dd7954166ef,order_paid,93,sim-u93-s3,12,,synthetic,6,2026-03-21T03:57:05.303639+00:00,"{""category_id"": 4}"
016d71ef-34a2-4659-9d06-fd892623f7c3,order_completed,93,sim-u93-s3,12,,synthetic,6,2026-03-21T03:58:17.303639+00:00,"{""category_id"": 4}"
04aced0c-cc47-4aad-ab66-5cd8348defd0,chat_message_sent,93,sim-u93-s3,,San pham nay co uu diem gi,synthetic,2,2026-03-21T04:00:00.303639+00:00,"{""intent"": ""followup""}"
99318503-0f31-4c10-8bee-acb37a8c7a61,chat_started,21,sim-u21-s1,,start session,synthetic,1,2026-03-21T05:34:01.303639+00:00,"{""channel"": ""web""}"
73603c33-1b0a-408a-98e3-5cae7f61c47c,search_performed,21,sim-u21-s1,,ergonomic desk,synthetic,1,2026-03-21T05:34:38.303639+00:00,"{""search_query"": ""ergonomic desk""}"
28ece1d2-ee3e-44f4-91a0-c45a2bf2144e,chat_started,63,sim-u63-s1,,start session,synthetic,1,2026-03-21T05:34:49.303639+00:00,"{""channel"": ""web""}"
8047f07d-df58-4514-8284-a3a9590fedcc,product_clicked,21,sim-u21-s1,28,,synthetic,2,2026-03-21T05:35:23.303639+00:00,"{""category_id"": 12}"
dc4298cb-ca47-44ff-a535-c00c32d23a5a,search_performed,63,sim-u63-s1,,gaming keyboard,synthetic,1,2026-03-21T05:36:13.303639+00:00,"{""search_query"": ""gaming keyboard""}"
b09832f3-6693-47f8-a2a1-f39c1830ecd4,product_clicked,63,sim-u63-s1,20,,synthetic,2,2026-03-21T05:36:44.303639+00:00,"{""category_id"": 8}"
4cc74e3e-ea72-4086-9852-353a7e90a31f,product_viewed,63,sim-u63-s1,20,,synthetic,1,2026-03-21T05:37:20.303639+00:00,"{""category_id"": 8}"
56f146f9-8569-4a79-9f51-a1a89143e3a8,cart_viewed,63,sim-u63-s1,,open cart,synthetic,1,2026-03-21T05:37:42.303639+00:00,{}
368bfebe-571c-4868-b9d6-63662072aede,product_viewed,21,sim-u21-s1,28,,synthetic,1,2026-03-21T05:38:15.303639+00:00,"{""category_id"": 12}"
e50dbf2d-fbcd-454d-b87d-096b83ee5933,cart_item_added,63,sim-u63-s1,20,,synthetic,4,2026-03-21T05:38:26.303639+00:00,"{""category_id"": 8}"
ebd3bf5d-5b71-4678-84ab-f0992c71a554,checkout_started,63,sim-u63-s1,,checkout,synthetic,4,2026-03-21T05:39:38.303639+00:00,{}
4fc47176-4c07-4636-9a41-c80fe6f4d04e,cart_viewed,21,sim-u21-s1,,open cart,synthetic,1,2026-03-21T05:41:08.303639+00:00,{}
4f208ab1-e92a-4716-9038-c6a6d4054150,cart_item_added,21,sim-u21-s1,28,,synthetic,4,2026-03-21T05:41:40.303639+00:00,"{""category_id"": 12}"
020df2bb-aa69-4e89-bedf-e8c1c417c3b7,order_created,63,sim-u63-s1,20,,synthetic,5,2026-03-21T05:42:28.303639+00:00,"{""category_id"": 8}"
c3854735-c6d5-494e-ad68-894a0b66b728,order_cancelled,63,sim-u63-s1,20,,synthetic,-2,2026-03-21T05:43:35.303639+00:00,"{""category_id"": 8}"
97b305b2-c31d-42c6-9ec4-559d665264ba,cart_item_quantity_updated,21,sim-u21-s1,28,,synthetic,3,2026-03-21T05:43:42.303639+00:00,"{""category_id"": 12, ""quantity"": 2}"
f62bd3bf-457b-4998-8b23-e56d1e359651,chat_message_sent,63,sim-u63-s1,20,Tu van cho toi mot san pham phu hop nhu cau,synthetic,2,2026-03-21T05:44:18.303639+00:00,"{""category_id"": 8, ""intent"": ""advice""}"
6f8800b1-e84d-43b3-8f67-8daea6972817,chat_started,95,sim-u95-s3,,start session,synthetic,1,2026-03-21T05:44:54.303639+00:00,"{""channel"": ""web""}"
97de2536-1d63-4a3d-a234-dacf87ae10d9,checkout_started,21,sim-u21-s1,,checkout,synthetic,4,2026-03-21T05:46:20.303639+00:00,{}
014c27ea-9adc-4117-8a39-25b08c64e84e,search_performed,95,sim-u95-s3,,laptop stand,synthetic,1,2026-03-21T05:47:21.303639+00:00,"{""search_query"": ""laptop stand""}"
0efe39b8-e256-4844-b230-a78c79cc73ab,order_created,21,sim-u21-s1,28,,synthetic,5,2026-03-21T05:47:35.303639+00:00,"{""category_id"": 12}"
0d22cb8b-42e3-447f-b456-b3a7a5b62d72,order_paid,21,sim-u21-s1,28,,synthetic,6,2026-03-21T05:48:09.303639+00:00,"{""category_id"": 12}"
e90d0fe1-0d0d-480e-8e9c-13ac94559622,order_completed,21,sim-u21-s1,28,,synthetic,6,2026-03-21T05:49:04.303639+00:00,"{""category_id"": 12}"
0cd43279-292f-403c-9ba3-a3ecfe294b4d,product_clicked,95,sim-u95-s3,22,,synthetic,2,2026-03-21T05:49:58.303639+00:00,"{""category_id"": 9}"
9b306083-286d-4c4e-bd7c-47d6c26bdb87,chat_message_sent,21,sim-u21-s1,28,Nen chon mau nao cho cong viec van phong,synthetic,2,2026-03-21T05:50:23.303639+00:00,"{""category_id"": 12, ""intent"": ""advice""}"
9f2c4c9d-95fa-4974-b920-d19f8e19cf1f,product_viewed,95,sim-u95-s3,22,,synthetic,1,2026-03-21T05:52:34.303639+00:00,"{""category_id"": 9}"
233b2496-1f8b-4795-a304-d87836d63c44,cart_viewed,95,sim-u95-s3,,open cart,synthetic,1,2026-03-21T05:55:11.303639+00:00,{}
f1c7962c-5b0b-4ba0-b145-ef528759bfd1,cart_item_added,95,sim-u95-s3,22,,synthetic,4,2026-03-21T05:56:29.303639+00:00,"{""category_id"": 9}"
39e9b3cb-dd53-4e4f-b67b-52037a4fe4db,cart_item_quantity_updated,95,sim-u95-s3,22,,synthetic,3,2026-03-21T05:58:36.303639+00:00,"{""category_id"": 9, ""quantity"": 4}"
e032fbdc-69c9-4a3f-a9dd-fce09266bf3c,checkout_started,95,sim-u95-s3,,checkout,synthetic,4,2026-03-21T05:59:52.303639+00:00,{}
5a81efc3-7b73-413a-a961-7255e7c26e1c,order_created,95,sim-u95-s3,22,,synthetic,5,2026-03-21T06:00:34.303639+00:00,"{""category_id"": 9}"
c113d5c5-1e7c-47a4-aad4-5a232b264f32,order_paid,95,sim-u95-s3,22,,synthetic,6,2026-03-21T06:00:54.303639+00:00,"{""category_id"": 9}"
109e47d6-b412-41ad-ad03-327ecbad8fc5,order_completed,95,sim-u95-s3,22,,synthetic,6,2026-03-21T06:02:06.303639+00:00,"{""category_id"": 9}"
07430239-02ff-4aeb-9c87-3fccdaca1d6c,search_performed,95,sim-u95-s3,,noise cancelling headset,synthetic,1,2026-03-21T06:04:48.303639+00:00,"{""search_query"": ""noise cancelling headset""}"
78158b52-7ef8-424a-94b4-92934222fc31,product_clicked,95,sim-u95-s3,35,,synthetic,2,2026-03-21T06:07:09.303639+00:00,"{""category_id"": 15}"
6bad95f3-7432-44d8-b52b-dd04b8222751,product_viewed,95,sim-u95-s3,35,,synthetic,1,2026-03-21T06:08:03.303639+00:00,"{""category_id"": 15}"
1d1c1ed2-3ccc-4632-9c94-39076b9b60c8,chat_message_sent,95,sim-u95-s3,35,Nen chon mau nao cho cong viec van phong,synthetic,2,2026-03-21T06:09:55.303639+00:00,"{""category_id"": 15, ""intent"": ""advice""}"
cf2634da-25b9-4061-a75e-643c93d4e9ad,chat_started,65,sim-u65-s2,,start session,synthetic,1,2026-03-21T08:11:29.303639+00:00,"{""channel"": ""web""}"
f32982df-7c34-4699-bfa4-5fd863325f75,search_performed,65,sim-u65-s2,,gaming keyboard,synthetic,1,2026-03-21T08:13:38.303639+00:00,"{""search_query"": ""gaming keyboard""}"
3f9bf08c-9000-4fd2-b299-d70781b13296,product_clicked,65,sim-u65-s2,23,,synthetic,2,2026-03-21T08:15:26.303639+00:00,"{""category_id"": 9}"
e6c7f108-b889-485c-9748-0e2bcea8a129,product_viewed,65,sim-u65-s2,23,,synthetic,1,2026-03-21T08:17:17.303639+00:00,"{""category_id"": 9}"
22f81a90-da9a-4e52-8f6a-9a3fdec2c036,cart_viewed,65,sim-u65-s2,,open cart,synthetic,1,2026-03-21T08:17:51.303639+00:00,{}
c7770ae1-6ffc-4dfd-941c-b44622f62437,cart_item_added,65,sim-u65-s2,23,,synthetic,4,2026-03-21T08:19:13.303639+00:00,"{""category_id"": 9}"
7a1a270f-418e-467f-b3ef-4df78f6bf5a8,cart_item_quantity_updated,65,sim-u65-s2,23,,synthetic,3,2026-03-21T08:20:52.303639+00:00,"{""category_id"": 9, ""quantity"": 4}"
a7945e0f-b8fc-432a-998d-6f49f3b848a6,checkout_started,65,sim-u65-s2,,checkout,synthetic,4,2026-03-21T08:21:28.303639+00:00,{}
58c13882-fc6c-4cc7-8a9a-c482fb13781b,order_created,65,sim-u65-s2,23,,synthetic,5,2026-03-21T08:23:06.303639+00:00,"{""category_id"": 9}"
616d867b-9c85-4907-a79d-f2f701fee748,order_paid,65,sim-u65-s2,23,,synthetic,6,2026-03-21T08:24:09.303639+00:00,"{""category_id"": 9}"
0fc6dc0c-94f2-4e45-abc4-0c6bc5c152ac,order_completed,65,sim-u65-s2,23,,synthetic,6,2026-03-21T08:24:34.303639+00:00,"{""category_id"": 9}"
26ae1fc0-c997-4882-acbc-bed972ccfcd6,chat_message_sent,65,sim-u65-s2,23,Tu van cho toi mot san pham phu hop nhu cau,synthetic,2,2026-03-21T08:26:51.303639+00:00,"{""category_id"": 9, ""intent"": ""advice""}"
3a842bf5-9e59-47f5-9982-a00fc3191244,search_performed,65,sim-u65-s2,,mechanical keyboard,synthetic,1,2026-03-21T08:29:36.303639+00:00,"{""search_query"": ""mechanical keyboard""}"
83055f85-0c71-4f18-8578-06755cf47100,product_clicked,65,sim-u65-s2,14,,synthetic,2,2026-03-21T08:32:07.303639+00:00,"{""category_id"": 5}"
76c708c6-78b4-4e6c-8f9b-85b3ae889c15,product_viewed,65,sim-u65-s2,14,,synthetic,1,2026-03-21T08:34:14.303639+00:00,"{""category_id"": 5}"
1a7eda78-6f4b-433f-bef4-3e8b963c09c1,cart_viewed,65,sim-u65-s2,,open cart,synthetic,1,2026-03-21T08:36:34.303639+00:00,{}
078b6059-54c2-4ab9-b490-8ada9f51bd4a,cart_item_added,65,sim-u65-s2,14,,synthetic,4,2026-03-21T08:39:24.303639+00:00,"{""category_id"": 5}"
2e61e525-04cb-4e77-bebf-f5db808a474d,cart_item_quantity_updated,65,sim-u65-s2,14,,synthetic,3,2026-03-21T08:41:20.303639+00:00,"{""category_id"": 5, ""quantity"": 3}"
f40a1520-711d-4fde-9e35-6f3b0a27eefa,checkout_started,65,sim-u65-s2,,checkout,synthetic,4,2026-03-21T08:43:02.303639+00:00,{}
e2f1f485-23bd-48af-80a5-f04dac0c9d8c,order_created,65,sim-u65-s2,14,,synthetic,5,2026-03-21T08:45:48.303639+00:00,"{""category_id"": 5}"
ed1c8b3a-296d-4592-bd2a-2c0fdb3fda36,order_paid,65,sim-u65-s2,14,,synthetic,6,2026-03-21T08:48:13.303639+00:00,"{""category_id"": 5}"
dbf0e3f1-8426-4ee3-bd70-e511f0d35413,order_completed,65,sim-u65-s2,14,,synthetic,6,2026-03-21T08:48:58.303639+00:00,"{""category_id"": 5}"
9e5f9c01-87aa-41aa-bc97-fe5700fe7dfd,chat_message_sent,65,sim-u65-s2,14,San pham nay co uu diem gi,synthetic,2,2026-03-21T08:50:44.303639+00:00,"{""category_id"": 5, ""intent"": ""advice""}"
c17f1828-a914-4f65-952e-93329da54a87,chat_started,5,sim-u5-s2,,start session,synthetic,1,2026-03-21T10:23:33.303639+00:00,"{""channel"": ""web""}"
de311d33-b9f7-4e4f-adeb-ed18f99974c1,search_performed,5,sim-u5-s2,,gaming keyboard,synthetic,1,2026-03-21T10:25:49.303639+00:00,"{""search_query"": ""gaming keyboard""}"
5bdd7ff5-efcc-4a6e-9353-c66e5e9d1673,product_clicked,5,sim-u5-s2,28,,synthetic,2,2026-03-21T10:26:43.303639+00:00,"{""category_id"": 12}"
4a2c2760-5302-4c69-90de-7cac7abf4924,product_viewed,5,sim-u5-s2,28,,synthetic,1,2026-03-21T10:29:01.303639+00:00,"{""category_id"": 12}"
2f36e983-5851-40fa-9f47-1edc71048b9a,cart_viewed,5,sim-u5-s2,,open cart,synthetic,1,2026-03-21T10:31:44.303639+00:00,{}
b301be6c-3f9e-483a-9038-bc81c34f3e53,cart_item_added,5,sim-u5-s2,28,,synthetic,4,2026-03-21T10:34:36.303639+00:00,"{""category_id"": 12}"
8d9ace96-6103-4ae4-a17e-a49dad19cc00,cart_item_quantity_updated,5,sim-u5-s2,28,,synthetic,3,2026-03-21T10:37:32.303639+00:00,"{""category_id"": 12, ""quantity"": 3}"
d3f0b399-e4fe-486e-9001-811ff45ce338,checkout_started,5,sim-u5-s2,,checkout,synthetic,4,2026-03-21T10:40:01.303639+00:00,{}
3fb43dfe-2256-4f2b-8cd2-b4c7b4332bb9,order_created,5,sim-u5-s2,28,,synthetic,5,2026-03-21T10:42:10.303639+00:00,"{""category_id"": 12}"
dca0bbff-cebd-489d-a415-dd676a0b96df,order_paid,5,sim-u5-s2,28,,synthetic,6,2026-03-21T10:44:50.303639+00:00,"{""category_id"": 12}"
3472bf26-c166-4f85-bdab-72c9fa2e9f02,order_completed,5,sim-u5-s2,28,,synthetic,6,2026-03-21T10:47:04.303639+00:00,"{""category_id"": 12}"
7f40ef7d-7e72-4d40-bebc-eba94e66ad4a,search_performed,5,sim-u5-s2,,usb c hub,synthetic,1,2026-03-21T10:49:19.303639+00:00,"{""search_query"": ""usb c hub""}"
eee98d2c-dac1-43ae-ae7b-d4aed821e1bc,product_clicked,5,sim-u5-s2,12,,synthetic,2,2026-03-21T10:50:45.303639+00:00,"{""category_id"": 4}"
2375e932-1973-4e8e-9a72-e09e19293494,product_viewed,5,sim-u5-s2,12,,synthetic,1,2026-03-21T10:52:08.303639+00:00,"{""category_id"": 4}"
58a7febb-3c53-444d-b6f3-2c50a0ab2894,chat_message_sent,5,sim-u5-s2,12,Co goi y san pham thay the khong,synthetic,2,2026-03-21T10:55:08.303639+00:00,"{""category_id"": 4, ""intent"": ""advice""}"
c4a0c6dc-efb7-4717-85c2-e849b4e80b42,search_performed,5,sim-u5-s2,,monitor 27 inch,synthetic,1,2026-03-21T10:57:20.303639+00:00,"{""search_query"": ""monitor 27 inch""}"
85e5eb14-8f45-4110-ac9d-9e829d59f527,product_clicked,5,sim-u5-s2,28,,synthetic,2,2026-03-21T10:57:59.303639+00:00,"{""category_id"": 12}"
238fbf68-0180-4505-a3a6-fecf82d491c2,product_viewed,5,sim-u5-s2,28,,synthetic,1,2026-03-21T10:59:32.303639+00:00,"{""category_id"": 12}"
cbd36d87-f899-4f51-8836-f027540cd500,cart_viewed,5,sim-u5-s2,,open cart,synthetic,1,2026-03-21T11:01:17.303639+00:00,{}
0097a239-6eb3-408c-97e4-9f75ea616e1b,cart_item_added,5,sim-u5-s2,28,,synthetic,4,2026-03-21T11:02:58.303639+00:00,"{""category_id"": 12}"
7f8b39ee-4255-4df5-a96d-3de14958b4fd,cart_item_removed,5,sim-u5-s2,28,,synthetic,1,2026-03-21T11:03:56.303639+00:00,"{""category_id"": 12}"
8e926699-2b9d-4320-9c6c-94851a4cd1a2,checkout_started,5,sim-u5-s2,,checkout,synthetic,4,2026-03-21T11:05:15.303639+00:00,{}
a59015ef-8644-412b-82eb-729eca5486d8,order_created,5,sim-u5-s2,28,,synthetic,5,2026-03-21T11:07:13.303639+00:00,"{""category_id"": 12}"
936233cf-8132-4765-9b0f-6bdb43f8fb62,order_paid,5,sim-u5-s2,28,,synthetic,6,2026-03-21T11:08:27.303639+00:00,"{""category_id"": 12}"
dd324359-e6ef-4a5f-ba41-aeeb73fa49ed,order_completed,5,sim-u5-s2,28,,synthetic,6,2026-03-21T11:09:03.303639+00:00,"{""category_id"": 12}"
78eca3b1-2e24-4938-866b-f5f02a8774d0,chat_message_sent,5,sim-u5-s2,28,Nen chon mau nao cho cong viec van phong,synthetic,2,2026-03-21T11:11:41.303639+00:00,"{""category_id"": 12, ""intent"": ""advice""}"
76a2f6b2-3244-4780-ab1d-49a61ede0b72,chat_started,41,sim-u41-s3,,start session,synthetic,1,2026-03-21T11:37:37.303639+00:00,"{""channel"": ""web""}"
d449c74e-0dbc-4e64-b557-757631a25042,search_performed,41,sim-u41-s3,,webcam full hd,synthetic,1,2026-03-21T11:38:22.303639+00:00,"{""search_query"": ""webcam full hd""}"
668e7e6e-a759-44f0-849f-572aa08a8161,product_clicked,41,sim-u41-s3,17,,synthetic,2,2026-03-21T11:40:30.303639+00:00,"{""category_id"": 6}"
8d923295-a399-454b-bacb-4d2804d7732e,product_viewed,41,sim-u41-s3,17,,synthetic,1,2026-03-21T11:41:24.303639+00:00,"{""category_id"": 6}"
ce227a5c-86aa-48ce-8f3b-9e2263476f72,cart_viewed,41,sim-u41-s3,,open cart,synthetic,1,2026-03-21T11:42:43.303639+00:00,{}
29a1480c-0383-4ddc-8607-504de27cf396,cart_item_added,41,sim-u41-s3,17,,synthetic,4,2026-03-21T11:43:24.303639+00:00,"{""category_id"": 6}"
1d0d7702-a08a-4ffd-bfdf-9060d17a78ff,cart_item_quantity_updated,41,sim-u41-s3,17,,synthetic,3,2026-03-21T11:45:28.303639+00:00,"{""category_id"": 6, ""quantity"": 4}"
53a49c3b-7765-4402-a19a-94946164fe7c,checkout_started,41,sim-u41-s3,,checkout,synthetic,4,2026-03-21T11:45:49.303639+00:00,{}
9d4d3fa4-e0e7-4970-9504-46a23645611d,order_created,41,sim-u41-s3,17,,synthetic,5,2026-03-21T11:46:10.303639+00:00,"{""category_id"": 6}"
f0cd9c10-8741-4be4-89ce-9d64072b8375,order_paid,41,sim-u41-s3,17,,synthetic,6,2026-03-21T11:47:00.303639+00:00,"{""category_id"": 6}"
919e4c2b-b10d-4797-a963-034fe0fa35ac,order_completed,41,sim-u41-s3,17,,synthetic,6,2026-03-21T11:49:33.303639+00:00,"{""category_id"": 6}"
5c5c8e31-e940-42a4-8c96-97e5fe60787b,chat_message_sent,41,sim-u41-s3,17,San pham nay co uu diem gi,synthetic,2,2026-03-21T11:51:13.303639+00:00,"{""category_id"": 6, ""intent"": ""advice""}"
38d4dea5-aff6-4e65-a786-9d530a12c2dd,search_performed,41,sim-u41-s3,,noise cancelling headset,synthetic,1,2026-03-21T11:52:00.303639+00:00,"{""search_query"": ""noise cancelling headset""}"
592bc452-e9e1-4d84-9e78-d6f1d813457a,product_clicked,41,sim-u41-s3,22,,synthetic,2,2026-03-21T11:52:59.303639+00:00,"{""category_id"": 9}"
532de055-7730-4acb-9136-dcd796208f3f,product_viewed,41,sim-u41-s3,22,,synthetic,1,2026-03-21T11:55:08.303639+00:00,"{""category_id"": 9}"
35f02d87-cc04-4047-af86-750259e0a407,cart_viewed,41,sim-u41-s3,,open cart,synthetic,1,2026-03-21T11:56:32.303639+00:00,{}
baf48e1b-9aba-4a86-91e6-8e3331592113,cart_item_added,41,sim-u41-s3,22,,synthetic,4,2026-03-21T11:57:58.303639+00:00,"{""category_id"": 9}"
b3e238ed-49cc-41d6-95c3-907afdab4610,checkout_started,41,sim-u41-s3,,checkout,synthetic,4,2026-03-21T11:59:51.303639+00:00,{}
b52ee75f-1eeb-4091-9bf4-cb6f088a5a21,order_created,41,sim-u41-s3,22,,synthetic,5,2026-03-21T12:02:47.303639+00:00,"{""category_id"": 9}"
ef589ccd-5fe6-4cc5-a2f0-2dfecc1effc1,order_paid,41,sim-u41-s3,22,,synthetic,6,2026-03-21T12:04:48.303639+00:00,"{""category_id"": 9}"
c3e89681-45b7-476d-8196-751e04207ca7,order_completed,41,sim-u41-s3,22,,synthetic,6,2026-03-21T12:06:00.303639+00:00,"{""category_id"": 9}"
707dcc87-7230-4bb4-a500-93187e305f71,chat_message_sent,41,sim-u41-s3,22,Co goi y san pham thay the khong,synthetic,2,2026-03-21T12:07:05.303639+00:00,"{""category_id"": 9, ""intent"": ""advice""}"
8dfbb795-0100-4dcf-8331-221a59894605,chat_started,53,sim-u53-s1,,start session,synthetic,1,2026-03-21T13:56:05.303639+00:00,"{""channel"": ""web""}"
b72d816b-c6fb-42f9-8b86-45b8b882f8a8,search_performed,53,sim-u53-s1,,webcam full hd,synthetic,1,2026-03-21T13:57:45.303639+00:00,"{""search_query"": ""webcam full hd""}"
21179a50-3976-4163-88db-ad8b9442ced1,product_clicked,53,sim-u53-s1,26,,synthetic,2,2026-03-21T14:00:27.303639+00:00,"{""category_id"": 11}"
4cb566e0-f433-41c9-8958-b5b23f682f38,product_viewed,53,sim-u53-s1,26,,synthetic,1,2026-03-21T14:03:04.303639+00:00,"{""category_id"": 11}"
cc329ef7-ef22-45ac-a0f2-698c4d8d1a5d,cart_viewed,53,sim-u53-s1,,open cart,synthetic,1,2026-03-21T14:05:51.303639+00:00,{}
800ecb0c-70db-4a8a-aa19-59f13a3d55cc,cart_item_added,53,sim-u53-s1,26,,synthetic,4,2026-03-21T14:07:35.303639+00:00,"{""category_id"": 11}"
277fb46f-42e0-4903-854b-0350d9ebf9f9,checkout_started,53,sim-u53-s1,,checkout,synthetic,4,2026-03-21T14:09:25.303639+00:00,{}
666e31eb-8946-48df-a4c1-2673ee26d362,order_created,53,sim-u53-s1,26,,synthetic,5,2026-03-21T14:10:01.303639+00:00,"{""category_id"": 11}"
97b2180d-527e-4db7-8b8d-6b6e11a26547,order_cancelled,53,sim-u53-s1,26,,synthetic,-2,2026-03-21T14:11:32.303639+00:00,"{""category_id"": 11}"
0be7d7ec-005b-494a-92d1-570269a07a88,search_performed,53,sim-u53-s1,,mechanical keyboard,synthetic,1,2026-03-21T14:14:32.303639+00:00,"{""search_query"": ""mechanical keyboard""}"
5d3d5c96-8550-4ea1-a55b-525eb04c6aa9,product_clicked,53,sim-u53-s1,25,,synthetic,2,2026-03-21T14:17:08.303639+00:00,"{""category_id"": 10}"
f2cd6dfb-6b01-4b20-b89a-0764399dad7f,product_viewed,53,sim-u53-s1,25,,synthetic,1,2026-03-21T14:18:10.303639+00:00,"{""category_id"": 10}"
8ad58a22-f134-4755-b35f-de0d48e63462,cart_viewed,53,sim-u53-s1,,open cart,synthetic,1,2026-03-21T14:20:09.303639+00:00,{}
a6eddc52-f9c9-4986-b808-61f6ce08f9c5,cart_item_added,53,sim-u53-s1,25,,synthetic,4,2026-03-21T14:21:16.303639+00:00,"{""category_id"": 10}"
5bb54de2-063d-45d5-9e6e-ecefc7c5619d,cart_item_quantity_updated,53,sim-u53-s1,25,,synthetic,3,2026-03-21T14:22:56.303639+00:00,"{""category_id"": 10, ""quantity"": 3}"
b1f30a81-0b13-440e-a400-03d1cc36ea15,checkout_started,53,sim-u53-s1,,checkout,synthetic,4,2026-03-21T14:24:25.303639+00:00,{}
60a12bf2-818f-41ab-a53f-b47e2f3116f3,order_created,53,sim-u53-s1,25,,synthetic,5,2026-03-21T14:26:30.303639+00:00,"{""category_id"": 10}"
827d09df-57ba-4606-9710-16f7d2d5338a,order_paid,53,sim-u53-s1,25,,synthetic,6,2026-03-21T14:27:50.303639+00:00,"{""category_id"": 10}"
59602eee-ec7a-4103-81b0-a7e947b89a9d,order_completed,53,sim-u53-s1,25,,synthetic,6,2026-03-21T14:29:45.303639+00:00,"{""category_id"": 10}"
64392738-d1d3-4c03-ab6e-d39fca5bbcdb,chat_message_sent,53,sim-u53-s1,25,Nen chon mau nao cho cong viec van phong,synthetic,2,2026-03-21T14:31:00.303639+00:00,"{""category_id"": 10, ""intent"": ""advice""}"
70264cef-0011-4c16-a04b-5bda86d95dba,search_performed,53,sim-u53-s1,,monitor 27 inch,synthetic,1,2026-03-21T14:32:04.303639+00:00,"{""search_query"": ""monitor 27 inch""}"
74a0d80c-05a7-4c32-9083-727145757b62,product_clicked,53,sim-u53-s1,19,,synthetic,2,2026-03-21T14:32:52.303639+00:00,"{""category_id"": 7}"
409a1485-9624-4872-811e-67a0aaaf4fb7,product_viewed,53,sim-u53-s1,19,,synthetic,1,2026-03-21T14:34:47.303639+00:00,"{""category_id"": 7}"
b0a6cfee-6349-4648-b183-73da43eb1a37,cart_viewed,53,sim-u53-s1,,open cart,synthetic,1,2026-03-21T14:35:58.303639+00:00,{}
7bb35fbd-eccc-457e-bb1c-f4aa9fcf12d4,cart_item_added,53,sim-u53-s1,19,,synthetic,4,2026-03-21T14:36:41.303639+00:00,"{""category_id"": 7}"
ecb45eb4-e386-4055-bf5f-1ef6870e0a2f,cart_item_quantity_updated,53,sim-u53-s1,19,,synthetic,3,2026-03-21T14:39:04.303639+00:00,"{""category_id"": 7, ""quantity"": 2}"
561e8428-8720-434d-9309-31318f740af6,checkout_started,53,sim-u53-s1,,checkout,synthetic,4,2026-03-21T14:40:03.303639+00:00,{}
096d9072-a4f0-41e3-8e68-5a722177a668,order_created,53,sim-u53-s1,19,,synthetic,5,2026-03-21T14:41:11.303639+00:00,"{""category_id"": 7}"
9ab84e8f-2649-43a4-b18c-c808d1c23443,order_paid,53,sim-u53-s1,19,,synthetic,6,2026-03-21T14:43:34.303639+00:00,"{""category_id"": 7}"
2dd57214-9e9e-4939-af95-8dedaf04cc8b,order_completed,53,sim-u53-s1,19,,synthetic,6,2026-03-21T14:46:08.303639+00:00,"{""category_id"": 7}"
ccea286b-1a89-4173-bc2f-7c1805914795,chat_message_sent,53,sim-u53-s1,19,Nen chon mau nao cho cong viec van phong,synthetic,2,2026-03-21T14:47:04.303639+00:00,"{""category_id"": 7, ""intent"": ""advice""}"
dcdf5dab-5dbd-4fc4-902b-c67e3a424a8c,chat_started,59,sim-u59-s3,,start session,synthetic,1,2026-03-21T15:27:08.303639+00:00,"{""channel"": ""web""}"
98b9749f-0aed-4ee6-b955-2d236ab37af3,search_performed,59,sim-u59-s3,,wireless mouse,synthetic,1,2026-03-21T15:30:08.303639+00:00,"{""search_query"": ""wireless mouse""}"
cf91e282-1c9c-4f13-b648-292ff9a2626a,product_clicked,59,sim-u59-s3,15,,synthetic,2,2026-03-21T15:30:46.303639+00:00,"{""category_id"": 5}"
cacd492e-3893-40e2-946e-a563509730af,product_viewed,59,sim-u59-s3,15,,synthetic,1,2026-03-21T15:32:44.303639+00:00,"{""category_id"": 5}"
a4e4a577-cb7d-45df-85ac-e4875c79d9b0,chat_message_sent,59,sim-u59-s3,15,Tu van cho toi mot san pham phu hop nhu cau,synthetic,2,2026-03-21T15:34:19.303639+00:00,"{""category_id"": 5, ""intent"": ""advice""}"
3a21a75a-7188-461d-99ae-85fcf4a9c776,search_performed,59,sim-u59-s3,,monitor 27 inch,synthetic,1,2026-03-21T15:37:15.303639+00:00,"{""search_query"": ""monitor 27 inch""}"
7cc783de-0c78-4d7f-8125-60dc68e5c3e4,product_clicked,59,sim-u59-s3,22,,synthetic,2,2026-03-21T15:39:53.303639+00:00,"{""category_id"": 9}"
9c4865f6-f157-4993-97a6-c544da9b500e,product_viewed,59,sim-u59-s3,22,,synthetic,1,2026-03-21T15:42:40.303639+00:00,"{""category_id"": 9}"
3e34d160-5b3a-4c59-8471-c1fc5d0ad394,cart_viewed,59,sim-u59-s3,,open cart,synthetic,1,2026-03-21T15:43:20.303639+00:00,{}
e72363dd-5637-4507-8ec2-ee25c9dc03f6,cart_item_added,59,sim-u59-s3,22,,synthetic,4,2026-03-21T15:46:18.303639+00:00,"{""category_id"": 9}"
2006e00d-c09c-4b83-8366-2553edc9ec25,checkout_started,59,sim-u59-s3,,checkout,synthetic,4,2026-03-21T15:46:52.303639+00:00,{}
64a9c0e7-b475-42fb-9ac8-9bec3659d27f,order_created,59,sim-u59-s3,22,,synthetic,5,2026-03-21T15:49:23.303639+00:00,"{""category_id"": 9}"
818b1d65-bdc1-42d8-a5df-df1a069fc9d4,order_cancelled,59,sim-u59-s3,22,,synthetic,-2,2026-03-21T15:51:16.303639+00:00,"{""category_id"": 9}"
c33f1657-b6e3-4ff5-a7ad-61e29dfe6eb2,search_performed,59,sim-u59-s3,,mechanical keyboard,synthetic,1,2026-03-21T15:53:09.303639+00:00,"{""search_query"": ""mechanical keyboard""}"
e409e0f2-5b01-493f-88e0-fce5b9787368,product_clicked,59,sim-u59-s3,32,,synthetic,2,2026-03-21T15:55:28.303639+00:00,"{""category_id"": 14}"
e61a8291-3630-4733-a862-33925e59c1d5,product_viewed,59,sim-u59-s3,32,,synthetic,1,2026-03-21T15:58:26.303639+00:00,"{""category_id"": 14}"
ae861ef8-0ee9-4a12-a666-80b7f7f9ce36,cart_viewed,59,sim-u59-s3,,open cart,synthetic,1,2026-03-21T16:00:19.303639+00:00,{}
914e094e-d8b8-4fa1-be96-d51199c0ff11,cart_item_added,59,sim-u59-s3,32,,synthetic,4,2026-03-21T16:01:23.303639+00:00,"{""category_id"": 14}"
d88d4d83-ed54-4392-8e7c-33402c4b00e9,checkout_started,59,sim-u59-s3,,checkout,synthetic,4,2026-03-21T16:04:06.303639+00:00,{}
3a427ff1-263d-4843-be8a-4d1ab38fdf47,order_created,59,sim-u59-s3,32,,synthetic,5,2026-03-21T16:05:18.303639+00:00,"{""category_id"": 14}"
6b01828a-df0e-41ec-b4ec-cee60a7893e1,order_paid,59,sim-u59-s3,32,,synthetic,6,2026-03-21T16:07:03.303639+00:00,"{""category_id"": 14}"
9a51b30c-56fe-4bab-bfb8-0db0749a943d,order_completed,59,sim-u59-s3,32,,synthetic,6,2026-03-21T16:08:24.303639+00:00,"{""category_id"": 14}"
6781ce89-4dbe-434c-b1d9-5c4accf2954a,chat_message_sent,59,sim-u59-s3,32,Co goi y san pham thay the khong,synthetic,2,2026-03-21T16:11:12.303639+00:00,"{""category_id"": 14, ""intent"": ""advice""}"
a9dca53f-0cd9-4a46-9afc-82515086285e,chat_started,79,sim-u79-s3,,start session,synthetic,1,2026-03-21T21:37:54.303639+00:00,"{""channel"": ""web""}"
d9af0716-4ba1-45dd-8479-6297d8bc35ac,search_performed,79,sim-u79-s3,,noise cancelling headset,synthetic,1,2026-03-21T21:39:35.303639+00:00,"{""search_query"": ""noise cancelling headset""}"
f303b703-2743-4e20-b007-cddcbccd4c25,product_clicked,79,sim-u79-s3,13,,synthetic,2,2026-03-21T21:42:28.303639+00:00,"{""category_id"": 4}"
4ea22996-5ec2-4628-8c00-08a3e34f448a,product_viewed,79,sim-u79-s3,13,,synthetic,1,2026-03-21T21:44:37.303639+00:00,"{""category_id"": 4}"
6338de82-6a92-402f-aa28-8a322c425a30,chat_message_sent,79,sim-u79-s3,13,Tu van cho toi mot san pham phu hop nhu cau,synthetic,2,2026-03-21T21:47:34.303639+00:00,"{""category_id"": 4, ""intent"": ""advice""}"
73f86781-3d9b-479e-8f79-c5c1f5de57a0,search_performed,79,sim-u79-s3,,ergonomic desk,synthetic,1,2026-03-21T21:50:11.303639+00:00,"{""search_query"": ""ergonomic desk""}"
33f927db-0b3d-4f65-bac0-cec74863e059,chat_started,71,sim-u71-s1,,start session,synthetic,1,2026-03-21T21:51:37.303639+00:00,"{""channel"": ""web""}"
f6c108a5-7c66-48ac-b595-959ee19d0266,product_clicked,79,sim-u79-s3,17,,synthetic,2,2026-03-21T21:51:46.303639+00:00,"{""category_id"": 6}"
276d196c-9638-402a-82c6-16f48b6322e3,product_viewed,79,sim-u79-s3,17,,synthetic,1,2026-03-21T21:52:44.303639+00:00,"{""category_id"": 6}"
2c2f1225-f971-48ec-8d09-61545dbb7588,search_performed,71,sim-u71-s1,,mechanical keyboard,synthetic,1,2026-03-21T21:53:13.303639+00:00,"{""search_query"": ""mechanical keyboard""}"
ca3b38b9-848c-43a8-91a2-8868080b8d2f,cart_viewed,79,sim-u79-s3,,open cart,synthetic,1,2026-03-21T21:53:17.303639+00:00,{}
617f7f0e-dde8-47b2-8142-c6deb4028f93,cart_item_added,79,sim-u79-s3,17,,synthetic,4,2026-03-21T21:54:48.303639+00:00,"{""category_id"": 6}"
10a6bfa7-cfe2-4d75-bfd4-bbac65367d4b,product_clicked,71,sim-u71-s1,33,,synthetic,2,2026-03-21T21:54:53.303639+00:00,"{""category_id"": 14}"
ba4be795-86c3-463d-a225-23a39e1a65fa,checkout_started,79,sim-u79-s3,,checkout,synthetic,4,2026-03-21T21:57:37.303639+00:00,{}
233eeba8-f968-4dba-a79d-9f8d4ebc8205,product_viewed,71,sim-u71-s1,33,,synthetic,1,2026-03-21T21:57:43.303639+00:00,"{""category_id"": 14}"
a09120a2-7607-4a23-ba1a-2f6c4af63d7b,cart_viewed,71,sim-u71-s1,,open cart,synthetic,1,2026-03-21T21:59:58.303639+00:00,{}
89d00f25-8695-40b1-8ff0-df141cfb6498,order_created,79,sim-u79-s3,17,,synthetic,5,2026-03-21T22:00:02.303639+00:00,"{""category_id"": 6}"
98778cc4-a1c3-47a8-adef-b91c9ed326b0,order_paid,79,sim-u79-s3,17,,synthetic,6,2026-03-21T22:00:42.303639+00:00,"{""category_id"": 6}"
670bd9ee-ba04-48e1-9522-9996ce7992d9,cart_item_added,71,sim-u71-s1,33,,synthetic,4,2026-03-21T22:02:57.303639+00:00,"{""category_id"": 14}"
5f2ef254-7c41-43b9-a329-51eb3ed8da06,order_completed,79,sim-u79-s3,17,,synthetic,6,2026-03-21T22:03:02.303639+00:00,"{""category_id"": 6}"
fba2699a-3e5d-4228-9fdd-5dc94c8c4ba4,checkout_started,71,sim-u71-s1,,checkout,synthetic,4,2026-03-21T22:04:04.303639+00:00,{}
183a28c2-709f-4e25-8fab-a826d0c8a6e8,order_created,71,sim-u71-s1,33,,synthetic,5,2026-03-21T22:05:18.303639+00:00,"{""category_id"": 14}"
8e4fe61f-741a-4fb9-8e88-5766462b5825,order_paid,71,sim-u71-s1,33,,synthetic,6,2026-03-21T22:08:12.303639+00:00,"{""category_id"": 14}"
8c4977d7-ddd4-4cac-89dd-b8abe254cf66,order_completed,71,sim-u71-s1,33,,synthetic,6,2026-03-21T22:09:38.303639+00:00,"{""category_id"": 14}"
39afe7f4-94a1-411e-8f73-822639057093,chat_message_sent,71,sim-u71-s1,,Tu van cho toi mot san pham phu hop nhu cau,synthetic,2,2026-03-21T22:11:49.303639+00:00,"{""intent"": ""followup""}"
fcd54d4b-cd1a-4192-8909-2da102a4e55e,chat_started,12,sim-u12-s2,,start session,synthetic,1,2026-03-22T00:11:17.303639+00:00,"{""channel"": ""web""}"
154402c3-053b-4dcf-849f-e9489352ffb3,search_performed,12,sim-u12-s2,,ergonomic desk,synthetic,1,2026-03-22T00:13:27.303639+00:00,"{""search_query"": ""ergonomic desk""}"
17352524-12ce-4f8d-a6aa-1135593a9cb7,product_clicked,12,sim-u12-s2,8,,synthetic,2,2026-03-22T00:15:42.303639+00:00,"{""category_id"": 2}"
5184c0c8-3292-4992-b471-e0f5b7360403,product_viewed,12,sim-u12-s2,8,,synthetic,1,2026-03-22T00:17:00.303639+00:00,"{""category_id"": 2}"
c35b7b66-c507-4ff2-8c33-7e0a05f257ec,cart_viewed,12,sim-u12-s2,,open cart,synthetic,1,2026-03-22T00:19:16.303639+00:00,{}
7a5207b7-7abd-4a18-bbea-1671f1fcd58b,cart_item_added,12,sim-u12-s2,8,,synthetic,4,2026-03-22T00:21:18.303639+00:00,"{""category_id"": 2}"
a9495596-f0a9-466c-9fc8-c45d64c4e55c,cart_item_quantity_updated,12,sim-u12-s2,8,,synthetic,3,2026-03-22T00:22:58.303639+00:00,"{""category_id"": 2, ""quantity"": 2}"
6bd9fb80-1562-4c1b-8800-7f36d8dc4c08,checkout_started,12,sim-u12-s2,,checkout,synthetic,4,2026-03-22T00:24:23.303639+00:00,{}
f9810a40-423d-4d4b-989f-917e8436e689,order_created,12,sim-u12-s2,8,,synthetic,5,2026-03-22T00:26:18.303639+00:00,"{""category_id"": 2}"
a10c68a4-79bf-4506-9d80-851c05b803f8,order_cancelled,12,sim-u12-s2,8,,synthetic,-2,2026-03-22T00:28:39.303639+00:00,"{""category_id"": 2}"
9dd9804d-a189-4072-98b7-3939e23ebee4,chat_message_sent,12,sim-u12-s2,8,Tu van cho toi mot san pham phu hop nhu cau,synthetic,2,2026-03-22T00:29:22.303639+00:00,"{""category_id"": 2, ""intent"": ""advice""}"
5296540d-2a1e-42de-8f0b-69dca8adef9b,search_performed,12,sim-u12-s2,,gaming keyboard,synthetic,1,2026-03-22T00:31:17.303639+00:00,"{""search_query"": ""gaming keyboard""}"
8fbc59eb-03f3-4c5a-b870-7641ea185b18,product_clicked,12,sim-u12-s2,22,,synthetic,2,2026-03-22T00:32:10.303639+00:00,"{""category_id"": 9}"
42bb02a7-1051-4bf2-a4bc-e9c134bcffef,product_viewed,12,sim-u12-s2,22,,synthetic,1,2026-03-22T00:34:52.303639+00:00,"{""category_id"": 9}"
55ce0823-e5bd-4885-bb1e-deb8da830ebb,cart_viewed,12,sim-u12-s2,,open cart,synthetic,1,2026-03-22T00:37:35.303639+00:00,{}
9c0b3b3a-de47-49e9-925f-cc7889b8dd5b,cart_item_added,12,sim-u12-s2,22,,synthetic,4,2026-03-22T00:40:18.303639+00:00,"{""category_id"": 9}"
8296d117-ad48-4417-b9b7-4613818a1324,cart_item_quantity_updated,12,sim-u12-s2,22,,synthetic,3,2026-03-22T00:42:23.303639+00:00,"{""category_id"": 9, ""quantity"": 2}"
6303e72c-9d58-4ba2-866a-61986a7554a8,checkout_started,12,sim-u12-s2,,checkout,synthetic,4,2026-03-22T00:44:31.303639+00:00,{}
4e8ede35-5195-4bf4-8afd-2ddb613dd925,order_created,12,sim-u12-s2,22,,synthetic,5,2026-03-22T00:45:04.303639+00:00,"{""category_id"": 9}"
74eb68ed-1c25-4fce-bf4a-84a68fdcc813,order_cancelled,12,sim-u12-s2,22,,synthetic,-2,2026-03-22T00:47:57.303639+00:00,"{""category_id"": 9}"
3898bebe-e920-489c-9cd8-546e29389dd2,chat_message_sent,12,sim-u12-s2,22,Tu van cho toi mot san pham phu hop nhu cau,synthetic,2,2026-03-22T00:50:44.303639+00:00,"{""category_id"": 9, ""intent"": ""advice""}"
d878cde9-0bdb-4f71-82db-efa81d493508,search_performed,12,sim-u12-s2,,ergonomic desk,synthetic,1,2026-03-22T00:51:43.303639+00:00,"{""search_query"": ""ergonomic desk""}"
0ef7de13-7338-46d1-a9e9-6686557aa822,product_clicked,12,sim-u12-s2,19,,synthetic,2,2026-03-22T00:54:06.303639+00:00,"{""category_id"": 7}"
e1e2f333-4874-4e6a-a0b0-d48516a55dcb,product_viewed,12,sim-u12-s2,19,,synthetic,1,2026-03-22T00:55:23.303639+00:00,"{""category_id"": 7}"
b5e6824c-9b26-443c-84f0-3542d10fab19,chat_message_sent,12,sim-u12-s2,19,Nen chon mau nao cho cong viec van phong,synthetic,2,2026-03-22T00:56:12.303639+00:00,"{""category_id"": 7, ""intent"": ""advice""}"
8458f0ae-1a7b-4166-b9e4-e2c9fc79b40a,chat_started,35,sim-u35-s2,,start session,synthetic,1,2026-03-22T01:06:19.303639+00:00,"{""channel"": ""web""}"
c9cc9bdb-8591-4ff9-a4d3-e6d518ecd041,search_performed,35,sim-u35-s2,,mechanical keyboard,synthetic,1,2026-03-22T01:08:22.303639+00:00,"{""search_query"": ""mechanical keyboard""}"
513b9289-5a8d-49ae-9d45-281aa2fb87ba,product_clicked,35,sim-u35-s2,15,,synthetic,2,2026-03-22T01:10:31.303639+00:00,"{""category_id"": 5}"
1cb80b04-8e1d-4332-8402-a39debe61ef3,product_viewed,35,sim-u35-s2,15,,synthetic,1,2026-03-22T01:12:53.303639+00:00,"{""category_id"": 5}"
be7125fb-f29a-46ba-b47a-64110a095dff,cart_viewed,35,sim-u35-s2,,open cart,synthetic,1,2026-03-22T01:13:22.303639+00:00,{}
055ae469-0d62-4dc7-ba6e-927d9365f800,cart_item_added,35,sim-u35-s2,15,,synthetic,4,2026-03-22T01:15:58.303639+00:00,"{""category_id"": 5}"
928727d1-7990-46ea-b46c-8c7e570e5b27,cart_item_quantity_updated,35,sim-u35-s2,15,,synthetic,3,2026-03-22T01:16:21.303639+00:00,"{""category_id"": 5, ""quantity"": 3}"
36fba913-c9c6-48df-ba2c-70e3428dcb32,checkout_started,35,sim-u35-s2,,checkout,synthetic,4,2026-03-22T01:18:56.303639+00:00,{}
cdc96c5c-a669-4545-94f4-5389525a0371,order_created,35,sim-u35-s2,15,,synthetic,5,2026-03-22T01:20:04.303639+00:00,"{""category_id"": 5}"
31f2fc0d-bda2-4cb4-ae42-695db3a7066c,order_paid,35,sim-u35-s2,15,,synthetic,6,2026-03-22T01:20:25.303639+00:00,"{""category_id"": 5}"
1a11bf02-4e98-419b-b0af-84b3ef8f88d7,order_completed,35,sim-u35-s2,15,,synthetic,6,2026-03-22T01:23:25.303639+00:00,"{""category_id"": 5}"
ab423010-0910-4a0b-adec-12c0822e026b,chat_message_sent,35,sim-u35-s2,15,San pham nay co uu diem gi,synthetic,2,2026-03-22T01:25:13.303639+00:00,"{""category_id"": 5, ""intent"": ""advice""}"
a9a867ae-0357-49ac-9c60-50ae4bc66433,search_performed,35,sim-u35-s2,,office chair,synthetic,1,2026-03-22T01:25:59.303639+00:00,"{""search_query"": ""office chair""}"
33256b59-0168-498f-8899-5f41f838ff5e,product_clicked,35,sim-u35-s2,26,,synthetic,2,2026-03-22T01:27:57.303639+00:00,"{""category_id"": 11}"
53444fd2-acfb-450c-9181-d0235ddb2e3f,product_viewed,35,sim-u35-s2,26,,synthetic,1,2026-03-22T01:30:25.303639+00:00,"{""category_id"": 11}"
391d36d0-b5f3-494a-82e2-b120b67d7a50,cart_viewed,35,sim-u35-s2,,open cart,synthetic,1,2026-03-22T01:31:27.303639+00:00,{}
763ffe98-9531-4518-8b2a-379bdcd0f3ea,cart_item_added,35,sim-u35-s2,26,,synthetic,4,2026-03-22T01:32:03.303639+00:00,"{""category_id"": 11}"
80781b24-8f08-40ff-a25d-b450b1007b81,checkout_started,35,sim-u35-s2,,checkout,synthetic,4,2026-03-22T01:33:37.303639+00:00,{}
6d6515ee-3158-4b61-8ae9-984466b21814,order_created,35,sim-u35-s2,26,,synthetic,5,2026-03-22T01:35:53.303639+00:00,"{""category_id"": 11}"
e7415636-6c12-4246-beca-6702b494dcf9,order_paid,35,sim-u35-s2,26,,synthetic,6,2026-03-22T01:38:45.303639+00:00,"{""category_id"": 11}"
5f70882f-59fd-46e2-9e4e-e902b929c624,order_completed,35,sim-u35-s2,26,,synthetic,6,2026-03-22T01:41:19.303639+00:00,"{""category_id"": 11}"
efe31331-d2ce-4ff3-8427-f53d57783df1,chat_message_sent,35,sim-u35-s2,26,San pham nay co uu diem gi,synthetic,2,2026-03-22T01:43:06.303639+00:00,"{""category_id"": 11, ""intent"": ""advice""}"
7553b050-727c-4b00-8817-ad405e4b9597,chat_started,22,sim-u22-s2,,start session,synthetic,1,2026-03-22T11:25:09.303639+00:00,"{""channel"": ""web""}"
ec0fdb66-87e6-45cb-a17d-af01a4798326,search_performed,22,sim-u22-s2,,noise cancelling headset,synthetic,1,2026-03-22T11:26:12.303639+00:00,"{""search_query"": ""noise cancelling headset""}"
c304a0a2-217e-4712-8d9a-8eb1ddaeba13,product_clicked,22,sim-u22-s2,30,,synthetic,2,2026-03-22T11:27:07.303639+00:00,"{""category_id"": 13}"
6dc2edda-3882-48aa-b84f-734863d4d94f,product_viewed,22,sim-u22-s2,30,,synthetic,1,2026-03-22T11:29:46.303639+00:00,"{""category_id"": 13}"
47cd4fef-0fc4-47d6-974e-a8b46f300f54,cart_viewed,22,sim-u22-s2,,open cart,synthetic,1,2026-03-22T11:32:24.303639+00:00,{}
13efd46e-2d62-47ca-acb0-6a785025dd38,cart_item_added,22,sim-u22-s2,30,,synthetic,4,2026-03-22T11:32:59.303639+00:00,"{""category_id"": 13}"
45588808-7ed6-41fc-8764-33629db1f1af,cart_item_quantity_updated,22,sim-u22-s2,30,,synthetic,3,2026-03-22T11:33:31.303639+00:00,"{""category_id"": 13, ""quantity"": 2}"
fc595038-9b37-439c-bcdd-96eb90d9cb4e,checkout_started,22,sim-u22-s2,,checkout,synthetic,4,2026-03-22T11:35:36.303639+00:00,{}
a5c8964e-c727-4206-964d-9571989ccec7,order_created,22,sim-u22-s2,30,,synthetic,5,2026-03-22T11:36:31.303639+00:00,"{""category_id"": 13}"
cca2f077-9119-4843-b66b-a3bcae78cb6a,order_paid,22,sim-u22-s2,30,,synthetic,6,2026-03-22T11:37:50.303639+00:00,"{""category_id"": 13}"
1220cb60-273f-4166-ae80-b794c2eac594,order_completed,22,sim-u22-s2,30,,synthetic,6,2026-03-22T11:38:27.303639+00:00,"{""category_id"": 13}"
1a8ff8f8-be4a-493c-b70d-d3d589fb699c,chat_message_sent,22,sim-u22-s2,30,Tu van cho toi mot san pham phu hop nhu cau,synthetic,2,2026-03-22T11:39:42.303639+00:00,"{""category_id"": 13, ""intent"": ""advice""}"
d37b3267-659b-4d13-beab-78ad3983e314,search_performed,22,sim-u22-s2,,usb c hub,synthetic,1,2026-03-22T11:41:37.303639+00:00,"{""search_query"": ""usb c hub""}"
8e49c189-263f-4663-8925-8869edc4b6f4,product_clicked,22,sim-u22-s2,19,,synthetic,2,2026-03-22T11:42:12.303639+00:00,"{""category_id"": 7}"
cc28f42a-4d21-4be2-acd4-c95d0e51618a,product_viewed,22,sim-u22-s2,19,,synthetic,1,2026-03-22T11:45:10.303639+00:00,"{""category_id"": 7}"
8537ef09-6f72-4a3a-9c2b-7751e4640f34,cart_viewed,22,sim-u22-s2,,open cart,synthetic,1,2026-03-22T11:48:07.303639+00:00,{}
464739e5-e82e-47a6-8cd4-b39ee935fb9d,cart_item_added,22,sim-u22-s2,19,,synthetic,4,2026-03-22T11:50:30.303639+00:00,"{""category_id"": 7}"
4f4852c9-1ae2-497c-a6da-7cbdf211002b,cart_item_removed,22,sim-u22-s2,19,,synthetic,1,2026-03-22T11:53:06.303639+00:00,"{""category_id"": 7}"
bd657714-818d-4a0f-bde5-ebcca1abb0bb,checkout_started,22,sim-u22-s2,,checkout,synthetic,4,2026-03-22T11:55:47.303639+00:00,{}
8462a0d8-edbe-441c-8f26-ed71574cec85,order_created,22,sim-u22-s2,19,,synthetic,5,2026-03-22T11:57:52.303639+00:00,"{""category_id"": 7}"
010f4e4b-d9b8-4e96-be34-bc18ad57ca88,order_paid,22,sim-u22-s2,19,,synthetic,6,2026-03-22T12:00:27.303639+00:00,"{""category_id"": 7}"
1fcd6a0d-74bc-48d0-a36d-472c54f37cc7,order_completed,22,sim-u22-s2,19,,synthetic,6,2026-03-22T12:01:57.303639+00:00,"{""category_id"": 7}"
8e1d226f-9cde-47bf-85fb-2fd697e1efff,chat_message_sent,22,sim-u22-s2,19,Nen chon mau nao cho cong viec van phong,synthetic,2,2026-03-22T12:02:21.303639+00:00,"{""category_id"": 7, ""intent"": ""advice""}"
9a64083e-71c2-4ca6-93c8-d980e2e9ce17,chat_started,85,sim-u85-s1,,start session,synthetic,1,2026-03-22T16:12:23.303639+00:00,"{""channel"": ""web""}"
3a3c5b74-d527-47e5-9d1c-114f5fa459dd,search_performed,85,sim-u85-s1,,noise cancelling headset,synthetic,1,2026-03-22T16:12:57.303639+00:00,"{""search_query"": ""noise cancelling headset""}"
382a9361-b508-44f3-a2ac-4bf09de149e2,product_clicked,85,sim-u85-s1,13,,synthetic,2,2026-03-22T16:14:55.303639+00:00,"{""category_id"": 4}"
8eda134b-afca-426b-9607-383562242eb7,product_viewed,85,sim-u85-s1,13,,synthetic,1,2026-03-22T16:17:03.303639+00:00,"{""category_id"": 4}"
3855b64f-7930-4f96-ad52-794782e625eb,cart_viewed,85,sim-u85-s1,,open cart,synthetic,1,2026-03-22T16:18:25.303639+00:00,{}
92705747-1777-45e9-b1bb-c03003931548,cart_item_added,85,sim-u85-s1,13,,synthetic,4,2026-03-22T16:20:47.303639+00:00,"{""category_id"": 4}"
4ab7cd01-ee02-4d45-b8e9-af8f919bb735,cart_item_quantity_updated,85,sim-u85-s1,13,,synthetic,3,2026-03-22T16:21:14.303639+00:00,"{""category_id"": 4, ""quantity"": 3}"
dc689061-6def-462f-af93-3032604113a3,checkout_started,85,sim-u85-s1,,checkout,synthetic,4,2026-03-22T16:22:11.303639+00:00,{}
5033bac8-e943-4487-ae17-ff9c20e95a89,order_created,85,sim-u85-s1,13,,synthetic,5,2026-03-22T16:23:37.303639+00:00,"{""category_id"": 4}"
52a3dfd9-1253-46e6-91b2-41c8555b3ab8,order_paid,85,sim-u85-s1,13,,synthetic,6,2026-03-22T16:24:34.303639+00:00,"{""category_id"": 4}"
b04dd813-f0bf-472d-8cf3-46b313b9ff0c,order_completed,85,sim-u85-s1,13,,synthetic,6,2026-03-22T16:25:59.303639+00:00,"{""category_id"": 4}"
c98a5d53-c720-4fb7-b0a1-199f9e1bdddf,chat_message_sent,85,sim-u85-s1,13,San pham nay co uu diem gi,synthetic,2,2026-03-22T16:26:22.303639+00:00,"{""category_id"": 4, ""intent"": ""advice""}"
0fb0cbf9-4db0-42db-99a5-359025c2cd9e,search_performed,85,sim-u85-s1,,gaming keyboard,synthetic,1,2026-03-22T16:28:20.303639+00:00,"{""search_query"": ""gaming keyboard""}"
85208063-52d7-4a2a-b56f-52493890b80d,product_clicked,85,sim-u85-s1,32,,synthetic,2,2026-03-22T16:30:21.303639+00:00,"{""category_id"": 14}"
b98d3844-4a0a-4609-9b7c-dd543552dab8,product_viewed,85,sim-u85-s1,32,,synthetic,1,2026-03-22T16:33:11.303639+00:00,"{""category_id"": 14}"
6cf3aab5-8ad8-4d0d-a9b3-051bb4906ae5,chat_message_sent,85,sim-u85-s1,32,San pham nay co uu diem gi,synthetic,2,2026-03-22T16:35:19.303639+00:00,"{""category_id"": 14, ""intent"": ""advice""}"
4308f021-b5fc-41b2-9e9e-e3e579878d74,search_performed,85,sim-u85-s1,,mechanical keyboard,synthetic,1,2026-03-22T16:36:43.303639+00:00,"{""search_query"": ""mechanical keyboard""}"
8af53da0-64f3-43f4-b38a-bce2563a8b0e,product_clicked,85,sim-u85-s1,30,,synthetic,2,2026-03-22T16:38:20.303639+00:00,"{""category_id"": 13}"
a7f445ad-8a4e-4405-98cf-45704a6c705e,product_viewed,85,sim-u85-s1,30,,synthetic,1,2026-03-22T16:40:48.303639+00:00,"{""category_id"": 13}"
fda72081-9c42-4635-9993-7da4c4a1f6d8,chat_message_sent,85,sim-u85-s1,30,Co goi y san pham thay the khong,synthetic,2,2026-03-22T16:43:38.303639+00:00,"{""category_id"": 13, ""intent"": ""advice""}"
03e73337-c4fb-41b3-8162-5c3b7198cbae,chat_started,15,sim-u15-s3,,start session,synthetic,1,2026-03-22T18:14:52.303639+00:00,"{""channel"": ""web""}"
b3826313-a806-45aa-ace3-0ae30c8e6cc3,search_performed,15,sim-u15-s3,,ergonomic desk,synthetic,1,2026-03-22T18:16:59.303639+00:00,"{""search_query"": ""ergonomic desk""}"
f7d6a476-a88b-4aa2-a46b-4c0d0b8cd3be,product_clicked,15,sim-u15-s3,34,,synthetic,2,2026-03-22T18:19:58.303639+00:00,"{""category_id"": 15}"
b8beaf19-489e-44f3-8e72-c5275f619da4,product_viewed,15,sim-u15-s3,34,,synthetic,1,2026-03-22T18:22:15.303639+00:00,"{""category_id"": 15}"
37464d4e-f380-43dc-90e6-8414033fa25e,cart_viewed,15,sim-u15-s3,,open cart,synthetic,1,2026-03-22T18:24:42.303639+00:00,{}
d1892448-f42a-4461-baf0-a829e1d81573,cart_item_added,15,sim-u15-s3,34,,synthetic,4,2026-03-22T18:27:34.303639+00:00,"{""category_id"": 15}"
518af08f-cfd3-4140-aae2-d0e97b55299d,cart_item_quantity_updated,15,sim-u15-s3,34,,synthetic,3,2026-03-22T18:30:05.303639+00:00,"{""category_id"": 15, ""quantity"": 4}"
4a347b28-3af0-42b7-beb1-8cd15099323f,checkout_started,15,sim-u15-s3,,checkout,synthetic,4,2026-03-22T18:31:01.303639+00:00,{}
62b1bc64-adbb-46fd-8fa3-a8b378750ff8,order_created,15,sim-u15-s3,34,,synthetic,5,2026-03-22T18:32:35.303639+00:00,"{""category_id"": 15}"
76e6a1a7-22fe-4be4-a885-6c5c1e04b4d2,chat_started,12,sim-u12-s3,,start session,synthetic,1,2026-03-22T18:34:11.303639+00:00,"{""channel"": ""web""}"
cf1c9b69-eb71-45e5-9ede-511a95d7aa83,order_paid,15,sim-u15-s3,34,,synthetic,6,2026-03-22T18:35:32.303639+00:00,"{""category_id"": 15}"
aea84747-3cc8-495b-bf73-3a4c054ba867,search_performed,12,sim-u12-s3,,laptop stand,synthetic,1,2026-03-22T18:37:10.303639+00:00,"{""search_query"": ""laptop stand""}"
0e6eb5b5-d9e2-439d-8e67-5d9b644a1a00,order_completed,15,sim-u15-s3,34,,synthetic,6,2026-03-22T18:37:22.303639+00:00,"{""category_id"": 15}"
8602c9a8-b6ee-40e0-80e8-c1282541439e,chat_message_sent,15,sim-u15-s3,34,Co goi y san pham thay the khong,synthetic,2,2026-03-22T18:38:29.303639+00:00,"{""category_id"": 15, ""intent"": ""advice""}"
5ec39248-4dbe-4f77-a02b-0c0900b7f5ff,product_clicked,12,sim-u12-s3,8,,synthetic,2,2026-03-22T18:40:07.303639+00:00,"{""category_id"": 2}"
179646d5-3473-4e9e-b134-352b0b81d7b6,product_viewed,12,sim-u12-s3,8,,synthetic,1,2026-03-22T18:42:49.303639+00:00,"{""category_id"": 2}"
2613fadf-514e-4669-91c9-ddf526eb0a3e,cart_viewed,12,sim-u12-s3,,open cart,synthetic,1,2026-03-22T18:44:17.303639+00:00,{}
210a6c54-e5a9-4f48-bce1-d372f8b98fc0,cart_item_added,12,sim-u12-s3,8,,synthetic,4,2026-03-22T18:44:44.303639+00:00,"{""category_id"": 2}"
7cc43cb2-2b2a-4cb0-917d-6c0f6d508df0,chat_started,90,sim-u90-s1,,start session,synthetic,1,2026-03-22T18:45:38.303639+00:00,"{""channel"": ""web""}"
023d37c4-a9b7-42e7-88df-e9964d57f317,cart_item_quantity_updated,12,sim-u12-s3,8,,synthetic,3,2026-03-22T18:46:23.303639+00:00,"{""category_id"": 2, ""quantity"": 4}"
4063c616-2829-4a08-8252-ed6a86388507,search_performed,90,sim-u90-s1,,gaming keyboard,synthetic,1,2026-03-22T18:47:34.303639+00:00,"{""search_query"": ""gaming keyboard""}"
a0f9ff1b-638f-4fb5-9115-8e6e1b5d8f4b,checkout_started,12,sim-u12-s3,,checkout,synthetic,4,2026-03-22T18:48:12.303639+00:00,{}
c60c2f15-6fb1-4a49-a309-46f41e2d9a9d,order_created,12,sim-u12-s3,8,,synthetic,5,2026-03-22T18:48:33.303639+00:00,"{""category_id"": 2}"
eead52b3-b0ad-40c2-b478-53517bacd1df,product_clicked,90,sim-u90-s1,35,,synthetic,2,2026-03-22T18:48:50.303639+00:00,"{""category_id"": 15}"
96ceed25-61a5-463c-bc7b-523f34541d26,order_paid,12,sim-u12-s3,8,,synthetic,6,2026-03-22T18:49:29.303639+00:00,"{""category_id"": 2}"
5aefc3e4-ab9f-4692-ae21-f4fbbe78f6dd,product_viewed,90,sim-u90-s1,35,,synthetic,1,2026-03-22T18:50:46.303639+00:00,"{""category_id"": 15}"
272b94c9-b30a-47b1-87a2-7cbc1bde047a,order_completed,12,sim-u12-s3,8,,synthetic,6,2026-03-22T18:52:13.303639+00:00,"{""category_id"": 2}"
a323dbdf-11ec-4e28-bc9b-38183bc9d13e,chat_message_sent,12,sim-u12-s3,8,Tu van cho toi mot san pham phu hop nhu cau,synthetic,2,2026-03-22T18:53:09.303639+00:00,"{""category_id"": 2, ""intent"": ""advice""}"
ba6616c9-56a6-45be-ad90-5194fc0a9fdf,search_performed,90,sim-u90-s1,,office chair,synthetic,1,2026-03-22T18:53:20.303639+00:00,"{""search_query"": ""office chair""}"
4316805a-da9c-4793-bb7b-c42b1c700d2e,search_performed,12,sim-u12-s3,,wireless mouse,synthetic,1,2026-03-22T18:53:52.303639+00:00,"{""search_query"": ""wireless mouse""}"
819dcf2e-7a86-4b0a-b252-ad9047d22218,product_clicked,90,sim-u90-s1,32,,synthetic,2,2026-03-22T18:54:58.303639+00:00,"{""category_id"": 14}"
210fe5d5-6b43-47ef-8914-b0417cc53a08,product_clicked,12,sim-u12-s3,12,,synthetic,2,2026-03-22T18:56:27.303639+00:00,"{""category_id"": 4}"
084f395b-3c1b-4cdd-9262-6ca80320c6ed,product_viewed,12,sim-u12-s3,12,,synthetic,1,2026-03-22T18:57:42.303639+00:00,"{""category_id"": 4}"
700e04f8-0e8c-4277-bf84-3dc35cd63ad8,product_viewed,90,sim-u90-s1,32,,synthetic,1,2026-03-22T18:57:48.303639+00:00,"{""category_id"": 14}"
96034bd3-d3d0-40f5-aa6a-10f99cabda75,cart_viewed,12,sim-u12-s3,,open cart,synthetic,1,2026-03-22T18:59:58.303639+00:00,{}
779a70c8-ea6f-470b-99cf-2ee036d2a2a9,chat_message_sent,90,sim-u90-s1,32,Nen chon mau nao cho cong viec van phong,synthetic,2,2026-03-22T19:00:34.303639+00:00,"{""category_id"": 14, ""intent"": ""advice""}"
39aec75b-637c-4446-acad-88b06eb61969,cart_item_added,12,sim-u12-s3,12,,synthetic,4,2026-03-22T19:01:45.303639+00:00,"{""category_id"": 4}"
24cb151d-a634-4af5-9456-22c1276ae158,cart_item_quantity_updated,12,sim-u12-s3,12,,synthetic,3,2026-03-22T19:03:28.303639+00:00,"{""category_id"": 4, ""quantity"": 3}"
2a35a19b-5fdd-493c-b10a-73331d24e234,checkout_started,12,sim-u12-s3,,checkout,synthetic,4,2026-03-22T19:06:13.303639+00:00,{}
87b06684-cfb0-45d6-aab6-a158077ffc42,order_created,12,sim-u12-s3,12,,synthetic,5,2026-03-22T19:09:05.303639+00:00,"{""category_id"": 4}"
2d410412-2d60-4286-8893-3714104709d8,order_paid,12,sim-u12-s3,12,,synthetic,6,2026-03-22T19:09:38.303639+00:00,"{""category_id"": 4}"
11c838d0-375a-46bd-86c5-2508e63e3e6a,chat_started,100,sim-u100-s3,,start session,synthetic,1,2026-03-22T19:10:21.303639+00:00,"{""channel"": ""web""}"
8213f46f-45d4-4f4a-ad80-111fb3fbbbc1,order_completed,12,sim-u12-s3,12,,synthetic,6,2026-03-22T19:10:37.303639+00:00,"{""category_id"": 4}"
3ebb2663-dc8a-44fa-8b07-2a500d9c1409,chat_message_sent,12,sim-u12-s3,12,Tu van cho toi mot san pham phu hop nhu cau,synthetic,2,2026-03-22T19:11:17.303639+00:00,"{""category_id"": 4, ""intent"": ""advice""}"
a8d14653-3408-4e1c-878c-210371657d07,search_performed,100,sim-u100-s3,,office chair,synthetic,1,2026-03-22T19:13:21.303639+00:00,"{""search_query"": ""office chair""}"
7eb2958a-6b4f-48ce-922c-50836fe130bb,product_clicked,100,sim-u100-s3,33,,synthetic,2,2026-03-22T19:13:46.303639+00:00,"{""category_id"": 14}"
c34f36f3-1b1e-48c6-9bb0-6f29d48a9008,product_viewed,100,sim-u100-s3,33,,synthetic,1,2026-03-22T19:16:34.303639+00:00,"{""category_id"": 14}"
4a8a5093-2254-4df2-b050-b9e5de9cba41,chat_message_sent,100,sim-u100-s3,33,Tu van cho toi mot san pham phu hop nhu cau,synthetic,2,2026-03-22T19:17:21.303639+00:00,"{""category_id"": 14, ""intent"": ""advice""}"
058710a8-b064-4ad1-af03-5cb3ea44acfc,search_performed,100,sim-u100-s3,,monitor 27 inch,synthetic,1,2026-03-22T19:18:48.303639+00:00,"{""search_query"": ""monitor 27 inch""}"
ec9b054e-8d29-4e0a-a4e0-88ddc4e9e03c,product_clicked,100,sim-u100-s3,31,,synthetic,2,2026-03-22T19:19:54.303639+00:00,"{""category_id"": 13}"
9ebc6b09-2b2a-4183-b4a7-7bfa76333a98,product_viewed,100,sim-u100-s3,31,,synthetic,1,2026-03-22T19:20:37.303639+00:00,"{""category_id"": 13}"
1543100c-dfc4-48af-92d5-28805006400c,cart_viewed,100,sim-u100-s3,,open cart,synthetic,1,2026-03-22T19:22:29.303639+00:00,{}
38fd0162-cd4d-4117-8741-39a9f82495b0,cart_item_added,100,sim-u100-s3,31,,synthetic,4,2026-03-22T19:23:42.303639+00:00,"{""category_id"": 13}"
2e10324f-1d4d-4464-83f5-6b3afa0f219a,cart_item_quantity_updated,100,sim-u100-s3,31,,synthetic,3,2026-03-22T19:24:07.303639+00:00,"{""category_id"": 13, ""quantity"": 3}"
fa857b43-1afb-4434-bc9d-cf0c57c544e1,checkout_started,100,sim-u100-s3,,checkout,synthetic,4,2026-03-22T19:26:31.303639+00:00,{}
cf45e818-aa0a-4634-b033-b82077907f29,order_created,100,sim-u100-s3,31,,synthetic,5,2026-03-22T19:29:31.303639+00:00,"{""category_id"": 13}"
35927c9c-7690-4e35-9aa5-84b6b8776474,order_paid,100,sim-u100-s3,31,,synthetic,6,2026-03-22T19:31:38.303639+00:00,"{""category_id"": 13}"
97a93bfd-b91a-45a3-88d5-e43945371537,order_completed,100,sim-u100-s3,31,,synthetic,6,2026-03-22T19:33:34.303639+00:00,"{""category_id"": 13}"
c963947b-d141-4a43-9504-6cc75e4d4bb7,chat_started,1,sim-u1-s2,,start session,synthetic,1,2026-03-22T22:38:54.303639+00:00,"{""channel"": ""web""}"
08dea947-0273-4244-9496-5e403e3e5249,search_performed,1,sim-u1-s2,,office chair,synthetic,1,2026-03-22T22:40:09.303639+00:00,"{""search_query"": ""office chair""}"
e899b44b-308a-4a39-9b2b-f5306575a8a9,product_clicked,1,sim-u1-s2,27,,synthetic,2,2026-03-22T22:41:55.303639+00:00,"{""category_id"": 11}"
914f31db-b4f3-4f5c-b909-e9e3d05b1878,product_viewed,1,sim-u1-s2,27,,synthetic,1,2026-03-22T22:42:41.303639+00:00,"{""category_id"": 11}"
41c7f4b8-1f03-4b21-938d-b9f448ce786a,cart_viewed,1,sim-u1-s2,,open cart,synthetic,1,2026-03-22T22:43:25.303639+00:00,{}
1457653a-2fa8-41b9-bfb7-a8cd68d620c5,cart_item_added,1,sim-u1-s2,27,,synthetic,4,2026-03-22T22:45:16.303639+00:00,"{""category_id"": 11}"
2c45626d-b25c-439b-a821-87da0c7025e0,checkout_started,1,sim-u1-s2,,checkout,synthetic,4,2026-03-22T22:45:47.303639+00:00,{}
537ee292-d4ec-4fd2-94b9-33c40bf07418,order_created,1,sim-u1-s2,27,,synthetic,5,2026-03-22T22:48:04.303639+00:00,"{""category_id"": 11}"
44c7a42d-6dae-4c03-88bc-0ee8d749021d,order_paid,1,sim-u1-s2,27,,synthetic,6,2026-03-22T22:50:00.303639+00:00,"{""category_id"": 11}"
fd6d40e6-5231-40f2-b379-5a1e89501dcf,order_completed,1,sim-u1-s2,27,,synthetic,6,2026-03-22T22:50:40.303639+00:00,"{""category_id"": 11}"
f3db1154-a8e8-4567-9249-92fd01ccd347,chat_message_sent,1,sim-u1-s2,27,Nen chon mau nao cho cong viec van phong,synthetic,2,2026-03-22T22:53:27.303639+00:00,"{""category_id"": 11, ""intent"": ""advice""}"
f00b88e8-db54-4e1e-8598-cd5ddd97af67,search_performed,1,sim-u1-s2,,gaming keyboard,synthetic,1,2026-03-22T22:53:58.303639+00:00,"{""search_query"": ""gaming keyboard""}"
2edd3b79-8609-424a-9c86-3d24e945c5af,product_clicked,1,sim-u1-s2,29,,synthetic,2,2026-03-22T22:55:16.303639+00:00,"{""category_id"": 12}"
642ed3b8-3ac3-4ed3-b6d5-0029b30b6506,product_viewed,1,sim-u1-s2,29,,synthetic,1,2026-03-22T22:56:50.303639+00:00,"{""category_id"": 12}"
23f7462e-9116-4722-9276-17f0a0826c61,chat_started,27,sim-u27-s3,,start session,synthetic,1,2026-03-22T23:52:51.303639+00:00,"{""channel"": ""web""}"
a3e86413-22ee-413e-aa8b-2138b7a95b0f,search_performed,27,sim-u27-s3,,noise cancelling headset,synthetic,1,2026-03-22T23:53:46.303639+00:00,"{""search_query"": ""noise cancelling headset""}"
fef57dbd-0b5d-4c9c-896a-688e3a396f4e,product_clicked,27,sim-u27-s3,22,,synthetic,2,2026-03-22T23:55:09.303639+00:00,"{""category_id"": 9}"
9a46dbe7-4ece-4b75-868c-d705e6344116,product_viewed,27,sim-u27-s3,22,,synthetic,1,2026-03-22T23:56:39.303639+00:00,"{""category_id"": 9}"
42e96262-d72b-4eee-8a81-754ca3e6968d,cart_viewed,27,sim-u27-s3,,open cart,synthetic,1,2026-03-22T23:58:02.303639+00:00,{}
9fb81432-93f7-4442-b54b-1306c4b9f566,cart_item_added,27,sim-u27-s3,22,,synthetic,4,2026-03-23T00:00:43.303639+00:00,"{""category_id"": 9}"
ee37f6d1-703d-43be-a1ee-5003a7b4b907,checkout_started,27,sim-u27-s3,,checkout,synthetic,4,2026-03-23T00:02:15.303639+00:00,{}
4c3a9d24-05b6-43d7-8633-4c682d7d8f73,order_created,27,sim-u27-s3,22,,synthetic,5,2026-03-23T00:02:41.303639+00:00,"{""category_id"": 9}"
329a5305-3bef-460e-bb5d-bb4f63910031,order_paid,27,sim-u27-s3,22,,synthetic,6,2026-03-23T00:04:18.303639+00:00,"{""category_id"": 9}"
bdd8ae7b-c624-4dd1-ab27-0880c76c1874,order_completed,27,sim-u27-s3,22,,synthetic,6,2026-03-23T00:05:30.303639+00:00,"{""category_id"": 9}"
1d548bb6-8e60-4d01-8df1-4bab94316f09,chat_message_sent,27,sim-u27-s3,22,San pham nay co uu diem gi,synthetic,2,2026-03-23T00:07:30.303639+00:00,"{""category_id"": 9, ""intent"": ""advice""}"
d0e75ffe-c633-45fe-94ac-9aee84b643fa,search_performed,27,sim-u27-s3,,wireless mouse,synthetic,1,2026-03-23T00:08:51.303639+00:00,"{""search_query"": ""wireless mouse""}"
e6563433-da67-4939-be8b-34ea56cfb072,product_clicked,27,sim-u27-s3,26,,synthetic,2,2026-03-23T00:11:17.303639+00:00,"{""category_id"": 11}"
4751c093-812f-4a58-ab3f-94307e73717d,product_viewed,27,sim-u27-s3,26,,synthetic,1,2026-03-23T00:13:15.303639+00:00,"{""category_id"": 11}"
0f1c1151-385c-47ff-bc40-a664f9bd1f02,cart_viewed,27,sim-u27-s3,,open cart,synthetic,1,2026-03-23T00:15:42.303639+00:00,{}
6461f5ee-0fb2-4265-95fe-120402781aa9,cart_item_added,27,sim-u27-s3,26,,synthetic,4,2026-03-23T00:18:34.303639+00:00,"{""category_id"": 11}"
9818c9c7-8afc-434b-9cfc-e4120cdad314,cart_item_quantity_updated,27,sim-u27-s3,26,,synthetic,3,2026-03-23T00:20:26.303639+00:00,"{""category_id"": 11, ""quantity"": 2}"
39853474-2b2a-4214-85f6-f02de86d9d8d,checkout_started,27,sim-u27-s3,,checkout,synthetic,4,2026-03-23T00:21:19.303639+00:00,{}
c534fa92-3c78-45a6-a474-d7148ef34531,order_created,27,sim-u27-s3,26,,synthetic,5,2026-03-23T00:23:18.303639+00:00,"{""category_id"": 11}"
e7693e88-354b-42f1-b494-b8c704b19a96,order_cancelled,27,sim-u27-s3,26,,synthetic,-2,2026-03-23T00:26:03.303639+00:00,"{""category_id"": 11}"
d292c98b-1062-4df0-8090-1071c98f7fa8,chat_message_sent,27,sim-u27-s3,26,San pham nay co uu diem gi,synthetic,2,2026-03-23T00:28:23.303639+00:00,"{""category_id"": 11, ""intent"": ""advice""}"
b9dd6836-d263-4907-b4c8-064f82d9136f,chat_started,53,sim-u53-s2,,start session,synthetic,1,2026-03-23T00:44:10.303639+00:00,"{""channel"": ""web""}"
800bd8f8-b59f-4d8c-b6ef-065442dbaf17,search_performed,53,sim-u53-s2,,ergonomic desk,synthetic,1,2026-03-23T00:44:39.303639+00:00,"{""search_query"": ""ergonomic desk""}"
5d196315-0688-4c8a-a73e-0359c84e4fd3,product_clicked,53,sim-u53-s2,31,,synthetic,2,2026-03-23T00:46:56.303639+00:00,"{""category_id"": 13}"
37687c57-5291-436f-840f-b25d2a9cb76d,product_viewed,53,sim-u53-s2,31,,synthetic,1,2026-03-23T00:48:55.303639+00:00,"{""category_id"": 13}"
95babd69-8a9d-47f9-8e07-856d158c9022,cart_viewed,53,sim-u53-s2,,open cart,synthetic,1,2026-03-23T00:51:28.303639+00:00,{}
3eb9393f-59ca-4235-920f-bbe42c645dd1,cart_item_added,53,sim-u53-s2,31,,synthetic,4,2026-03-23T00:52:17.303639+00:00,"{""category_id"": 13}"
1f661dae-5430-4df9-991e-74ba45e893e8,cart_item_quantity_updated,53,sim-u53-s2,31,,synthetic,3,2026-03-23T00:55:09.303639+00:00,"{""category_id"": 13, ""quantity"": 2}"
9ffd7749-abdc-4118-af38-7e50156ee5a5,checkout_started,53,sim-u53-s2,,checkout,synthetic,4,2026-03-23T00:56:54.303639+00:00,{}
866ae927-cfcb-4cd6-98e0-9a5e6c44b3e6,order_created,53,sim-u53-s2,31,,synthetic,5,2026-03-23T00:59:13.303639+00:00,"{""category_id"": 13}"
5b924b3c-dfb1-4e99-8b0a-dcddfd7387a7,order_cancelled,53,sim-u53-s2,31,,synthetic,-2,2026-03-23T00:59:59.303639+00:00,"{""category_id"": 13}"
a04a0616-48ea-4948-9b4d-593d070f4865,chat_message_sent,53,sim-u53-s2,31,Nen chon mau nao cho cong viec van phong,synthetic,2,2026-03-23T01:00:24.303639+00:00,"{""category_id"": 13, ""intent"": ""advice""}"
627c9dfb-3e08-40bc-8c37-44a18ea9904b,search_performed,53,sim-u53-s2,,monitor 27 inch,synthetic,1,2026-03-23T01:01:37.303639+00:00,"{""search_query"": ""monitor 27 inch""}"
b104b946-b9df-41d4-8b40-034b42fa5c88,product_clicked,53,sim-u53-s2,17,,synthetic,2,2026-03-23T01:03:19.303639+00:00,"{""category_id"": 6}"
22e0f7be-80f5-42e3-b38d-b343c39cf219,product_viewed,53,sim-u53-s2,17,,synthetic,1,2026-03-23T01:04:30.303639+00:00,"{""category_id"": 6}"
90fd1727-f6d9-48a4-900d-e3691cf33221,cart_viewed,53,sim-u53-s2,,open cart,synthetic,1,2026-03-23T01:06:00.303639+00:00,{}
d1930513-b29b-42aa-b8ff-29add92369e5,cart_item_added,53,sim-u53-s2,17,,synthetic,4,2026-03-23T01:08:36.303639+00:00,"{""category_id"": 6}"
58291327-ec21-4bea-a2ba-69d49d1ba6f6,cart_item_quantity_updated,53,sim-u53-s2,17,,synthetic,3,2026-03-23T01:09:26.303639+00:00,"{""category_id"": 6, ""quantity"": 3}"
488624c7-d2ee-4f27-a941-de4036bfbfeb,checkout_started,53,sim-u53-s2,,checkout,synthetic,4,2026-03-23T01:10:26.303639+00:00,{}
c8468745-726b-47e8-b2c8-2b4acef66a8e,order_created,53,sim-u53-s2,17,,synthetic,5,2026-03-23T01:11:56.303639+00:00,"{""category_id"": 6}"
5ae540a1-9080-4807-9375-8a2b16287c3b,chat_started,24,sim-u24-s1,,start session,synthetic,1,2026-03-23T01:12:27.303639+00:00,"{""channel"": ""web""}"
17fc8116-e893-4079-9e1f-3ab2d2fc6ec7,search_performed,24,sim-u24-s1,,laptop stand,synthetic,1,2026-03-23T01:13:30.303639+00:00,"{""search_query"": ""laptop stand""}"
cc0bc2e0-9434-4633-9203-126c9f7ab6be,order_paid,53,sim-u53-s2,17,,synthetic,6,2026-03-23T01:14:55.303639+00:00,"{""category_id"": 6}"
d8e8a431-8c26-4033-8743-aad0a0ba5768,product_clicked,24,sim-u24-s1,17,,synthetic,2,2026-03-23T01:15:27.303639+00:00,"{""category_id"": 6}"
13d57bb3-a6a0-4c87-abda-ac123771c99f,product_viewed,24,sim-u24-s1,17,,synthetic,1,2026-03-23T01:16:30.303639+00:00,"{""category_id"": 6}"
24c2dc83-1166-4dfc-9553-ff8f66d5df53,order_completed,53,sim-u53-s2,17,,synthetic,6,2026-03-23T01:17:38.303639+00:00,"{""category_id"": 6}"
b465dfd6-4bc6-4593-a8d8-4f69b14a5286,cart_viewed,24,sim-u24-s1,,open cart,synthetic,1,2026-03-23T01:18:07.303639+00:00,{}
d93d7358-7b2b-4e7c-ab19-abe038207e35,cart_item_added,24,sim-u24-s1,17,,synthetic,4,2026-03-23T01:19:35.303639+00:00,"{""category_id"": 6}"
512a7545-00d7-4988-a7e4-cef72dc99afc,chat_message_sent,53,sim-u53-s2,17,San pham nay co uu diem gi,synthetic,2,2026-03-23T01:20:16.303639+00:00,"{""category_id"": 6, ""intent"": ""advice""}"
dd3423ba-3afc-4b36-9df4-b9d76032d500,cart_item_quantity_updated,24,sim-u24-s1,17,,synthetic,3,2026-03-23T01:20:37.303639+00:00,"{""category_id"": 6, ""quantity"": 2}"
87042311-8f00-4677-ae93-54906e2a2738,search_performed,53,sim-u53-s2,,laptop stand,synthetic,1,2026-03-23T01:21:57.303639+00:00,"{""search_query"": ""laptop stand""}"
1481e685-3046-453d-b2c9-a15d13472ec6,checkout_started,24,sim-u24-s1,,checkout,synthetic,4,2026-03-23T01:22:44.303639+00:00,{}
ad2824c0-30bb-4329-bbca-94bb96e7d084,product_clicked,53,sim-u53-s2,24,,synthetic,2,2026-03-23T01:23:26.303639+00:00,"{""category_id"": 10}"
6ea434b4-0270-4bff-b0f2-10cc0501bf3c,order_created,24,sim-u24-s1,17,,synthetic,5,2026-03-23T01:24:20.303639+00:00,"{""category_id"": 6}"
054ca04f-f153-4f68-8144-24fe76675ff5,product_viewed,53,sim-u53-s2,24,,synthetic,1,2026-03-23T01:24:22.303639+00:00,"{""category_id"": 10}"
b5453dc3-be61-4973-9aa8-935603816629,order_paid,24,sim-u24-s1,17,,synthetic,6,2026-03-23T01:24:59.303639+00:00,"{""category_id"": 6}"
76e02625-5792-48c9-8dd3-91bfb1715b44,order_completed,24,sim-u24-s1,17,,synthetic,6,2026-03-23T01:26:51.303639+00:00,"{""category_id"": 6}"
8c59cc58-d5c4-4418-95ee-d8068b1482f2,chat_message_sent,24,sim-u24-s1,17,San pham nay co uu diem gi,synthetic,2,2026-03-23T01:29:51.303639+00:00,"{""category_id"": 6, ""intent"": ""advice""}"
258aa075-4386-441d-bbb9-f9ae6543514d,chat_started,28,sim-u28-s1,,start session,synthetic,1,2026-03-23T01:37:19.303639+00:00,"{""channel"": ""web""}"
4618d1a3-3f38-4fa8-8816-a84751330872,search_performed,28,sim-u28-s1,,monitor 27 inch,synthetic,1,2026-03-23T01:38:34.303639+00:00,"{""search_query"": ""monitor 27 inch""}"
ea692cc2-e72a-435e-92bd-e1c91d62e8aa,product_clicked,28,sim-u28-s1,35,,synthetic,2,2026-03-23T01:39:04.303639+00:00,"{""category_id"": 15}"
327f7779-d431-405d-8bb1-ed0817ba55fc,product_viewed,28,sim-u28-s1,35,,synthetic,1,2026-03-23T01:39:39.303639+00:00,"{""category_id"": 15}"
b26ef265-6dea-4ba9-9202-7d66f9d038cd,chat_message_sent,28,sim-u28-s1,35,Nen chon mau nao cho cong viec van phong,synthetic,2,2026-03-23T01:42:39.303639+00:00,"{""category_id"": 15, ""intent"": ""advice""}"
72e7636b-10ea-4492-9f31-18965e8868c8,chat_started,72,sim-u72-s3,,start session,synthetic,1,2026-03-23T02:30:23.303639+00:00,"{""channel"": ""web""}"
f404ef3f-de32-4da6-b021-0a4dc74c3bd0,search_performed,72,sim-u72-s3,,office chair,synthetic,1,2026-03-23T02:32:54.303639+00:00,"{""search_query"": ""office chair""}"
b1691be1-e57a-4d0c-8ee0-9945617db613,product_clicked,72,sim-u72-s3,7,,synthetic,2,2026-03-23T02:35:48.303639+00:00,"{""category_id"": 1}"
8324259a-732d-4c50-970b-6c29ee458154,product_viewed,72,sim-u72-s3,7,,synthetic,1,2026-03-23T02:36:34.303639+00:00,"{""category_id"": 1}"
a17cdbe0-d453-4d4a-b19e-a61f4f2e90f5,cart_viewed,72,sim-u72-s3,,open cart,synthetic,1,2026-03-23T02:38:46.303639+00:00,{}
f595e68c-2d1c-490e-bc37-be69c5d09c1c,cart_item_added,72,sim-u72-s3,7,,synthetic,4,2026-03-23T02:41:03.303639+00:00,"{""category_id"": 1}"
0f884ed7-deb7-41c5-9ce1-ec5fcfd96362,checkout_started,72,sim-u72-s3,,checkout,synthetic,4,2026-03-23T02:41:50.303639+00:00,{}
a04ed398-a901-4a5a-a5bb-1b6296a7ab39,order_created,72,sim-u72-s3,7,,synthetic,5,2026-03-23T02:44:46.303639+00:00,"{""category_id"": 1}"
e198e697-57e8-4f3f-bf6c-82ad9593d5dd,order_paid,72,sim-u72-s3,7,,synthetic,6,2026-03-23T02:45:32.303639+00:00,"{""category_id"": 1}"
44e67e98-4499-4268-ae25-77b9363406d1,order_completed,72,sim-u72-s3,7,,synthetic,6,2026-03-23T02:48:15.303639+00:00,"{""category_id"": 1}"
2c96721b-5d89-470b-ae58-8a7ef36f4c64,chat_message_sent,72,sim-u72-s3,7,Tu van cho toi mot san pham phu hop nhu cau,synthetic,2,2026-03-23T02:49:17.303639+00:00,"{""category_id"": 1, ""intent"": ""advice""}"
5274c38e-6507-4fe3-9472-f61342dde5d8,search_performed,72,sim-u72-s3,,gaming keyboard,synthetic,1,2026-03-23T02:50:29.303639+00:00,"{""search_query"": ""gaming keyboard""}"
ca1933db-d91a-4470-b0d4-db9c02b602d4,product_clicked,72,sim-u72-s3,15,,synthetic,2,2026-03-23T02:52:21.303639+00:00,"{""category_id"": 5}"
55fad7e0-eed7-4e61-a954-10e79602456f,product_viewed,72,sim-u72-s3,15,,synthetic,1,2026-03-23T02:53:21.303639+00:00,"{""category_id"": 5}"
263618de-b752-4c34-a843-504c01c2d404,cart_viewed,72,sim-u72-s3,,open cart,synthetic,1,2026-03-23T02:55:34.303639+00:00,{}
c8027280-4c6c-4be3-8249-44b77cd31876,cart_item_added,72,sim-u72-s3,15,,synthetic,4,2026-03-23T02:58:03.303639+00:00,"{""category_id"": 5}"
06b01e1d-7ac0-4595-b086-cf062cc6ce64,cart_item_quantity_updated,72,sim-u72-s3,15,,synthetic,3,2026-03-23T02:59:02.303639+00:00,"{""category_id"": 5, ""quantity"": 2}"
a60f3387-4c91-424d-ad38-92b5b5e9c1d7,checkout_started,72,sim-u72-s3,,checkout,synthetic,4,2026-03-23T03:00:47.303639+00:00,{}
f4417b83-7bc9-4e82-9d3f-235b79a0fbcf,chat_started,6,sim-u6-s2,,start session,synthetic,1,2026-03-23T03:01:26.303639+00:00,"{""channel"": ""web""}"
e4ae822a-0d90-4053-ab5c-989fb7849a8d,order_created,72,sim-u72-s3,15,,synthetic,5,2026-03-23T03:01:42.303639+00:00,"{""category_id"": 5}"
9259e4c6-824f-4d47-932c-93bea5637cdf,search_performed,6,sim-u6-s2,,office chair,synthetic,1,2026-03-23T03:02:47.303639+00:00,"{""search_query"": ""office chair""}"
897c121a-8702-4a20-a513-c535d7700317,order_paid,72,sim-u72-s3,15,,synthetic,6,2026-03-23T03:02:53.303639+00:00,"{""category_id"": 5}"
4686bccb-dcf6-4d88-8cf4-81dc9e2967eb,product_clicked,6,sim-u6-s2,16,,synthetic,2,2026-03-23T03:03:39.303639+00:00,"{""category_id"": 6}"
6af7d7e1-ddb7-41f3-81dc-c41d19ce1899,order_completed,72,sim-u72-s3,15,,synthetic,6,2026-03-23T03:05:05.303639+00:00,"{""category_id"": 5}"
c7ceb7bd-08ae-471e-a279-83d9b952698c,product_viewed,6,sim-u6-s2,16,,synthetic,1,2026-03-23T03:06:00.303639+00:00,"{""category_id"": 6}"
8de3b9b5-f2dd-4b8d-abff-1356a77815e5,cart_viewed,6,sim-u6-s2,,open cart,synthetic,1,2026-03-23T03:08:44.303639+00:00,{}
9e328dfc-a91e-4d94-80bf-5281ca804749,cart_item_added,6,sim-u6-s2,16,,synthetic,4,2026-03-23T03:09:59.303639+00:00,"{""category_id"": 6}"
dae02a91-1bb8-43f2-89fc-3d4e95b940c0,cart_item_quantity_updated,6,sim-u6-s2,16,,synthetic,3,2026-03-23T03:11:53.303639+00:00,"{""category_id"": 6, ""quantity"": 3}"
193b504d-3820-40d6-afc3-e07e7429e144,cart_item_removed,6,sim-u6-s2,16,,synthetic,1,2026-03-23T03:14:48.303639+00:00,"{""category_id"": 6}"
9ac123c2-2d4d-406b-b7a5-dde47477e64c,checkout_started,6,sim-u6-s2,,checkout,synthetic,4,2026-03-23T03:15:37.303639+00:00,{}
de88278a-7430-45e0-849a-f2c04d50a54e,order_created,6,sim-u6-s2,16,,synthetic,5,2026-03-23T03:16:38.303639+00:00,"{""category_id"": 6}"
36576d57-4866-4755-a2b2-36ede0196cff,order_cancelled,6,sim-u6-s2,16,,synthetic,-2,2026-03-23T03:17:25.303639+00:00,"{""category_id"": 6}"
7b448a3b-68ae-4f5d-8e3e-d016e0279d61,chat_message_sent,6,sim-u6-s2,16,Nen chon mau nao cho cong viec van phong,synthetic,2,2026-03-23T03:20:12.303639+00:00,"{""category_id"": 6, ""intent"": ""advice""}"
11c7c24c-043b-4297-bf24-194d1df34573,chat_started,73,sim-u73-s1,,start session,synthetic,1,2026-03-23T03:52:36.303639+00:00,"{""channel"": ""web""}"
2b38ec7a-b34c-43f1-812c-e8cb3341ec0a,search_performed,73,sim-u73-s1,,laptop stand,synthetic,1,2026-03-23T03:53:39.303639+00:00,"{""search_query"": ""laptop stand""}"
8d5210dd-9871-4669-aa82-209746bf4a21,product_clicked,73,sim-u73-s1,26,,synthetic,2,2026-03-23T03:54:20.303639+00:00,"{""category_id"": 11}"
27b33027-6765-42fa-a45a-abaf6802124c,product_viewed,73,sim-u73-s1,26,,synthetic,1,2026-03-23T03:55:48.303639+00:00,"{""category_id"": 11}"
7379c4bc-0b4e-4e59-b1a5-98323b7943bb,cart_viewed,73,sim-u73-s1,,open cart,synthetic,1,2026-03-23T03:57:54.303639+00:00,{}
0a139123-7888-411a-a0af-04b780fe6443,cart_item_added,73,sim-u73-s1,26,,synthetic,4,2026-03-23T03:59:46.303639+00:00,"{""category_id"": 11}"
2608f1fa-8621-4003-9fd2-7602a104386c,cart_item_removed,73,sim-u73-s1,26,,synthetic,1,2026-03-23T04:02:21.303639+00:00,"{""category_id"": 11}"
9e5e4a4e-27b2-42cb-bb89-4ddc95afe64d,checkout_started,73,sim-u73-s1,,checkout,synthetic,4,2026-03-23T04:04:28.303639+00:00,{}
dbf44b16-07ae-4a9d-a5a8-fbaef989f72f,order_created,73,sim-u73-s1,26,,synthetic,5,2026-03-23T04:05:46.303639+00:00,"{""category_id"": 11}"
6c3ac9e3-700a-4db6-a092-aa42eff9fade,order_paid,73,sim-u73-s1,26,,synthetic,6,2026-03-23T04:07:55.303639+00:00,"{""category_id"": 11}"
8b4052af-738c-4096-a129-d71599881e11,order_completed,73,sim-u73-s1,26,,synthetic,6,2026-03-23T04:10:00.303639+00:00,"{""category_id"": 11}"
80dc49cc-b0a9-4825-a187-dcfce8068a7e,search_performed,73,sim-u73-s1,,usb c hub,synthetic,1,2026-03-23T04:12:32.303639+00:00,"{""search_query"": ""usb c hub""}"
5c05d5d5-77a6-4d9e-b41e-75d4af411a0c,product_clicked,73,sim-u73-s1,7,,synthetic,2,2026-03-23T04:14:24.303639+00:00,"{""category_id"": 1}"
8ece09a7-8de8-42da-9c92-ba1cbb122b33,product_viewed,73,sim-u73-s1,7,,synthetic,1,2026-03-23T04:14:51.303639+00:00,"{""category_id"": 1}"
6fba9b85-4985-4fc5-97f0-90f3b24cfa99,cart_viewed,73,sim-u73-s1,,open cart,synthetic,1,2026-03-23T04:15:13.303639+00:00,{}
3f16a4f3-ba8a-457e-9ff3-12cc040577cf,cart_item_added,73,sim-u73-s1,7,,synthetic,4,2026-03-23T04:17:45.303639+00:00,"{""category_id"": 1}"
0b0624f4-5f02-4547-bbaa-abfd9d3fb552,cart_item_removed,73,sim-u73-s1,7,,synthetic,1,2026-03-23T04:19:25.303639+00:00,"{""category_id"": 1}"
df62ba9c-6e8c-4e7f-9e70-770843286fb6,checkout_started,73,sim-u73-s1,,checkout,synthetic,4,2026-03-23T04:21:27.303639+00:00,{}
3a3387fc-1615-4e58-be87-f194462fdd03,order_created,73,sim-u73-s1,7,,synthetic,5,2026-03-23T04:22:29.303639+00:00,"{""category_id"": 1}"
cf9488e9-61fd-41dd-b96b-a3052d215161,order_paid,73,sim-u73-s1,7,,synthetic,6,2026-03-23T04:24:29.303639+00:00,"{""category_id"": 1}"
06be7026-15fc-4b58-bace-27a49abf878e,order_completed,73,sim-u73-s1,7,,synthetic,6,2026-03-23T04:24:58.303639+00:00,"{""category_id"": 1}"
bae9efe7-c740-4867-b8b1-426a504b8a94,chat_message_sent,73,sim-u73-s1,7,San pham nay co uu diem gi,synthetic,2,2026-03-23T04:27:45.303639+00:00,"{""category_id"": 1, ""intent"": ""advice""}"
404e0821-0172-4b5c-9ecf-fa8adfe7b1c0,chat_started,48,sim-u48-s2,,start session,synthetic,1,2026-03-23T08:23:46.303639+00:00,"{""channel"": ""web""}"
38fe3e3c-e699-46e0-a188-a703eb95281b,search_performed,48,sim-u48-s2,,noise cancelling headset,synthetic,1,2026-03-23T08:25:35.303639+00:00,"{""search_query"": ""noise cancelling headset""}"
d8235bc0-b696-45b6-8d12-96258bde89c1,product_clicked,48,sim-u48-s2,6,,synthetic,2,2026-03-23T08:27:46.303639+00:00,"{""category_id"": 1}"
4b294828-816a-493c-a6b0-0d04e20f4386,product_viewed,48,sim-u48-s2,6,,synthetic,1,2026-03-23T08:29:52.303639+00:00,"{""category_id"": 1}"
b629619c-52fc-4b75-9cd0-080f9d2f7bba,chat_message_sent,48,sim-u48-s2,6,San pham nay co uu diem gi,synthetic,2,2026-03-23T08:32:46.303639+00:00,"{""category_id"": 1, ""intent"": ""advice""}"
8f186c9c-1ddd-4db4-bb0d-3508975c0e21,chat_started,47,sim-u47-s3,,start session,synthetic,1,2026-03-23T09:00:51.303639+00:00,"{""channel"": ""web""}"
c9a8064c-6aba-43e0-96ce-266797ce298f,search_performed,47,sim-u47-s3,,noise cancelling headset,synthetic,1,2026-03-23T09:03:08.303639+00:00,"{""search_query"": ""noise cancelling headset""}"
b371f612-ee94-4b11-8fd0-0ba0322b06d2,product_clicked,47,sim-u47-s3,17,,synthetic,2,2026-03-23T09:05:17.303639+00:00,"{""category_id"": 6}"
a09d4896-265c-4c07-94cf-0b68afd95ea5,product_viewed,47,sim-u47-s3,17,,synthetic,1,2026-03-23T09:06:03.303639+00:00,"{""category_id"": 6}"
c05f134f-dd52-4b82-81b2-8b4f5bd4e896,cart_viewed,47,sim-u47-s3,,open cart,synthetic,1,2026-03-23T09:07:09.303639+00:00,{}
ce52b023-90dd-4579-9d01-d404d04821f1,cart_item_added,47,sim-u47-s3,17,,synthetic,4,2026-03-23T09:09:49.303639+00:00,"{""category_id"": 6}"
9a8388a0-f21c-4d35-af38-ceb420389811,cart_item_quantity_updated,47,sim-u47-s3,17,,synthetic,3,2026-03-23T09:10:49.303639+00:00,"{""category_id"": 6, ""quantity"": 3}"
3818300f-34a0-473d-b1d0-e9c63309d398,checkout_started,47,sim-u47-s3,,checkout,synthetic,4,2026-03-23T09:13:42.303639+00:00,{}
81f36970-29a2-45f4-b9b7-ee33b4f95367,order_created,47,sim-u47-s3,17,,synthetic,5,2026-03-23T09:15:55.303639+00:00,"{""category_id"": 6}"
70589fab-25c3-40e3-bf43-0fbb126cbc43,order_cancelled,47,sim-u47-s3,17,,synthetic,-2,2026-03-23T09:17:35.303639+00:00,"{""category_id"": 6}"
402894c0-4b42-4152-9401-bd5f065ceca7,chat_started,7,sim-u7-s3,,start session,synthetic,1,2026-03-23T09:17:59.303639+00:00,"{""channel"": ""web""}"
36ffae27-6ee8-4a64-8220-893ea808feff,chat_message_sent,47,sim-u47-s3,17,Nen chon mau nao cho cong viec van phong,synthetic,2,2026-03-23T09:19:30.303639+00:00,"{""category_id"": 6, ""intent"": ""advice""}"
ab4b5ef1-4c11-4a95-82a6-f4c384c63278,search_performed,7,sim-u7-s3,,monitor 27 inch,synthetic,1,2026-03-23T09:19:37.303639+00:00,"{""search_query"": ""monitor 27 inch""}"
f25b661a-5723-474c-ae38-3cfb1a0b9217,product_clicked,7,sim-u7-s3,21,,synthetic,2,2026-03-23T09:21:01.303639+00:00,"{""category_id"": 8}"
e1624f99-a0a7-46d0-9266-ead797548a6e,search_performed,47,sim-u47-s3,,mechanical keyboard,synthetic,1,2026-03-23T09:21:12.303639+00:00,"{""search_query"": ""mechanical keyboard""}"
3d219a61-f675-41f9-ac3e-155269ed4281,product_viewed,7,sim-u7-s3,21,,synthetic,1,2026-03-23T09:22:20.303639+00:00,"{""category_id"": 8}"
e9ef3b7e-e8fe-46fe-8411-1b93081c2d41,cart_viewed,7,sim-u7-s3,,open cart,synthetic,1,2026-03-23T09:23:29.303639+00:00,{}
95735195-0355-476e-a9e5-e4bbb277def7,product_clicked,47,sim-u47-s3,22,,synthetic,2,2026-03-23T09:24:07.303639+00:00,"{""category_id"": 9}"
9ef9d753-008d-428b-b9fa-af0528fa1bb3,cart_item_added,7,sim-u7-s3,21,,synthetic,4,2026-03-23T09:25:09.303639+00:00,"{""category_id"": 8}"
c8ae81f4-ac0e-488e-85a1-e29360464417,product_viewed,47,sim-u47-s3,22,,synthetic,1,2026-03-23T09:25:28.303639+00:00,"{""category_id"": 9}"
89b657e9-4633-4195-96aa-9bb1e2537571,cart_item_quantity_updated,7,sim-u7-s3,21,,synthetic,3,2026-03-23T09:26:16.303639+00:00,"{""category_id"": 8, ""quantity"": 4}"
2d05b9e8-b94c-4094-a646-0b5f313b7d7f,cart_viewed,47,sim-u47-s3,,open cart,synthetic,1,2026-03-23T09:26:42.303639+00:00,{}
e9496ca6-beb5-4155-94cd-2cc49697eb53,cart_item_added,47,sim-u47-s3,22,,synthetic,4,2026-03-23T09:28:38.303639+00:00,"{""category_id"": 9}"
064f6c85-72bb-485a-9043-5ff42ae1451d,cart_item_removed,7,sim-u7-s3,21,,synthetic,1,2026-03-23T09:28:39.303639+00:00,"{""category_id"": 8}"
a4c8a38c-52e8-4c63-b679-d272ad35b0b2,checkout_started,47,sim-u47-s3,,checkout,synthetic,4,2026-03-23T09:30:03.303639+00:00,{}
9abed675-1baa-4709-af44-d013355be5c4,checkout_started,7,sim-u7-s3,,checkout,synthetic,4,2026-03-23T09:30:09.303639+00:00,{}
29376305-b7c8-436d-8632-64fb9872f4b2,order_created,47,sim-u47-s3,22,,synthetic,5,2026-03-23T09:31:55.303639+00:00,"{""category_id"": 9}"
bcc8e608-d938-4b96-9bb6-97217e206d93,order_created,7,sim-u7-s3,21,,synthetic,5,2026-03-23T09:32:59.303639+00:00,"{""category_id"": 8}"
741c9fd1-e0e7-4a51-85f4-62e2601167d6,order_cancelled,47,sim-u47-s3,22,,synthetic,-2,2026-03-23T09:34:09.303639+00:00,"{""category_id"": 9}"
ef771577-8587-465c-a436-a7a1b82cfd7a,order_cancelled,7,sim-u7-s3,21,,synthetic,-2,2026-03-23T09:35:33.303639+00:00,"{""category_id"": 8}"
49412ec7-9121-497e-81e9-cf4d17ea3b0c,search_performed,47,sim-u47-s3,,wireless mouse,synthetic,1,2026-03-23T09:35:41.303639+00:00,"{""search_query"": ""wireless mouse""}"
5ee54c15-17ca-4a94-ae9d-b24081159f7c,chat_message_sent,7,sim-u7-s3,21,Tu van cho toi mot san pham phu hop nhu cau,synthetic,2,2026-03-23T09:36:42.303639+00:00,"{""category_id"": 8, ""intent"": ""advice""}"
0da741c3-779f-4b8e-a43d-752bf2de9794,product_clicked,47,sim-u47-s3,35,,synthetic,2,2026-03-23T09:38:33.303639+00:00,"{""category_id"": 15}"
bcf14df9-32ef-4079-bb4c-c9df76dcba5d,search_performed,7,sim-u7-s3,,ergonomic desk,synthetic,1,2026-03-23T09:38:34.303639+00:00,"{""search_query"": ""ergonomic desk""}"
9ecf6aa0-47f6-4f53-882f-74c872803863,product_viewed,47,sim-u47-s3,35,,synthetic,1,2026-03-23T09:38:57.303639+00:00,"{""category_id"": 15}"
fb26fed4-92e7-4bb2-94ac-8829d4f15370,product_clicked,7,sim-u7-s3,26,,synthetic,2,2026-03-23T09:39:39.303639+00:00,"{""category_id"": 11}"
843ccc36-496f-42ec-86ec-f7d2fd174787,cart_viewed,47,sim-u47-s3,,open cart,synthetic,1,2026-03-23T09:40:34.303639+00:00,{}
51fbede3-e3b6-4540-ab57-d527fe5327a1,cart_item_added,47,sim-u47-s3,35,,synthetic,4,2026-03-23T09:40:55.303639+00:00,"{""category_id"": 15}"
04445e59-efc2-4b6e-bc36-6ed96280fb24,product_viewed,7,sim-u7-s3,26,,synthetic,1,2026-03-23T09:41:16.303639+00:00,"{""category_id"": 11}"
661b431c-6ac1-46a3-b148-a105e5bf451a,cart_item_quantity_updated,47,sim-u47-s3,35,,synthetic,3,2026-03-23T09:42:09.303639+00:00,"{""category_id"": 15, ""quantity"": 2}"
ec6bf954-4dc6-4c61-8543-704ec79d6996,checkout_started,47,sim-u47-s3,,checkout,synthetic,4,2026-03-23T09:42:34.303639+00:00,{}
0d1cf9ab-da54-4339-9910-2e7dc3d8a811,cart_viewed,7,sim-u7-s3,,open cart,synthetic,1,2026-03-23T09:43:52.303639+00:00,{}
37aff88c-4265-4d93-a58c-118df6fab925,order_created,47,sim-u47-s3,35,,synthetic,5,2026-03-23T09:44:04.303639+00:00,"{""category_id"": 15}"
bc08e89e-50a0-48e3-a784-12a04bb2d531,cart_item_added,7,sim-u7-s3,26,,synthetic,4,2026-03-23T09:44:44.303639+00:00,"{""category_id"": 11}"
5c615d1b-5618-4b1c-9672-af2f2d20ef66,order_cancelled,47,sim-u47-s3,35,,synthetic,-2,2026-03-23T09:46:34.303639+00:00,"{""category_id"": 15}"
3fc5d2a2-3a85-4ecf-a464-9844576342da,chat_message_sent,47,sim-u47-s3,35,San pham nay co uu diem gi,synthetic,2,2026-03-23T09:47:18.303639+00:00,"{""category_id"": 15, ""intent"": ""advice""}"
e3f2df35-6033-40db-a772-d290cb0feea8,cart_item_quantity_updated,7,sim-u7-s3,26,,synthetic,3,2026-03-23T09:47:25.303639+00:00,"{""category_id"": 11, ""quantity"": 2}"
35c5b189-6a9b-4385-acd2-6ba8c46fafba,checkout_started,7,sim-u7-s3,,checkout,synthetic,4,2026-03-23T09:48:17.303639+00:00,{}
93256d48-cb16-41a0-9e94-a569d5331f5e,order_created,7,sim-u7-s3,26,,synthetic,5,2026-03-23T09:50:42.303639+00:00,"{""category_id"": 11}"
23d72801-3df9-4dab-b115-d9ff67b193b3,order_paid,7,sim-u7-s3,26,,synthetic,6,2026-03-23T09:51:05.303639+00:00,"{""category_id"": 11}"
dbb70a56-6c0f-438d-b7ca-02e43770e361,order_completed,7,sim-u7-s3,26,,synthetic,6,2026-03-23T09:53:51.303639+00:00,"{""category_id"": 11}"
df963a51-86ca-4f4f-a6fc-398ba80493d0,chat_message_sent,7,sim-u7-s3,26,Co goi y san pham thay the khong,synthetic,2,2026-03-23T09:56:03.303639+00:00,"{""category_id"": 11, ""intent"": ""advice""}"
b2591566-2a45-4d26-9a75-20cf1f4f3db6,search_performed,7,sim-u7-s3,,office chair,synthetic,1,2026-03-23T09:56:36.303639+00:00,"{""search_query"": ""office chair""}"
db3d6343-85ac-4b1f-ab46-42062245f593,product_clicked,7,sim-u7-s3,25,,synthetic,2,2026-03-23T09:58:00.303639+00:00,"{""category_id"": 10}"
8958d929-f9e8-4a9c-bd98-f2f1594f347a,product_viewed,7,sim-u7-s3,25,,synthetic,1,2026-03-23T10:00:22.303639+00:00,"{""category_id"": 10}"
a9a3b21d-d9c1-47e1-a93a-f951b0c777d3,cart_viewed,7,sim-u7-s3,,open cart,synthetic,1,2026-03-23T10:00:58.303639+00:00,{}
f81ea1ae-ad7e-4307-94c5-c495af856107,cart_item_added,7,sim-u7-s3,25,,synthetic,4,2026-03-23T10:03:00.303639+00:00,"{""category_id"": 10}"
6cdcb088-5b55-4e6f-b6db-a8b899edbaf9,cart_item_quantity_updated,7,sim-u7-s3,25,,synthetic,3,2026-03-23T10:03:33.303639+00:00,"{""category_id"": 10, ""quantity"": 4}"
7c147b0f-9633-4302-9c39-ff42bd450cd2,cart_item_removed,7,sim-u7-s3,25,,synthetic,1,2026-03-23T10:06:17.303639+00:00,"{""category_id"": 10}"
c80ea75e-8fee-4f8d-aa64-f81b4ff401a2,checkout_started,7,sim-u7-s3,,checkout,synthetic,4,2026-03-23T10:07:54.303639+00:00,{}
473c5370-645e-41e5-8afa-a1138f2ced53,order_created,7,sim-u7-s3,25,,synthetic,5,2026-03-23T10:08:35.303639+00:00,"{""category_id"": 10}"
6fac1762-0095-42e9-959f-6cf387ada0ff,order_cancelled,7,sim-u7-s3,25,,synthetic,-2,2026-03-23T10:09:25.303639+00:00,"{""category_id"": 10}"
8b5828cb-6536-47c3-82cd-f49435535e09,chat_message_sent,7,sim-u7-s3,25,Co goi y san pham thay the khong,synthetic,2,2026-03-23T10:12:20.303639+00:00,"{""category_id"": 10, ""intent"": ""advice""}"
e60d1a2c-95d4-4219-b31a-e8d9599ac394,chat_started,10,sim-u10-s3,,start session,synthetic,1,2026-03-23T11:07:10.303639+00:00,"{""channel"": ""web""}"
9b5d23d5-c1f9-4490-9eea-c84336aa9817,search_performed,10,sim-u10-s3,,noise cancelling headset,synthetic,1,2026-03-23T11:08:26.303639+00:00,"{""search_query"": ""noise cancelling headset""}"
87995035-a84f-49f1-88e5-ac0f7b7b4959,product_clicked,10,sim-u10-s3,16,,synthetic,2,2026-03-23T11:09:34.303639+00:00,"{""category_id"": 6}"
a43df1b7-013b-45d9-9a70-6cf1e8e6599b,product_viewed,10,sim-u10-s3,16,,synthetic,1,2026-03-23T11:12:32.303639+00:00,"{""category_id"": 6}"
5b8afe34-dad9-4a97-84c0-93518e3564f3,cart_viewed,10,sim-u10-s3,,open cart,synthetic,1,2026-03-23T11:13:27.303639+00:00,{}
9ccc473d-334b-4587-98d6-3f130ec17480,cart_item_added,10,sim-u10-s3,16,,synthetic,4,2026-03-23T11:16:27.303639+00:00,"{""category_id"": 6}"
8e7d0ebb-d1ae-4038-9c71-094c5e594bb3,cart_item_quantity_updated,10,sim-u10-s3,16,,synthetic,3,2026-03-23T11:16:57.303639+00:00,"{""category_id"": 6, ""quantity"": 4}"
8dd87b01-8da5-425b-8bbb-bf28e9a8a873,checkout_started,10,sim-u10-s3,,checkout,synthetic,4,2026-03-23T11:19:09.303639+00:00,{}
54410a0a-9282-4715-9ecc-49c0d83024f3,order_created,10,sim-u10-s3,16,,synthetic,5,2026-03-23T11:19:37.303639+00:00,"{""category_id"": 6}"
79a96e78-1623-448c-b22e-d543144dc9d5,order_paid,10,sim-u10-s3,16,,synthetic,6,2026-03-23T11:20:30.303639+00:00,"{""category_id"": 6}"
5c68df97-ad8b-4c5e-8933-94ee98c05056,order_completed,10,sim-u10-s3,16,,synthetic,6,2026-03-23T11:21:13.303639+00:00,"{""category_id"": 6}"
877ed705-b2cb-4edf-b3fc-67d94dc646f7,chat_message_sent,10,sim-u10-s3,,Nen chon mau nao cho cong viec van phong,synthetic,2,2026-03-23T11:23:19.303639+00:00,"{""intent"": ""followup""}"
aa0392fe-2df9-4610-a34f-b1ab6be5a2d3,chat_started,41,sim-u41-s2,,start session,synthetic,1,2026-03-23T16:23:47.303639+00:00,"{""channel"": ""web""}"
abb851f6-dd34-4765-8782-aa892b2a8fc7,search_performed,41,sim-u41-s2,,gaming keyboard,synthetic,1,2026-03-23T16:25:05.303639+00:00,"{""search_query"": ""gaming keyboard""}"
9afd10e6-c51e-465e-85d8-6d3d9edde649,product_clicked,41,sim-u41-s2,17,,synthetic,2,2026-03-23T16:27:01.303639+00:00,"{""category_id"": 6}"
b5dcddd4-1aa5-4fd8-b38f-3e41be9fc65e,product_viewed,41,sim-u41-s2,17,,synthetic,1,2026-03-23T16:28:59.303639+00:00,"{""category_id"": 6}"
5df81aad-548b-4178-8ee6-61bb3417973d,cart_viewed,41,sim-u41-s2,,open cart,synthetic,1,2026-03-23T16:29:23.303639+00:00,{}
17df310f-a244-47be-bef3-4fb73d7ca42e,cart_item_added,41,sim-u41-s2,17,,synthetic,4,2026-03-23T16:30:34.303639+00:00,"{""category_id"": 6}"
9c2c4a18-0d13-4656-bc4b-f0cd8a1a484a,cart_item_quantity_updated,41,sim-u41-s2,17,,synthetic,3,2026-03-23T16:32:41.303639+00:00,"{""category_id"": 6, ""quantity"": 4}"
e6311bdd-34b9-411b-b704-bdb443ef8e87,checkout_started,41,sim-u41-s2,,checkout,synthetic,4,2026-03-23T16:35:36.303639+00:00,{}
073645f2-32aa-40c6-a4a9-f65d4a048129,order_created,41,sim-u41-s2,17,,synthetic,5,2026-03-23T16:36:20.303639+00:00,"{""category_id"": 6}"
998b4a65-3456-425f-b0d3-97c84535174d,order_paid,41,sim-u41-s2,17,,synthetic,6,2026-03-23T16:39:17.303639+00:00,"{""category_id"": 6}"
4f630eac-3924-4dd4-be09-c70db497f405,chat_started,44,sim-u44-s3,,start session,synthetic,1,2026-03-23T16:40:06.303639+00:00,"{""channel"": ""web""}"
c67faa7c-9a6e-4d0a-a557-6e9829e7ccbf,search_performed,44,sim-u44-s3,,laptop stand,synthetic,1,2026-03-23T16:41:31.303639+00:00,"{""search_query"": ""laptop stand""}"
335547b5-9cbb-42a2-9339-fd5e89a13f9e,order_completed,41,sim-u41-s2,17,,synthetic,6,2026-03-23T16:42:10.303639+00:00,"{""category_id"": 6}"
5fe6791f-74ca-4016-85de-def948af721e,chat_message_sent,41,sim-u41-s2,17,Tu van cho toi mot san pham phu hop nhu cau,synthetic,2,2026-03-23T16:42:53.303639+00:00,"{""category_id"": 6, ""intent"": ""advice""}"
32367c05-3b74-4ea3-8703-722f5c0fe502,product_clicked,44,sim-u44-s3,18,,synthetic,2,2026-03-23T16:43:19.303639+00:00,"{""category_id"": 7}"
55e985ee-241f-452f-9e2c-2194f1ea0521,product_viewed,44,sim-u44-s3,18,,synthetic,1,2026-03-23T16:43:44.303639+00:00,"{""category_id"": 7}"
f6bfb032-124b-4550-b5a2-30015e79323d,cart_viewed,44,sim-u44-s3,,open cart,synthetic,1,2026-03-23T16:45:33.303639+00:00,{}
9649c791-78ba-481c-9da3-c473ef838e51,search_performed,41,sim-u41-s2,,office chair,synthetic,1,2026-03-23T16:45:47.303639+00:00,"{""search_query"": ""office chair""}"
c7b71900-663a-4954-8c36-ec26a80a374c,chat_started,55,sim-u55-s3,,start session,synthetic,1,2026-03-23T16:46:54.303639+00:00,"{""channel"": ""web""}"
ac3d2244-5c7a-4b1e-9d74-df741393cff6,search_performed,55,sim-u55-s3,,office chair,synthetic,1,2026-03-23T16:47:23.303639+00:00,"{""search_query"": ""office chair""}"
66961f0b-4f7c-4b3b-993a-7dbb43675a4a,product_clicked,41,sim-u41-s2,20,,synthetic,2,2026-03-23T16:48:25.303639+00:00,"{""category_id"": 8}"
ea3f645a-7e7b-4561-981e-3cd2e62688d9,cart_item_added,44,sim-u44-s3,18,,synthetic,4,2026-03-23T16:48:28.303639+00:00,"{""category_id"": 7}"
2d0cb66f-412c-4532-8671-6ecd1ef9ebaf,product_viewed,41,sim-u41-s2,20,,synthetic,1,2026-03-23T16:48:45.303639+00:00,"{""category_id"": 8}"
094c2b43-6f91-4d35-86dc-337de22b2487,product_clicked,55,sim-u55-s3,26,,synthetic,2,2026-03-23T16:50:15.303639+00:00,"{""category_id"": 11}"
422e3ecc-0a4a-4c48-8611-418cff8ed8a6,cart_item_quantity_updated,44,sim-u44-s3,18,,synthetic,3,2026-03-23T16:51:05.303639+00:00,"{""category_id"": 7, ""quantity"": 4}"
a58b9fae-5e6b-4a41-a78c-ff5115ebc0be,search_performed,41,sim-u41-s2,,mechanical keyboard,synthetic,1,2026-03-23T16:51:18.303639+00:00,"{""search_query"": ""mechanical keyboard""}"
3d4e98bf-682b-41ff-9d36-898919caf7d1,product_viewed,55,sim-u55-s3,26,,synthetic,1,2026-03-23T16:51:52.303639+00:00,"{""category_id"": 11}"
b46e590e-977d-4691-99e2-452f94703ec0,cart_item_removed,44,sim-u44-s3,18,,synthetic,1,2026-03-23T16:52:37.303639+00:00,"{""category_id"": 7}"
e558f674-b0ed-462f-b21a-f77c4d730ba8,product_clicked,41,sim-u41-s2,15,,synthetic,2,2026-03-23T16:53:25.303639+00:00,"{""category_id"": 5}"
b3d7df95-b48a-4b7c-8237-2859422e51ba,checkout_started,44,sim-u44-s3,,checkout,synthetic,4,2026-03-23T16:54:27.303639+00:00,{}
0657767e-26d3-4d5e-87df-65bf5687326f,cart_viewed,55,sim-u55-s3,,open cart,synthetic,1,2026-03-23T16:54:36.303639+00:00,{}
b2b24924-118c-4012-947a-53eeff8a008c,product_viewed,41,sim-u41-s2,15,,synthetic,1,2026-03-23T16:55:19.303639+00:00,"{""category_id"": 5}"
c6900ab2-9b95-4367-a6c0-54fc743d5bea,cart_item_added,55,sim-u55-s3,26,,synthetic,4,2026-03-23T16:56:02.303639+00:00,"{""category_id"": 11}"
086e22e8-a28c-44a7-9134-9114b11d1911,order_created,44,sim-u44-s3,18,,synthetic,5,2026-03-23T16:56:10.303639+00:00,"{""category_id"": 7}"
7b1c2db4-0df8-4525-8651-ae011c8b1c9b,chat_message_sent,41,sim-u41-s2,15,Co goi y san pham thay the khong,synthetic,2,2026-03-23T16:56:37.303639+00:00,"{""category_id"": 5, ""intent"": ""advice""}"
ba9fd224-2dd8-49d2-bb01-3b956792d189,order_paid,44,sim-u44-s3,18,,synthetic,6,2026-03-23T16:58:34.303639+00:00,"{""category_id"": 7}"
e0669f56-65c3-4f3a-aba8-467a3550c040,cart_item_quantity_updated,55,sim-u55-s3,26,,synthetic,3,2026-03-23T16:58:50.303639+00:00,"{""category_id"": 11, ""quantity"": 3}"
5b51943d-dc3e-4505-87b3-17f2f2a40c2f,cart_item_removed,55,sim-u55-s3,26,,synthetic,1,2026-03-23T16:59:23.303639+00:00,"{""category_id"": 11}"
60754cc7-86aa-4497-92b7-87ac1e90680f,order_completed,44,sim-u44-s3,18,,synthetic,6,2026-03-23T17:00:48.303639+00:00,"{""category_id"": 7}"
7fff0fea-8c5c-4a35-87e1-53d92dd44203,checkout_started,55,sim-u55-s3,,checkout,synthetic,4,2026-03-23T17:00:57.303639+00:00,{}
7f99f411-2a67-4ca2-b21c-2e3225186572,search_performed,44,sim-u44-s3,,webcam full hd,synthetic,1,2026-03-23T17:02:21.303639+00:00,"{""search_query"": ""webcam full hd""}"
b23f5c0a-26dc-4a19-834f-547cf81933d0,order_created,55,sim-u55-s3,26,,synthetic,5,2026-03-23T17:03:56.303639+00:00,"{""category_id"": 11}"
abc7da0d-4824-4b8c-a4f1-b5b5e7b562b7,product_clicked,44,sim-u44-s3,23,,synthetic,2,2026-03-23T17:04:39.303639+00:00,"{""category_id"": 9}"
818b0c63-1302-43dd-93c4-f6bde6a4f73b,product_viewed,44,sim-u44-s3,23,,synthetic,1,2026-03-23T17:05:36.303639+00:00,"{""category_id"": 9}"
eb360040-60de-4c57-9ee0-b6989eb8e289,order_paid,55,sim-u55-s3,26,,synthetic,6,2026-03-23T17:06:20.303639+00:00,"{""category_id"": 11}"
301bec23-5ba1-46dd-a71b-43e928d46c45,order_completed,55,sim-u55-s3,26,,synthetic,6,2026-03-23T17:07:01.303639+00:00,"{""category_id"": 11}"
db0974ea-19e7-45a7-a3c6-e4eaf70cbfd9,chat_message_sent,44,sim-u44-s3,23,Nen chon mau nao cho cong viec van phong,synthetic,2,2026-03-23T17:07:43.303639+00:00,"{""category_id"": 9, ""intent"": ""advice""}"
2e83fb29-c49c-4e5d-8d32-7145b2d14e3c,chat_message_sent,55,sim-u55-s3,26,Tu van cho toi mot san pham phu hop nhu cau,synthetic,2,2026-03-23T17:08:32.303639+00:00,"{""category_id"": 11, ""intent"": ""advice""}"
ba417ac2-d59e-4285-a4b9-21750d494d44,search_performed,55,sim-u55-s3,,office chair,synthetic,1,2026-03-23T17:11:29.303639+00:00,"{""search_query"": ""office chair""}"
eac11013-62a2-4db6-972b-c7fc63511bf7,product_clicked,55,sim-u55-s3,27,,synthetic,2,2026-03-23T17:13:00.303639+00:00,"{""category_id"": 11}"
a46309ba-ad89-4bca-9421-c96aeaaa0d82,product_viewed,55,sim-u55-s3,27,,synthetic,1,2026-03-23T17:14:30.303639+00:00,"{""category_id"": 11}"
76f87835-a2eb-40b2-b5db-2b334a22720a,chat_message_sent,55,sim-u55-s3,27,Tu van cho toi mot san pham phu hop nhu cau,synthetic,2,2026-03-23T17:17:24.303639+00:00,"{""category_id"": 11, ""intent"": ""advice""}"
ab018257-ef66-4bc3-8131-26b2d9dea8e2,chat_started,34,sim-u34-s3,,start session,synthetic,1,2026-03-23T20:30:23.303639+00:00,"{""channel"": ""web""}"
76f26f87-fcbb-4384-9475-2e9383f14009,search_performed,34,sim-u34-s3,,usb c hub,synthetic,1,2026-03-23T20:32:14.303639+00:00,"{""search_query"": ""usb c hub""}"
371feb5a-f580-49a2-846b-c97ab46ede94,product_clicked,34,sim-u34-s3,10,,synthetic,2,2026-03-23T20:34:43.303639+00:00,"{""category_id"": 3}"
1583f8f9-1cee-43ff-9094-54ef413c0ca3,product_viewed,34,sim-u34-s3,10,,synthetic,1,2026-03-23T20:36:19.303639+00:00,"{""category_id"": 3}"
8ce730ea-dd95-4214-bacb-2b60047dff23,search_performed,34,sim-u34-s3,,laptop stand,synthetic,1,2026-03-23T20:37:25.303639+00:00,"{""search_query"": ""laptop stand""}"
971e28be-af75-497a-a51f-0cc18aa88ab6,product_clicked,34,sim-u34-s3,7,,synthetic,2,2026-03-23T20:39:00.303639+00:00,"{""category_id"": 1}"
1b83b301-4df5-4095-b541-f219e3bfb095,product_viewed,34,sim-u34-s3,7,,synthetic,1,2026-03-23T20:39:44.303639+00:00,"{""category_id"": 1}"
c18cfea2-a338-498a-b768-9bb3420bd291,cart_viewed,34,sim-u34-s3,,open cart,synthetic,1,2026-03-23T20:41:10.303639+00:00,{}
8e0917b7-bd7c-4ab8-b2b9-b0cbea0fc510,cart_item_added,34,sim-u34-s3,7,,synthetic,4,2026-03-23T20:43:53.303639+00:00,"{""category_id"": 1}"
30736449-dd01-49ff-9b7e-0d6cd0af1fa6,cart_item_removed,34,sim-u34-s3,7,,synthetic,1,2026-03-23T20:45:38.303639+00:00,"{""category_id"": 1}"
08652f8b-781e-4e68-b268-41afe9c6bce1,checkout_started,34,sim-u34-s3,,checkout,synthetic,4,2026-03-23T20:46:20.303639+00:00,{}
75129724-2db4-48cb-8376-05c3338d1da9,order_created,34,sim-u34-s3,7,,synthetic,5,2026-03-23T20:47:36.303639+00:00,"{""category_id"": 1}"
5f01cee7-0da3-41a4-bacf-f712b49f4020,order_paid,34,sim-u34-s3,7,,synthetic,6,2026-03-23T20:49:14.303639+00:00,"{""category_id"": 1}"
be54ef2d-092c-400e-bb7f-a9cad35e0cf4,order_completed,34,sim-u34-s3,7,,synthetic,6,2026-03-23T20:51:21.303639+00:00,"{""category_id"": 1}"
ea1ca378-239e-4c13-ba3e-a5bc7108475a,search_performed,34,sim-u34-s3,,noise cancelling headset,synthetic,1,2026-03-23T20:52:47.303639+00:00,"{""search_query"": ""noise cancelling headset""}"
c46d73ab-aeeb-4bd3-9a31-7e963761e732,product_clicked,34,sim-u34-s3,25,,synthetic,2,2026-03-23T20:55:36.303639+00:00,"{""category_id"": 10}"
9d417297-23ef-4e81-8b03-99ba29f760d0,product_viewed,34,sim-u34-s3,25,,synthetic,1,2026-03-23T20:57:11.303639+00:00,"{""category_id"": 10}"
ff102bf1-8ce5-4e58-a65b-0cadb06dc486,cart_viewed,34,sim-u34-s3,,open cart,synthetic,1,2026-03-23T20:58:01.303639+00:00,{}
b11f9a10-0668-4541-8183-37f7b994f5dd,cart_item_added,34,sim-u34-s3,25,,synthetic,4,2026-03-23T21:00:21.303639+00:00,"{""category_id"": 10}"
ba08266d-dfd0-4188-960b-02c0a2140959,cart_item_quantity_updated,34,sim-u34-s3,25,,synthetic,3,2026-03-23T21:03:10.303639+00:00,"{""category_id"": 10, ""quantity"": 4}"
9a189c53-3816-4992-a3d8-8da8191dbbd9,checkout_started,34,sim-u34-s3,,checkout,synthetic,4,2026-03-23T21:06:08.303639+00:00,{}
c59d4b85-a065-4f22-8bdf-9f0f2b1875b3,order_created,34,sim-u34-s3,25,,synthetic,5,2026-03-23T21:06:46.303639+00:00,"{""category_id"": 10}"
bbb60e37-77ae-4c3f-b70c-1fa22c004a11,order_paid,34,sim-u34-s3,25,,synthetic,6,2026-03-23T21:07:55.303639+00:00,"{""category_id"": 10}"
7960952f-7cee-402d-9d04-12243b356115,order_completed,34,sim-u34-s3,25,,synthetic,6,2026-03-23T21:10:23.303639+00:00,"{""category_id"": 10}"
af896e2b-869a-4e08-a297-c61a5c33c725,chat_message_sent,34,sim-u34-s3,25,Co goi y san pham thay the khong,synthetic,2,2026-03-23T21:12:58.303639+00:00,"{""category_id"": 10, ""intent"": ""advice""}"
2c818994-a0e4-4f01-a5cc-84fff059e11e,chat_started,84,sim-u84-s3,,start session,synthetic,1,2026-03-23T22:06:11.303639+00:00,"{""channel"": ""web""}"
8fb55f54-a91e-4276-9b5b-13f672f5fbea,search_performed,84,sim-u84-s3,,usb c hub,synthetic,1,2026-03-23T22:07:43.303639+00:00,"{""search_query"": ""usb c hub""}"
50669008-cf13-47ff-a998-59db59ccf46c,product_clicked,84,sim-u84-s3,26,,synthetic,2,2026-03-23T22:09:39.303639+00:00,"{""category_id"": 11}"
f13419a9-24bc-4a80-9ed7-2714381f7f61,product_viewed,84,sim-u84-s3,26,,synthetic,1,2026-03-23T22:12:22.303639+00:00,"{""category_id"": 11}"
1a3e3bc8-d4b4-435b-90b4-6d97f4d10d8e,cart_viewed,84,sim-u84-s3,,open cart,synthetic,1,2026-03-23T22:13:00.303639+00:00,{}
4e97876e-b1c2-4800-9efa-8029570bdc5c,cart_item_added,84,sim-u84-s3,26,,synthetic,4,2026-03-23T22:14:45.303639+00:00,"{""category_id"": 11}"
e0a47373-f12b-4739-8e15-566a83ad0deb,cart_item_quantity_updated,84,sim-u84-s3,26,,synthetic,3,2026-03-23T22:15:55.303639+00:00,"{""category_id"": 11, ""quantity"": 3}"
90dc702d-7000-4cc0-9915-d90fb86bd2c3,cart_item_removed,84,sim-u84-s3,26,,synthetic,1,2026-03-23T22:17:03.303639+00:00,"{""category_id"": 11}"
3b7d0cef-59f5-453e-b6c0-a6d04e4c9aed,checkout_started,84,sim-u84-s3,,checkout,synthetic,4,2026-03-23T22:17:24.303639+00:00,{}
af5b628f-18d8-44e3-903a-9baeb493148b,order_created,84,sim-u84-s3,26,,synthetic,5,2026-03-23T22:17:47.303639+00:00,"{""category_id"": 11}"
0ec03c69-15ad-4951-90ec-65e4d46b96f5,order_cancelled,84,sim-u84-s3,26,,synthetic,-2,2026-03-23T22:19:42.303639+00:00,"{""category_id"": 11}"
45b1bbaf-b79f-4206-a065-436ae4873bb2,chat_message_sent,84,sim-u84-s3,26,Co goi y san pham thay the khong,synthetic,2,2026-03-23T22:21:43.303639+00:00,"{""category_id"": 11, ""intent"": ""advice""}"
80ebe837-ee37-4da0-b804-94d7401292d5,search_performed,84,sim-u84-s3,,noise cancelling headset,synthetic,1,2026-03-23T22:23:41.303639+00:00,"{""search_query"": ""noise cancelling headset""}"
d501e2d1-3609-4036-8c47-6503d810e16b,product_clicked,84,sim-u84-s3,12,,synthetic,2,2026-03-23T22:26:06.303639+00:00,"{""category_id"": 4}"
6e492629-644a-4ea3-8580-5f3ae334373c,product_viewed,84,sim-u84-s3,12,,synthetic,1,2026-03-23T22:27:44.303639+00:00,"{""category_id"": 4}"
0ed0654d-4301-4475-8f70-9c50bbde61d1,cart_viewed,84,sim-u84-s3,,open cart,synthetic,1,2026-03-23T22:30:34.303639+00:00,{}
df9442c3-d856-4fc2-80ee-f86975fa7a53,cart_item_added,84,sim-u84-s3,12,,synthetic,4,2026-03-23T22:31:12.303639+00:00,"{""category_id"": 4}"
23ece30d-be78-46d6-88ec-06d9234360a8,cart_item_quantity_updated,84,sim-u84-s3,12,,synthetic,3,2026-03-23T22:32:03.303639+00:00,"{""category_id"": 4, ""quantity"": 2}"
6a64e725-f354-4925-984d-0995e20a2aac,checkout_started,84,sim-u84-s3,,checkout,synthetic,4,2026-03-23T22:34:47.303639+00:00,{}
35d1842b-7957-4fdb-8c7f-69e61c9a5047,order_created,84,sim-u84-s3,12,,synthetic,5,2026-03-23T22:35:48.303639+00:00,"{""category_id"": 4}"
a16b363c-6953-4572-90d3-05cd9ce169bf,order_paid,84,sim-u84-s3,12,,synthetic,6,2026-03-23T22:37:59.303639+00:00,"{""category_id"": 4}"
870fcba2-d4da-4b41-84ef-4a80b5a6f642,order_completed,84,sim-u84-s3,12,,synthetic,6,2026-03-23T22:39:24.303639+00:00,"{""category_id"": 4}"
c10493d0-c066-4709-9aee-570cd8895825,chat_started,20,sim-u20-s2,,start session,synthetic,1,2026-03-24T03:20:30.303639+00:00,"{""channel"": ""web""}"
8c8cba38-4420-42c5-80cf-151e1aae452c,search_performed,20,sim-u20-s2,,ergonomic desk,synthetic,1,2026-03-24T03:23:18.303639+00:00,"{""search_query"": ""ergonomic desk""}"
e16bbd7c-472e-4cef-9468-c884daf068b0,product_clicked,20,sim-u20-s2,12,,synthetic,2,2026-03-24T03:23:56.303639+00:00,"{""category_id"": 4}"
48e9ff9e-c4d3-4c5c-96f3-2ed8b2ac4d57,product_viewed,20,sim-u20-s2,12,,synthetic,1,2026-03-24T03:24:27.303639+00:00,"{""category_id"": 4}"
ce257d4b-9d82-48fd-816b-25c700d11b70,cart_viewed,20,sim-u20-s2,,open cart,synthetic,1,2026-03-24T03:25:03.303639+00:00,{}
58e9f4ba-844b-4a18-8af4-69085dcb2cf8,cart_item_added,20,sim-u20-s2,12,,synthetic,4,2026-03-24T03:27:41.303639+00:00,"{""category_id"": 4}"
15d9f07c-5b94-4085-afcf-d2019f9f62b0,checkout_started,20,sim-u20-s2,,checkout,synthetic,4,2026-03-24T03:28:18.303639+00:00,{}
ebfa965f-e261-4ddb-994e-46c1dd3db1bb,order_created,20,sim-u20-s2,12,,synthetic,5,2026-03-24T03:30:38.303639+00:00,"{""category_id"": 4}"
30fa6d49-7cc1-4a3f-9edd-9d6bae360907,order_paid,20,sim-u20-s2,12,,synthetic,6,2026-03-24T03:32:42.303639+00:00,"{""category_id"": 4}"
da1bb9d4-f7ee-44f5-93d7-f260242fed07,order_completed,20,sim-u20-s2,12,,synthetic,6,2026-03-24T03:33:48.303639+00:00,"{""category_id"": 4}"
20b51a4e-306b-4b54-8123-09dafd6f44e9,chat_message_sent,20,sim-u20-s2,,Co goi y san pham thay the khong,synthetic,2,2026-03-24T03:35:43.303639+00:00,"{""intent"": ""followup""}"
0f5d4ca3-e318-4884-aa3a-f06dfc4964d7,chat_started,46,sim-u46-s3,,start session,synthetic,1,2026-03-24T09:45:27.303639+00:00,"{""channel"": ""web""}"
0f496793-f7c1-42ef-bab0-7a4d3945a5b3,search_performed,46,sim-u46-s3,,ergonomic desk,synthetic,1,2026-03-24T09:47:08.303639+00:00,"{""search_query"": ""ergonomic desk""}"
55cdc577-74d3-40c3-9c76-abec0e3fee84,product_clicked,46,sim-u46-s3,20,,synthetic,2,2026-03-24T09:49:50.303639+00:00,"{""category_id"": 8}"
1b8b4ef4-0382-4864-b523-916f6b5f9af2,product_viewed,46,sim-u46-s3,20,,synthetic,1,2026-03-24T09:51:38.303639+00:00,"{""category_id"": 8}"
dff5b870-9133-4008-8c4e-4b7f80a40ba8,chat_message_sent,46,sim-u46-s3,20,San pham nay co uu diem gi,synthetic,2,2026-03-24T09:52:03.303639+00:00,"{""category_id"": 8, ""intent"": ""advice""}"
b0948805-82c3-4b61-a05a-e098b8b6eb72,chat_started,28,sim-u28-s2,,start session,synthetic,1,2026-03-24T10:58:47.303639+00:00,"{""channel"": ""web""}"
3f22d98c-95c3-47c8-a943-556c0ca4246c,search_performed,28,sim-u28-s2,,mechanical keyboard,synthetic,1,2026-03-24T10:59:28.303639+00:00,"{""search_query"": ""mechanical keyboard""}"
03497b94-a2e7-4333-a40f-2ed21c0804df,product_clicked,28,sim-u28-s2,13,,synthetic,2,2026-03-24T11:02:05.303639+00:00,"{""category_id"": 4}"
599e3ae0-cdb3-4874-8bc7-6abd96895c32,product_viewed,28,sim-u28-s2,13,,synthetic,1,2026-03-24T11:04:42.303639+00:00,"{""category_id"": 4}"
2b734219-acae-478c-96b1-c4dc07162e27,cart_viewed,28,sim-u28-s2,,open cart,synthetic,1,2026-03-24T11:06:13.303639+00:00,{}
4cd8a6e8-cf45-4751-89b4-025759cf6c86,cart_item_added,28,sim-u28-s2,13,,synthetic,4,2026-03-24T11:06:54.303639+00:00,"{""category_id"": 4}"
33e30301-09eb-447d-b943-e14c6c1100d7,cart_item_quantity_updated,28,sim-u28-s2,13,,synthetic,3,2026-03-24T11:08:06.303639+00:00,"{""category_id"": 4, ""quantity"": 4}"
86d68102-5e8b-46e1-b1ed-bd900483c2ab,checkout_started,28,sim-u28-s2,,checkout,synthetic,4,2026-03-24T11:09:05.303639+00:00,{}
ab0ed477-c52a-4091-8d5a-c7cd2fa783a1,order_created,28,sim-u28-s2,13,,synthetic,5,2026-03-24T11:11:42.303639+00:00,"{""category_id"": 4}"
a45cf961-bd61-4242-9a88-ff265a2de9ec,order_paid,28,sim-u28-s2,13,,synthetic,6,2026-03-24T11:14:32.303639+00:00,"{""category_id"": 4}"
f9072d96-55cf-457b-a716-ee200e264ac0,order_completed,28,sim-u28-s2,13,,synthetic,6,2026-03-24T11:15:08.303639+00:00,"{""category_id"": 4}"
b4a4ea44-8f22-48e6-a6a2-401144a43ddc,chat_message_sent,28,sim-u28-s2,13,Co goi y san pham thay the khong,synthetic,2,2026-03-24T11:16:29.303639+00:00,"{""category_id"": 4, ""intent"": ""advice""}"
bea9e39d-7c48-4360-a332-f43e222e3904,search_performed,28,sim-u28-s2,,ergonomic desk,synthetic,1,2026-03-24T11:17:11.303639+00:00,"{""search_query"": ""ergonomic desk""}"
3550a120-96dc-40c8-8827-15a67048182b,product_clicked,28,sim-u28-s2,34,,synthetic,2,2026-03-24T11:19:22.303639+00:00,"{""category_id"": 15}"
6bcd98a1-73d6-4e92-bfe1-2f1a17a24ac6,product_viewed,28,sim-u28-s2,34,,synthetic,1,2026-03-24T11:20:11.303639+00:00,"{""category_id"": 15}"
624e83bb-dfa0-41bd-a2a6-ca147382e8fe,cart_viewed,28,sim-u28-s2,,open cart,synthetic,1,2026-03-24T11:23:06.303639+00:00,{}
16c02b7b-cf00-44be-914a-1d0e5d3f8cdd,cart_item_added,28,sim-u28-s2,34,,synthetic,4,2026-03-24T11:23:40.303639+00:00,"{""category_id"": 15}"
bd9af40d-bff3-404f-a34d-63e77e41e19e,cart_item_quantity_updated,28,sim-u28-s2,34,,synthetic,3,2026-03-24T11:24:44.303639+00:00,"{""category_id"": 15, ""quantity"": 4}"
f2c293a1-f55c-4e5d-8ee9-f5e587cf812c,cart_item_removed,28,sim-u28-s2,34,,synthetic,1,2026-03-24T11:25:39.303639+00:00,"{""category_id"": 15}"
c33d52a6-23ba-4565-ac39-d1df62ce08cd,checkout_started,28,sim-u28-s2,,checkout,synthetic,4,2026-03-24T11:26:01.303639+00:00,{}
f419f6c0-7d77-4d0c-b35a-e1db72e01e71,order_created,28,sim-u28-s2,34,,synthetic,5,2026-03-24T11:27:02.303639+00:00,"{""category_id"": 15}"
a9b031d2-5ff9-4078-b0fc-e5cd1901c180,order_paid,28,sim-u28-s2,34,,synthetic,6,2026-03-24T11:28:50.303639+00:00,"{""category_id"": 15}"
efbce706-14a8-421a-8ed6-349a878bea9c,order_completed,28,sim-u28-s2,34,,synthetic,6,2026-03-24T11:31:23.303639+00:00,"{""category_id"": 15}"
1e7ebcaa-4d14-4a00-adee-7e740fbe102a,chat_message_sent,28,sim-u28-s2,34,Nen chon mau nao cho cong viec van phong,synthetic,2,2026-03-24T11:32:25.303639+00:00,"{""category_id"": 15, ""intent"": ""advice""}"
017c976d-4f57-472a-8f9a-22960df61b8c,chat_started,98,sim-u98-s2,,start session,synthetic,1,2026-03-24T11:49:54.303639+00:00,"{""channel"": ""web""}"
7f5a417d-d5f9-49c4-9276-d46327f8ab2f,search_performed,98,sim-u98-s2,,laptop stand,synthetic,1,2026-03-24T11:50:53.303639+00:00,"{""search_query"": ""laptop stand""}"
93454271-66eb-4fb7-a2d9-6198d6e084b0,product_clicked,98,sim-u98-s2,34,,synthetic,2,2026-03-24T11:53:13.303639+00:00,"{""category_id"": 15}"
ec68129b-0d5b-4b59-af8c-77b044232341,product_viewed,98,sim-u98-s2,34,,synthetic,1,2026-03-24T11:54:10.303639+00:00,"{""category_id"": 15}"
fa2f51fa-1ee8-425a-9faf-2694089c5f43,cart_viewed,98,sim-u98-s2,,open cart,synthetic,1,2026-03-24T11:55:51.303639+00:00,{}
9a48c524-ef08-4215-a575-a11da8aec3a0,cart_item_added,98,sim-u98-s2,34,,synthetic,4,2026-03-24T11:58:36.303639+00:00,"{""category_id"": 15}"
a0d7cd31-f351-4b77-a0d2-0f268c407c6d,cart_item_quantity_updated,98,sim-u98-s2,34,,synthetic,3,2026-03-24T12:00:33.303639+00:00,"{""category_id"": 15, ""quantity"": 4}"
460074cc-6b3f-4dbb-9f92-7dadd35eeb68,cart_item_removed,98,sim-u98-s2,34,,synthetic,1,2026-03-24T12:02:25.303639+00:00,"{""category_id"": 15}"
2a1ad1f1-70a5-4359-a61a-0434b868d08e,checkout_started,98,sim-u98-s2,,checkout,synthetic,4,2026-03-24T12:04:35.303639+00:00,{}
98712640-6294-4e47-92b8-1042600ee82d,order_created,98,sim-u98-s2,34,,synthetic,5,2026-03-24T12:06:56.303639+00:00,"{""category_id"": 15}"
4add528e-30f4-45d0-92d9-0796b610005e,order_paid,98,sim-u98-s2,34,,synthetic,6,2026-03-24T12:08:10.303639+00:00,"{""category_id"": 15}"
a244cddc-45fb-4fe7-9c78-a7b1610567f0,order_completed,98,sim-u98-s2,34,,synthetic,6,2026-03-24T12:08:35.303639+00:00,"{""category_id"": 15}"
fa6f34e2-7664-4334-a4f5-a41268840ad4,search_performed,98,sim-u98-s2,,mechanical keyboard,synthetic,1,2026-03-24T12:10:04.303639+00:00,"{""search_query"": ""mechanical keyboard""}"
82159a17-c74e-425e-a034-33b7f6afbd77,product_clicked,98,sim-u98-s2,14,,synthetic,2,2026-03-24T12:11:28.303639+00:00,"{""category_id"": 5}"
db939a33-80b4-49d3-b762-27496f02484e,product_viewed,98,sim-u98-s2,14,,synthetic,1,2026-03-24T12:12:33.303639+00:00,"{""category_id"": 5}"
047974e3-246e-41d4-8674-c684779191f7,cart_viewed,98,sim-u98-s2,,open cart,synthetic,1,2026-03-24T12:13:10.303639+00:00,{}
63134293-cddd-4a9d-ab05-64d26888693a,cart_item_added,98,sim-u98-s2,14,,synthetic,4,2026-03-24T12:14:40.303639+00:00,"{""category_id"": 5}"
a4d85da5-4492-4f32-aec9-75c60490dd89,cart_item_quantity_updated,98,sim-u98-s2,14,,synthetic,3,2026-03-24T12:16:55.303639+00:00,"{""category_id"": 5, ""quantity"": 3}"
d94cb56c-ccdd-4cf4-8055-bc811d2cdf9f,checkout_started,98,sim-u98-s2,,checkout,synthetic,4,2026-03-24T12:19:29.303639+00:00,{}
c3e9144e-8d7b-4406-a311-eaf9c1e5e323,order_created,98,sim-u98-s2,14,,synthetic,5,2026-03-24T12:20:43.303639+00:00,"{""category_id"": 5}"
ebb33324-414d-4b4f-8b1e-86c5df2ace02,order_paid,98,sim-u98-s2,14,,synthetic,6,2026-03-24T12:22:09.303639+00:00,"{""category_id"": 5}"
3dc60799-8d88-48bd-bf8c-c37f694536dd,order_completed,98,sim-u98-s2,14,,synthetic,6,2026-03-24T12:23:16.303639+00:00,"{""category_id"": 5}"
23565622-635f-498b-adc8-1dfc63fe9cc4,chat_message_sent,98,sim-u98-s2,,Tu van cho toi mot san pham phu hop nhu cau,synthetic,2,2026-03-24T12:25:25.303639+00:00,"{""intent"": ""followup""}"
20f61e7f-1d67-481b-8eeb-c2cf2cc97403,chat_started,47,sim-u47-s1,,start session,synthetic,1,2026-03-24T15:11:02.303639+00:00,"{""channel"": ""web""}"
2be1ec35-3549-4f0f-86f8-67cf73003f0e,search_performed,47,sim-u47-s1,,wireless mouse,synthetic,1,2026-03-24T15:13:26.303639+00:00,"{""search_query"": ""wireless mouse""}"
785b964c-25e5-43d8-87e9-a444b853f69a,product_clicked,47,sim-u47-s1,7,,synthetic,2,2026-03-24T15:15:38.303639+00:00,"{""category_id"": 1}"
24751921-fbab-4261-9479-9a78045ba6b8,product_viewed,47,sim-u47-s1,7,,synthetic,1,2026-03-24T15:18:21.303639+00:00,"{""category_id"": 1}"
8277e0f5-e59b-42df-8544-dd0f107d02d1,cart_viewed,47,sim-u47-s1,,open cart,synthetic,1,2026-03-24T15:20:46.303639+00:00,{}
f1107b5c-1854-4ba7-bddf-c5466235ac5e,cart_item_added,47,sim-u47-s1,7,,synthetic,4,2026-03-24T15:21:54.303639+00:00,"{""category_id"": 1}"
4f24c665-e19a-4b31-ac30-47fee430403a,cart_item_quantity_updated,47,sim-u47-s1,7,,synthetic,3,2026-03-24T15:23:43.303639+00:00,"{""category_id"": 1, ""quantity"": 4}"
5bed43fa-708f-4ae1-86ee-c80dab7bf9aa,checkout_started,47,sim-u47-s1,,checkout,synthetic,4,2026-03-24T15:26:02.303639+00:00,{}
c7afdaee-22ac-40ba-87a3-8a18d2ba122b,order_created,47,sim-u47-s1,7,,synthetic,5,2026-03-24T15:27:32.303639+00:00,"{""category_id"": 1}"
b9d3326e-3f08-4ae2-801f-f8127d4d2416,order_cancelled,47,sim-u47-s1,7,,synthetic,-2,2026-03-24T15:30:25.303639+00:00,"{""category_id"": 1}"
79b05e83-899b-489a-a212-3ff9c444866a,search_performed,47,sim-u47-s1,,office chair,synthetic,1,2026-03-24T15:31:02.303639+00:00,"{""search_query"": ""office chair""}"
b0d6b0f0-09f8-49a2-87bf-a89d834c030d,product_clicked,47,sim-u47-s1,18,,synthetic,2,2026-03-24T15:33:37.303639+00:00,"{""category_id"": 7}"
08aaa263-9bbd-4de0-bb70-c353821bb138,product_viewed,47,sim-u47-s1,18,,synthetic,1,2026-03-24T15:34:36.303639+00:00,"{""category_id"": 7}"
920db5b2-303f-417f-97e2-135ef21685e1,cart_viewed,47,sim-u47-s1,,open cart,synthetic,1,2026-03-24T15:36:03.303639+00:00,{}
1b49ef88-9e3f-4eae-9eae-f18f5221ecd1,cart_item_added,47,sim-u47-s1,18,,synthetic,4,2026-03-24T15:38:41.303639+00:00,"{""category_id"": 7}"
1e33375c-1dd4-4db4-bdeb-22f394112583,cart_item_quantity_updated,47,sim-u47-s1,18,,synthetic,3,2026-03-24T15:41:10.303639+00:00,"{""category_id"": 7, ""quantity"": 2}"
74613753-48e6-4db4-b047-00aace87b30a,checkout_started,47,sim-u47-s1,,checkout,synthetic,4,2026-03-24T15:42:17.303639+00:00,{}
0012e832-db95-4020-a893-6171d753c921,order_created,47,sim-u47-s1,18,,synthetic,5,2026-03-24T15:42:41.303639+00:00,"{""category_id"": 7}"
8a0f4642-bdeb-4988-9d16-3eec3b607954,order_paid,47,sim-u47-s1,18,,synthetic,6,2026-03-24T15:44:34.303639+00:00,"{""category_id"": 7}"
0dec9aab-5f83-4d1f-8500-ca84e21f6e0e,order_completed,47,sim-u47-s1,18,,synthetic,6,2026-03-24T15:47:32.303639+00:00,"{""category_id"": 7}"
ae7da02e-5832-4ef6-8141-0f4d94186595,chat_message_sent,47,sim-u47-s1,18,Tu van cho toi mot san pham phu hop nhu cau,synthetic,2,2026-03-24T15:50:09.303639+00:00,"{""category_id"": 7, ""intent"": ""advice""}"
5d20f8df-d84c-4055-8d11-31a0186aa75d,chat_started,3,sim-u3-s3,,start session,synthetic,1,2026-03-24T17:46:26.303639+00:00,"{""channel"": ""web""}"
a9587bf4-5102-44b7-bf1e-1f3b168aaf93,search_performed,3,sim-u3-s3,,laptop stand,synthetic,1,2026-03-24T17:48:02.303639+00:00,"{""search_query"": ""laptop stand""}"
fe43cdde-51ff-46c6-932c-8bc1f0ea92af,product_clicked,3,sim-u3-s3,14,,synthetic,2,2026-03-24T17:48:48.303639+00:00,"{""category_id"": 5}"
acfbf2a9-3244-4f10-825c-3e0a447b8158,product_viewed,3,sim-u3-s3,14,,synthetic,1,2026-03-24T17:49:42.303639+00:00,"{""category_id"": 5}"
f4492ae9-6ae2-4653-98d1-3c81335a98a8,cart_viewed,3,sim-u3-s3,,open cart,synthetic,1,2026-03-24T17:50:29.303639+00:00,{}
d09def50-313d-4bec-a4a0-a08001b5b582,cart_item_added,3,sim-u3-s3,14,,synthetic,4,2026-03-24T17:53:10.303639+00:00,"{""category_id"": 5}"
8d4d0b96-6ad2-40f1-b0dc-ee85de34fe20,cart_item_quantity_updated,3,sim-u3-s3,14,,synthetic,3,2026-03-24T17:56:04.303639+00:00,"{""category_id"": 5, ""quantity"": 3}"
008bb68c-f258-41ce-94fb-7b19f8966382,cart_item_removed,3,sim-u3-s3,14,,synthetic,1,2026-03-24T17:57:51.303639+00:00,"{""category_id"": 5}"
15dae372-22e1-4c2a-b812-79f33d3ca08d,checkout_started,3,sim-u3-s3,,checkout,synthetic,4,2026-03-24T17:59:03.303639+00:00,{}
2c5ec1f4-7946-4c86-a901-7addc493cf74,order_created,3,sim-u3-s3,14,,synthetic,5,2026-03-24T18:00:30.303639+00:00,"{""category_id"": 5}"
b9c0aff3-398c-47c2-8e1f-b63ebe4ad6c5,order_paid,3,sim-u3-s3,14,,synthetic,6,2026-03-24T18:01:54.303639+00:00,"{""category_id"": 5}"
a41824cf-53f4-4d3b-bff0-40eb9bcf61a5,order_completed,3,sim-u3-s3,14,,synthetic,6,2026-03-24T18:02:27.303639+00:00,"{""category_id"": 5}"
6754e5d6-f256-4723-a66f-1bf317ccdcd1,chat_message_sent,3,sim-u3-s3,14,Co goi y san pham thay the khong,synthetic,2,2026-03-24T18:03:57.303639+00:00,"{""category_id"": 5, ""intent"": ""advice""}"
0182465a-192a-4d48-a66f-69c9bacc6c1d,chat_started,29,sim-u29-s2,,start session,synthetic,1,2026-03-24T18:30:56.303639+00:00,"{""channel"": ""web""}"
1bede8d1-92be-40ef-9091-72aa2abaf2df,search_performed,29,sim-u29-s2,,laptop stand,synthetic,1,2026-03-24T18:33:01.303639+00:00,"{""search_query"": ""laptop stand""}"
f9f787e9-c113-4b0d-bc0c-20fd709e713a,product_clicked,29,sim-u29-s2,7,,synthetic,2,2026-03-24T18:34:56.303639+00:00,"{""category_id"": 1}"
7e867aa2-3e37-410f-97da-5c68c0ea8c6e,product_viewed,29,sim-u29-s2,7,,synthetic,1,2026-03-24T18:37:13.303639+00:00,"{""category_id"": 1}"
ef426a98-78bb-450c-a20b-cede957cb0b8,chat_message_sent,29,sim-u29-s2,7,Tu van cho toi mot san pham phu hop nhu cau,synthetic,2,2026-03-24T18:39:42.303639+00:00,"{""category_id"": 1, ""intent"": ""advice""}"
b2b3775c-ed36-404d-bc43-446c6ec0ef14,chat_started,93,sim-u93-s1,,start session,synthetic,1,2026-03-24T18:54:45.303639+00:00,"{""channel"": ""web""}"
2660c5e3-a5d2-4918-8f12-eb7012662f2d,search_performed,93,sim-u93-s1,,wireless mouse,synthetic,1,2026-03-24T18:57:21.303639+00:00,"{""search_query"": ""wireless mouse""}"
df772f62-c8a5-419b-a3ec-edbad273b2d8,product_clicked,93,sim-u93-s1,28,,synthetic,2,2026-03-24T18:58:41.303639+00:00,"{""category_id"": 12}"
e01beaee-2bdb-4493-9e6c-1972adcc90fb,product_viewed,93,sim-u93-s1,28,,synthetic,1,2026-03-24T19:00:15.303639+00:00,"{""category_id"": 12}"
1b5a3f51-c5e3-41c8-a66f-74ded58db32a,cart_viewed,93,sim-u93-s1,,open cart,synthetic,1,2026-03-24T19:01:12.303639+00:00,{}
cbd58992-2e8a-4929-a16c-3b26c4dd1e7d,cart_item_added,93,sim-u93-s1,28,,synthetic,4,2026-03-24T19:02:43.303639+00:00,"{""category_id"": 12}"
34b50e43-bdad-46a4-a497-916415438ed6,checkout_started,93,sim-u93-s1,,checkout,synthetic,4,2026-03-24T19:03:16.303639+00:00,{}
7091c7f8-62d4-4a7e-b30f-6a75711497fa,order_created,93,sim-u93-s1,28,,synthetic,5,2026-03-24T19:04:39.303639+00:00,"{""category_id"": 12}"
2642338e-3f1f-4c9c-bc62-e14ebf86d66f,order_cancelled,93,sim-u93-s1,28,,synthetic,-2,2026-03-24T19:05:52.303639+00:00,"{""category_id"": 12}"
d579d2ef-1bc6-461e-b6f5-e414cc70138b,chat_message_sent,93,sim-u93-s1,28,Tu van cho toi mot san pham phu hop nhu cau,synthetic,2,2026-03-24T19:07:40.303639+00:00,"{""category_id"": 12, ""intent"": ""advice""}"
1234e6bf-778a-4e36-80d4-729d1a4ef95a,chat_started,56,sim-u56-s3,,start session,synthetic,1,2026-03-24T21:47:49.303639+00:00,"{""channel"": ""web""}"
191e7525-9a6a-4110-a62e-cd872a0f2517,search_performed,56,sim-u56-s3,,gaming keyboard,synthetic,1,2026-03-24T21:50:05.303639+00:00,"{""search_query"": ""gaming keyboard""}"
8cb12594-6054-4cd3-9939-420d4663f156,product_clicked,56,sim-u56-s3,14,,synthetic,2,2026-03-24T21:51:35.303639+00:00,"{""category_id"": 5}"
bcecac2e-3319-4640-96bf-790889fe51ea,product_viewed,56,sim-u56-s3,14,,synthetic,1,2026-03-24T21:53:44.303639+00:00,"{""category_id"": 5}"
18207d03-e096-4bd8-bb16-097efe34b738,cart_viewed,56,sim-u56-s3,,open cart,synthetic,1,2026-03-24T21:55:26.303639+00:00,{}
9534c6b2-8790-4a36-b63b-4a9181fb74e8,cart_item_added,56,sim-u56-s3,14,,synthetic,4,2026-03-24T21:56:51.303639+00:00,"{""category_id"": 5}"
dd4bc4fc-5b01-4e37-aa81-09e65513237a,cart_item_quantity_updated,56,sim-u56-s3,14,,synthetic,3,2026-03-24T21:58:21.303639+00:00,"{""category_id"": 5, ""quantity"": 2}"
6e332312-0f2d-4b44-b92c-456da8b7c079,checkout_started,56,sim-u56-s3,,checkout,synthetic,4,2026-03-24T22:00:18.303639+00:00,{}
b098e3b5-ac10-4004-b287-2a5ab8dc057f,order_created,56,sim-u56-s3,14,,synthetic,5,2026-03-24T22:02:17.303639+00:00,"{""category_id"": 5}"
bbfaf2fe-d416-4813-a802-8980e92de6a0,order_paid,56,sim-u56-s3,14,,synthetic,6,2026-03-24T22:02:52.303639+00:00,"{""category_id"": 5}"
ed6c0172-c6ee-404d-8e5d-86baf848463d,order_completed,56,sim-u56-s3,14,,synthetic,6,2026-03-24T22:04:18.303639+00:00,"{""category_id"": 5}"
5670e9d9-41dc-48c7-8696-3c7741ef9786,search_performed,56,sim-u56-s3,,office chair,synthetic,1,2026-03-24T22:06:30.303639+00:00,"{""search_query"": ""office chair""}"
c570c537-fa8b-46e7-9926-800b1fdaa547,product_clicked,56,sim-u56-s3,27,,synthetic,2,2026-03-24T22:07:07.303639+00:00,"{""category_id"": 11}"
c80eaa06-9491-4cd5-9456-d82d9a117ea3,product_viewed,56,sim-u56-s3,27,,synthetic,1,2026-03-24T22:09:32.303639+00:00,"{""category_id"": 11}"
b0258b81-d895-41ca-bc85-74f09f5d9b76,chat_message_sent,56,sim-u56-s3,27,Co goi y san pham thay the khong,synthetic,2,2026-03-24T22:10:37.303639+00:00,"{""category_id"": 11, ""intent"": ""advice""}"
f4fc6e38-e757-413e-a431-b69e6499b31c,chat_started,96,sim-u96-s2,,start session,synthetic,1,2026-03-24T23:10:32.303639+00:00,"{""channel"": ""web""}"
8d0a797f-d2c6-4a7d-ae9c-802d043d80e4,search_performed,96,sim-u96-s2,,noise cancelling headset,synthetic,1,2026-03-24T23:11:05.303639+00:00,"{""search_query"": ""noise cancelling headset""}"
2f0ee8f7-66ba-427e-8686-91da16eb439d,product_clicked,96,sim-u96-s2,22,,synthetic,2,2026-03-24T23:11:52.303639+00:00,"{""category_id"": 9}"
4cfa16d4-1f2f-4bf1-a7a7-6e4e4cf8db41,chat_started,31,sim-u31-s2,,start session,synthetic,1,2026-03-24T23:13:29.303639+00:00,"{""channel"": ""web""}"
721dc88a-b20d-497d-b84d-e570abd3be45,search_performed,31,sim-u31-s2,,noise cancelling headset,synthetic,1,2026-03-24T23:14:07.303639+00:00,"{""search_query"": ""noise cancelling headset""}"
2194afb6-33ef-4e44-a4f3-dab64c31c454,product_viewed,96,sim-u96-s2,22,,synthetic,1,2026-03-24T23:14:40.303639+00:00,"{""category_id"": 9}"
d6219d8d-ce7d-47e6-b49d-c1d64366c0a3,product_clicked,31,sim-u31-s2,8,,synthetic,2,2026-03-24T23:16:02.303639+00:00,"{""category_id"": 2}"
5d93a698-cc90-476f-90ed-49d137326616,cart_viewed,96,sim-u96-s2,,open cart,synthetic,1,2026-03-24T23:17:32.303639+00:00,{}
cb1bfad9-532b-4a48-bbcd-54f26656d530,product_viewed,31,sim-u31-s2,8,,synthetic,1,2026-03-24T23:18:03.303639+00:00,"{""category_id"": 2}"
08224de5-ed98-4e7c-b114-1fa4c9766562,cart_item_added,96,sim-u96-s2,22,,synthetic,4,2026-03-24T23:18:32.303639+00:00,"{""category_id"": 9}"
d915c9eb-7763-4d5e-9bd3-6e42842c1269,cart_item_quantity_updated,96,sim-u96-s2,22,,synthetic,3,2026-03-24T23:19:28.303639+00:00,"{""category_id"": 9, ""quantity"": 3}"
979415ae-43cb-4473-b76d-25ccd1c06d73,cart_viewed,31,sim-u31-s2,,open cart,synthetic,1,2026-03-24T23:19:49.303639+00:00,{}
f62e5d64-ca91-4c96-b410-9bfa66d79436,cart_item_removed,96,sim-u96-s2,22,,synthetic,1,2026-03-24T23:20:07.303639+00:00,"{""category_id"": 9}"
40faf2b0-ec1d-462c-8a84-d7af86ae240a,checkout_started,96,sim-u96-s2,,checkout,synthetic,4,2026-03-24T23:20:30.303639+00:00,{}
4f182734-b847-44b8-be6e-f07723ff8ead,cart_item_added,31,sim-u31-s2,8,,synthetic,4,2026-03-24T23:21:26.303639+00:00,"{""category_id"": 2}"
c6103ada-bb37-4833-ba34-3a3c43d4778c,order_created,96,sim-u96-s2,22,,synthetic,5,2026-03-24T23:23:15.303639+00:00,"{""category_id"": 9}"
82709542-df08-429a-a490-1674480ee088,cart_item_quantity_updated,31,sim-u31-s2,8,,synthetic,3,2026-03-24T23:23:37.303639+00:00,"{""category_id"": 2, ""quantity"": 2}"
9a112021-3897-4047-98bd-dc9d1673d5a2,order_paid,96,sim-u96-s2,22,,synthetic,6,2026-03-24T23:25:21.303639+00:00,"{""category_id"": 9}"
62a55509-95c3-4683-bde2-b27825ea47b6,checkout_started,31,sim-u31-s2,,checkout,synthetic,4,2026-03-24T23:26:01.303639+00:00,{}
3d96660c-b28b-4a60-aba4-f0aa89509164,order_completed,96,sim-u96-s2,22,,synthetic,6,2026-03-24T23:26:19.303639+00:00,"{""category_id"": 9}"
4e49f4a6-26a3-4220-a079-7c96e7462cad,chat_started,82,sim-u82-s3,,start session,synthetic,1,2026-03-24T23:26:28.303639+00:00,"{""channel"": ""web""}"
48903c17-be99-419e-b2c5-e20a8cc5145d,search_performed,82,sim-u82-s3,,gaming keyboard,synthetic,1,2026-03-24T23:27:09.303639+00:00,"{""search_query"": ""gaming keyboard""}"
39f87432-730f-4937-b9eb-6ab1640a8d65,order_created,31,sim-u31-s2,8,,synthetic,5,2026-03-24T23:27:42.303639+00:00,"{""category_id"": 2}"
cf684c57-e53c-428c-bff9-0472cfef2c82,search_performed,96,sim-u96-s2,,office chair,synthetic,1,2026-03-24T23:28:54.303639+00:00,"{""search_query"": ""office chair""}"
bb00e226-462a-4b42-a6fd-c5fb7e6572c2,product_clicked,82,sim-u82-s3,21,,synthetic,2,2026-03-24T23:29:49.303639+00:00,"{""category_id"": 8}"
f4b84d29-5ae1-4ac9-84b5-389a93814a44,order_paid,31,sim-u31-s2,8,,synthetic,6,2026-03-24T23:30:25.303639+00:00,"{""category_id"": 2}"
feb54c1f-1ad2-4340-95c9-ad846f00b2b1,product_clicked,96,sim-u96-s2,20,,synthetic,2,2026-03-24T23:30:30.303639+00:00,"{""category_id"": 8}"
ce949e0f-401f-4416-9786-754a6c0d3da0,chat_started,85,sim-u85-s3,,start session,synthetic,1,2026-03-24T23:30:42.303639+00:00,"{""channel"": ""web""}"
b391a7c8-1553-437a-93a3-7a285685fa79,product_viewed,82,sim-u82-s3,21,,synthetic,1,2026-03-24T23:31:11.303639+00:00,"{""category_id"": 8}"
e27ec12f-d4d3-4cd9-b3a0-7cbda0a8e642,product_viewed,96,sim-u96-s2,20,,synthetic,1,2026-03-24T23:32:50.303639+00:00,"{""category_id"": 8}"
da69113f-f1d3-4813-b27b-879926019718,search_performed,85,sim-u85-s3,,gaming keyboard,synthetic,1,2026-03-24T23:32:57.303639+00:00,"{""search_query"": ""gaming keyboard""}"
d6e78194-f7e4-48fc-bec9-af641e9ffd0e,order_completed,31,sim-u31-s2,8,,synthetic,6,2026-03-24T23:33:22.303639+00:00,"{""category_id"": 2}"
95116124-1aee-470f-8521-11fea6f5ee0a,cart_viewed,82,sim-u82-s3,,open cart,synthetic,1,2026-03-24T23:33:23.303639+00:00,{}
1ca788f9-998e-4870-9877-06b9974968cc,cart_item_added,82,sim-u82-s3,21,,synthetic,4,2026-03-24T23:34:18.303639+00:00,"{""category_id"": 8}"
05d86eec-8a14-4ffb-bd6d-84347a859f3f,search_performed,31,sim-u31-s2,,webcam full hd,synthetic,1,2026-03-24T23:34:26.303639+00:00,"{""search_query"": ""webcam full hd""}"
3571880f-f3a7-4538-b406-dcf65dde1b55,cart_viewed,96,sim-u96-s2,,open cart,synthetic,1,2026-03-24T23:34:36.303639+00:00,{}
35c24268-c7d0-4303-9b67-cf12aacf945c,cart_item_quantity_updated,82,sim-u82-s3,21,,synthetic,3,2026-03-24T23:35:19.303639+00:00,"{""category_id"": 8, ""quantity"": 3}"
97ca0717-38b7-4098-8d0e-48fcaf8b2bd6,product_clicked,85,sim-u85-s3,19,,synthetic,2,2026-03-24T23:35:42.303639+00:00,"{""category_id"": 7}"
5fcb1f24-7b7c-4cbe-b8f5-96ba1daa02e1,cart_item_removed,82,sim-u82-s3,21,,synthetic,1,2026-03-24T23:35:43.303639+00:00,"{""category_id"": 8}"
9eb166d0-ca3b-46f2-b0a4-93facfdb2092,product_clicked,31,sim-u31-s2,28,,synthetic,2,2026-03-24T23:36:22.303639+00:00,"{""category_id"": 12}"
6117c338-0443-4548-ac34-a8bd69f7cf46,cart_item_added,96,sim-u96-s2,20,,synthetic,4,2026-03-24T23:36:49.303639+00:00,"{""category_id"": 8}"
26972940-29b7-44dc-9324-041497b4ac8d,product_viewed,85,sim-u85-s3,19,,synthetic,1,2026-03-24T23:36:56.303639+00:00,"{""category_id"": 7}"
3cd51390-fc1e-46b6-938c-740f687fddbd,cart_viewed,85,sim-u85-s3,,open cart,synthetic,1,2026-03-24T23:37:31.303639+00:00,{}
8ae539d0-d7cb-4756-bf08-87b0e893d9cf,product_viewed,31,sim-u31-s2,28,,synthetic,1,2026-03-24T23:38:00.303639+00:00,"{""category_id"": 12}"
0a006b7d-ac5c-47fb-8580-fdd5b855d572,checkout_started,96,sim-u96-s2,,checkout,synthetic,4,2026-03-24T23:38:22.303639+00:00,{}
4ab5ac9f-aa70-4fea-94b4-96ea88b755f4,cart_item_added,85,sim-u85-s3,19,,synthetic,4,2026-03-24T23:38:37.303639+00:00,"{""category_id"": 7}"
3e69fab8-0543-4bcd-aff0-c4ab7c7a2d8f,checkout_started,82,sim-u82-s3,,checkout,synthetic,4,2026-03-24T23:38:38.303639+00:00,{}
70fb1305-4dc1-47a4-b495-9365cafbdd27,order_created,96,sim-u96-s2,20,,synthetic,5,2026-03-24T23:39:10.303639+00:00,"{""category_id"": 8}"
2c15c5a4-3762-4b85-abfb-df41ba687889,order_created,82,sim-u82-s3,21,,synthetic,5,2026-03-24T23:39:23.303639+00:00,"{""category_id"": 8}"
a1084c9e-917b-4bcc-b97f-b87315f97b03,cart_viewed,31,sim-u31-s2,,open cart,synthetic,1,2026-03-24T23:39:35.303639+00:00,{}
af0bb05a-6078-4df7-9517-2da1c44395bd,order_paid,96,sim-u96-s2,20,,synthetic,6,2026-03-24T23:39:38.303639+00:00,"{""category_id"": 8}"
fecc7cf7-63bd-4e9a-b9f5-8dee3a4bd1b8,order_paid,82,sim-u82-s3,21,,synthetic,6,2026-03-24T23:40:14.303639+00:00,"{""category_id"": 8}"
9bf247b1-06c8-4730-89d0-0e1382e504d9,cart_item_added,31,sim-u31-s2,28,,synthetic,4,2026-03-24T23:40:27.303639+00:00,"{""category_id"": 12}"
2dfd47c7-8606-48aa-a0f9-1c51ec8a7744,cart_item_removed,85,sim-u85-s3,19,,synthetic,1,2026-03-24T23:40:41.303639+00:00,"{""category_id"": 7}"
86604c9b-72fa-42a3-8413-f23b6d90c5b1,order_completed,96,sim-u96-s2,20,,synthetic,6,2026-03-24T23:42:32.303639+00:00,"{""category_id"": 8}"
65fb031c-b194-4676-8d2f-d7eb50b2105b,order_completed,82,sim-u82-s3,21,,synthetic,6,2026-03-24T23:42:50.303639+00:00,"{""category_id"": 8}"
0729528d-87d4-41b5-b21f-f93c79b980c2,checkout_started,85,sim-u85-s3,,checkout,synthetic,4,2026-03-24T23:42:53.303639+00:00,{}
de27fa10-5fb9-4d5b-8619-1cab2ece3ed4,search_performed,96,sim-u96-s2,,office chair,synthetic,1,2026-03-24T23:42:54.303639+00:00,"{""search_query"": ""office chair""}"
7d44dd46-d225-4c4c-9784-62a19ee5aaf6,cart_item_quantity_updated,31,sim-u31-s2,28,,synthetic,3,2026-03-24T23:43:13.303639+00:00,"{""category_id"": 12, ""quantity"": 2}"
4e5e2872-4229-4f2d-a23a-c1124779729d,chat_message_sent,82,sim-u82-s3,21,San pham nay co uu diem gi,synthetic,2,2026-03-24T23:43:29.303639+00:00,"{""category_id"": 8, ""intent"": ""advice""}"
099e8a27-5ed7-46dc-8561-e393dde7c2ff,product_clicked,96,sim-u96-s2,19,,synthetic,2,2026-03-24T23:44:55.303639+00:00,"{""category_id"": 7}"
ee4db3e1-963b-4797-8647-4c4992b3e50f,search_performed,82,sim-u82-s3,,wireless mouse,synthetic,1,2026-03-24T23:44:58.303639+00:00,"{""search_query"": ""wireless mouse""}"
27582031-3b7e-4886-a915-b9027163cc7c,order_created,85,sim-u85-s3,19,,synthetic,5,2026-03-24T23:45:53.303639+00:00,"{""category_id"": 7}"
33caf0ff-eabd-4dd0-a1ef-a0eccc5e0036,product_clicked,82,sim-u82-s3,14,,synthetic,2,2026-03-24T23:45:57.303639+00:00,"{""category_id"": 5}"
9ccf8d2e-c738-41e4-978d-38b3fd7480c3,checkout_started,31,sim-u31-s2,,checkout,synthetic,4,2026-03-24T23:45:58.303639+00:00,{}
f4b880a9-2459-4d28-9e08-e6d0372aaf75,order_created,31,sim-u31-s2,28,,synthetic,5,2026-03-24T23:46:26.303639+00:00,"{""category_id"": 12}"
deedf939-5a21-41b6-9a8b-61dffa36b08a,order_cancelled,85,sim-u85-s3,19,,synthetic,-2,2026-03-24T23:46:40.303639+00:00,"{""category_id"": 7}"
b1a8083d-a2ff-4100-879b-9d8f6a3bc0e0,product_viewed,96,sim-u96-s2,19,,synthetic,1,2026-03-24T23:47:03.303639+00:00,"{""category_id"": 7}"
553c3555-603b-45e9-846a-139b0b3faa57,chat_message_sent,85,sim-u85-s3,,San pham nay co uu diem gi,synthetic,2,2026-03-24T23:47:20.303639+00:00,"{""intent"": ""followup""}"
523ce214-fe16-4151-bb9a-249f59da5bfa,order_paid,31,sim-u31-s2,28,,synthetic,6,2026-03-24T23:48:07.303639+00:00,"{""category_id"": 12}"
e79fc9ac-e976-4427-9acb-ff8d98770003,product_viewed,82,sim-u82-s3,14,,synthetic,1,2026-03-24T23:48:09.303639+00:00,"{""category_id"": 5}"
ea7328af-d63f-48cc-8c56-5280990480b5,cart_viewed,96,sim-u96-s2,,open cart,synthetic,1,2026-03-24T23:49:19.303639+00:00,{}
550351c6-6e5a-4339-a96d-d57ea57c3296,cart_viewed,82,sim-u82-s3,,open cart,synthetic,1,2026-03-24T23:49:24.303639+00:00,{}
b77d209f-763d-41ba-b701-f35c21fb74f6,cart_item_added,82,sim-u82-s3,14,,synthetic,4,2026-03-24T23:49:52.303639+00:00,"{""category_id"": 5}"
b01218b5-148a-4c54-aa39-9241bac8072f,order_completed,31,sim-u31-s2,28,,synthetic,6,2026-03-24T23:51:03.303639+00:00,"{""category_id"": 12}"
641750f9-763e-446a-8e63-9269c8c7f86c,cart_item_added,96,sim-u96-s2,19,,synthetic,4,2026-03-24T23:52:00.303639+00:00,"{""category_id"": 7}"
7403ae52-034b-4965-95c1-8e6d79200e46,checkout_started,82,sim-u82-s3,,checkout,synthetic,4,2026-03-24T23:52:05.303639+00:00,{}
4e9c76d1-7ac9-4563-a3cf-943b9c49c03b,order_created,82,sim-u82-s3,14,,synthetic,5,2026-03-24T23:52:37.303639+00:00,"{""category_id"": 5}"
cbc90ba1-e27b-4f4d-81bf-f6cb796103c4,chat_message_sent,31,sim-u31-s2,28,Tu van cho toi mot san pham phu hop nhu cau,synthetic,2,2026-03-24T23:53:30.303639+00:00,"{""category_id"": 12, ""intent"": ""advice""}"
b020cb12-aab5-4cd8-8ce0-6fdd47491c33,search_performed,31,sim-u31-s2,,noise cancelling headset,synthetic,1,2026-03-24T23:54:09.303639+00:00,"{""search_query"": ""noise cancelling headset""}"
a1b2300b-e484-4cf9-a122-91166a32a182,checkout_started,96,sim-u96-s2,,checkout,synthetic,4,2026-03-24T23:54:46.303639+00:00,{}
fa92b11a-71be-4ad7-9a8c-ac3e2aa92195,order_paid,82,sim-u82-s3,14,,synthetic,6,2026-03-24T23:55:10.303639+00:00,"{""category_id"": 5}"
615e2f4a-d08a-470a-a696-5f79016c9e55,product_clicked,31,sim-u31-s2,31,,synthetic,2,2026-03-24T23:55:29.303639+00:00,"{""category_id"": 13}"
ac27c147-188c-4a3b-abb8-96e007327437,order_completed,82,sim-u82-s3,14,,synthetic,6,2026-03-24T23:55:56.303639+00:00,"{""category_id"": 5}"
191f7968-79ce-4cc2-b9e6-521e5fff62d1,order_created,96,sim-u96-s2,19,,synthetic,5,2026-03-24T23:57:14.303639+00:00,"{""category_id"": 7}"
2ea109d4-4327-482c-bb4a-dc933267d032,product_viewed,31,sim-u31-s2,31,,synthetic,1,2026-03-24T23:57:17.303639+00:00,"{""category_id"": 13}"
e1d7e78f-6c16-4b31-ae44-fcc3e5fd5980,chat_message_sent,82,sim-u82-s3,14,Nen chon mau nao cho cong viec van phong,synthetic,2,2026-03-24T23:58:09.303639+00:00,"{""category_id"": 5, ""intent"": ""advice""}"
328eda76-917b-42b9-83e9-ff173bd2b655,order_paid,96,sim-u96-s2,19,,synthetic,6,2026-03-24T23:58:32.303639+00:00,"{""category_id"": 7}"
7d54b76b-2a54-485a-aa8e-c9e347c8b92f,chat_message_sent,31,sim-u31-s2,31,Tu van cho toi mot san pham phu hop nhu cau,synthetic,2,2026-03-24T23:59:02.303639+00:00,"{""category_id"": 13, ""intent"": ""advice""}"
02688b3d-520f-4d73-af1e-0f16be1822ea,order_completed,96,sim-u96-s2,19,,synthetic,6,2026-03-25T00:00:40.303639+00:00,"{""category_id"": 7}"
a70fbfd0-c79e-4a99-9fe1-6c1f1a610119,chat_message_sent,96,sim-u96-s2,,Nen chon mau nao cho cong viec van phong,synthetic,2,2026-03-25T00:01:23.303639+00:00,"{""intent"": ""followup""}"
d8ed398a-568e-4d48-878c-717837208d2a,chat_started,67,sim-u67-s2,,start session,synthetic,1,2026-03-25T03:07:15.303639+00:00,"{""channel"": ""web""}"
b6ad0c30-3a06-4414-9415-ab3d0b70dd74,search_performed,67,sim-u67-s2,,office chair,synthetic,1,2026-03-25T03:09:28.303639+00:00,"{""search_query"": ""office chair""}"
f85a975e-ed94-4a3a-ba6a-ae3c61944ac7,product_clicked,67,sim-u67-s2,15,,synthetic,2,2026-03-25T03:10:22.303639+00:00,"{""category_id"": 5}"
292093b2-f29d-4050-9dc8-8969cd8591d3,product_viewed,67,sim-u67-s2,15,,synthetic,1,2026-03-25T03:10:42.303639+00:00,"{""category_id"": 5}"
932a7299-40bc-4dbe-b94b-0dae01fafa43,cart_viewed,67,sim-u67-s2,,open cart,synthetic,1,2026-03-25T03:13:42.303639+00:00,{}
4ccad7ce-72f0-425a-b56f-53b7e950ce7e,cart_item_added,67,sim-u67-s2,15,,synthetic,4,2026-03-25T03:15:20.303639+00:00,"{""category_id"": 5}"
bf8d41ba-63d6-4d2e-a40d-a0c1f3d30284,cart_item_quantity_updated,67,sim-u67-s2,15,,synthetic,3,2026-03-25T03:16:08.303639+00:00,"{""category_id"": 5, ""quantity"": 2}"
daa041df-d41b-4cd8-8ebd-cd7c44fdb757,cart_item_removed,67,sim-u67-s2,15,,synthetic,1,2026-03-25T03:18:40.303639+00:00,"{""category_id"": 5}"
fa2fa0a1-fdb2-4014-ba7e-5c7bdb46210f,checkout_started,67,sim-u67-s2,,checkout,synthetic,4,2026-03-25T03:19:33.303639+00:00,{}
57821f4a-fe07-4591-9eab-29c6999ed3f6,order_created,67,sim-u67-s2,15,,synthetic,5,2026-03-25T03:22:25.303639+00:00,"{""category_id"": 5}"
ae429d6e-9153-41bc-b702-eea861ca4445,order_paid,67,sim-u67-s2,15,,synthetic,6,2026-03-25T03:24:06.303639+00:00,"{""category_id"": 5}"
4a289e78-ab96-4f32-b338-60bc3418aedf,order_completed,67,sim-u67-s2,15,,synthetic,6,2026-03-25T03:26:21.303639+00:00,"{""category_id"": 5}"
aa8c72f9-96b5-44e2-961d-8da113ad6d61,chat_message_sent,67,sim-u67-s2,15,San pham nay co uu diem gi,synthetic,2,2026-03-25T03:27:47.303639+00:00,"{""category_id"": 5, ""intent"": ""advice""}"
4ed3b3d4-a722-4f2b-a79f-b0c276beaed8,search_performed,67,sim-u67-s2,,webcam full hd,synthetic,1,2026-03-25T03:29:30.303639+00:00,"{""search_query"": ""webcam full hd""}"
b39c045f-9c87-4fdb-9f9b-1de72ee84a25,product_clicked,67,sim-u67-s2,30,,synthetic,2,2026-03-25T03:31:02.303639+00:00,"{""category_id"": 13}"
3143cdd0-e6eb-4573-b222-d780e8fdc637,product_viewed,67,sim-u67-s2,30,,synthetic,1,2026-03-25T03:32:12.303639+00:00,"{""category_id"": 13}"
cc75ae86-2ae0-40b6-b425-beeae1d3a2ee,cart_viewed,67,sim-u67-s2,,open cart,synthetic,1,2026-03-25T03:34:06.303639+00:00,{}
de022f4b-1b3d-4c9a-b422-9b9978bba381,cart_item_added,67,sim-u67-s2,30,,synthetic,4,2026-03-25T03:35:12.303639+00:00,"{""category_id"": 13}"
78a303e1-5538-4690-936d-c42d65fac740,cart_item_quantity_updated,67,sim-u67-s2,30,,synthetic,3,2026-03-25T03:37:58.303639+00:00,"{""category_id"": 13, ""quantity"": 3}"
aef57099-df99-45b3-8553-b2761b53b854,cart_item_removed,67,sim-u67-s2,30,,synthetic,1,2026-03-25T03:38:23.303639+00:00,"{""category_id"": 13}"
57c94cd0-a846-4f18-858e-657dff9bf2ab,checkout_started,67,sim-u67-s2,,checkout,synthetic,4,2026-03-25T03:41:05.303639+00:00,{}
e6d0db47-7a5d-4f07-9141-84d40308ee4a,order_created,67,sim-u67-s2,30,,synthetic,5,2026-03-25T03:44:01.303639+00:00,"{""category_id"": 13}"
275c73d4-9a5d-4d08-88ba-6e203d91406d,order_paid,67,sim-u67-s2,30,,synthetic,6,2026-03-25T03:44:43.303639+00:00,"{""category_id"": 13}"
8e1cc491-09cc-4ec1-8e1b-54a7f4682d68,order_completed,67,sim-u67-s2,30,,synthetic,6,2026-03-25T03:47:01.303639+00:00,"{""category_id"": 13}"
196ab198-43f5-4ed1-a7f0-1f8ac161e7f4,chat_message_sent,67,sim-u67-s2,30,San pham nay co uu diem gi,synthetic,2,2026-03-25T03:47:33.303639+00:00,"{""category_id"": 13, ""intent"": ""advice""}"
70536e00-a7d1-4815-88fa-667e09824cb0,search_performed,67,sim-u67-s2,,webcam full hd,synthetic,1,2026-03-25T03:49:42.303639+00:00,"{""search_query"": ""webcam full hd""}"
3fa08965-a64e-4371-b89d-6b779d3a6853,product_clicked,67,sim-u67-s2,23,,synthetic,2,2026-03-25T03:52:35.303639+00:00,"{""category_id"": 9}"
1ac02c70-dc80-4ed4-8eb2-ae13dacaae20,product_viewed,67,sim-u67-s2,23,,synthetic,1,2026-03-25T03:54:01.303639+00:00,"{""category_id"": 9}"
7f5b5b9e-631e-4301-b79e-8412e58ebde7,cart_viewed,67,sim-u67-s2,,open cart,synthetic,1,2026-03-25T03:55:55.303639+00:00,{}
02f1217b-e830-4dc8-8e90-b35f6f79664c,cart_item_added,67,sim-u67-s2,23,,synthetic,4,2026-03-25T03:56:58.303639+00:00,"{""category_id"": 9}"
b7bc61d4-60ca-40dd-ab3f-755e817e8cc8,cart_item_removed,67,sim-u67-s2,23,,synthetic,1,2026-03-25T03:59:32.303639+00:00,"{""category_id"": 9}"
ea144ea3-c7d6-4617-ae24-f1f674b4263d,checkout_started,67,sim-u67-s2,,checkout,synthetic,4,2026-03-25T04:01:43.303639+00:00,{}
6858d0bc-86b4-4c14-b4d1-c7400c27d7b4,order_created,67,sim-u67-s2,23,,synthetic,5,2026-03-25T04:03:59.303639+00:00,"{""category_id"": 9}"
620b5330-f5f1-44f5-a608-4eebdf9f0cad,order_paid,67,sim-u67-s2,23,,synthetic,6,2026-03-25T04:06:25.303639+00:00,"{""category_id"": 9}"
4cadfd56-0a61-47e7-9010-7f21a4eff4e3,order_completed,67,sim-u67-s2,23,,synthetic,6,2026-03-25T04:07:15.303639+00:00,"{""category_id"": 9}"
67e26b5e-6597-4fb9-a84c-3557821803f0,chat_message_sent,67,sim-u67-s2,23,San pham nay co uu diem gi,synthetic,2,2026-03-25T04:08:23.303639+00:00,"{""category_id"": 9, ""intent"": ""advice""}"
a7c18128-b8f8-4e3e-9296-7ca5d788b531,chat_started,16,sim-u16-s1,,start session,synthetic,1,2026-03-25T05:17:59.303639+00:00,"{""channel"": ""web""}"
c51e3688-01ba-4e33-93ed-300ab25c039b,search_performed,16,sim-u16-s1,,laptop stand,synthetic,1,2026-03-25T05:20:38.303639+00:00,"{""search_query"": ""laptop stand""}"
bbabeac1-d4c1-4996-b813-5135ab3b4c60,product_clicked,16,sim-u16-s1,33,,synthetic,2,2026-03-25T05:23:07.303639+00:00,"{""category_id"": 14}"
cde91cfb-3763-4d99-8df1-52d1ea3ed0a2,product_viewed,16,sim-u16-s1,33,,synthetic,1,2026-03-25T05:25:36.303639+00:00,"{""category_id"": 14}"
9323ef8d-c5bc-4ace-815a-5d74d5cd3bbb,cart_viewed,16,sim-u16-s1,,open cart,synthetic,1,2026-03-25T05:27:35.303639+00:00,{}
0eea9217-2a5e-48e3-ad4c-2d50448e3071,cart_item_added,16,sim-u16-s1,33,,synthetic,4,2026-03-25T05:29:55.303639+00:00,"{""category_id"": 14}"
a1976ec3-e7f3-446b-9d8f-8b486f0abd22,cart_item_quantity_updated,16,sim-u16-s1,33,,synthetic,3,2026-03-25T05:31:50.303639+00:00,"{""category_id"": 14, ""quantity"": 3}"
fe187e99-f4bb-49ea-93f0-4a87c649ef30,checkout_started,16,sim-u16-s1,,checkout,synthetic,4,2026-03-25T05:32:14.303639+00:00,{}
d67dd6fd-561e-4cd4-8ffa-f45a20303090,order_created,16,sim-u16-s1,33,,synthetic,5,2026-03-25T05:34:05.303639+00:00,"{""category_id"": 14}"
4f563d21-97ca-47bf-ab42-322d29509983,order_paid,16,sim-u16-s1,33,,synthetic,6,2026-03-25T05:35:53.303639+00:00,"{""category_id"": 14}"
cfa79f8c-9b7d-49ba-89c9-a2b507894de1,order_completed,16,sim-u16-s1,33,,synthetic,6,2026-03-25T05:37:14.303639+00:00,"{""category_id"": 14}"
5016d42c-ee61-40e5-a71f-d0c35a30b975,chat_message_sent,16,sim-u16-s1,33,Tu van cho toi mot san pham phu hop nhu cau,synthetic,2,2026-03-25T05:40:02.303639+00:00,"{""category_id"": 14, ""intent"": ""advice""}"
95d55728-41da-48d0-92cc-a9ea4c28b273,search_performed,16,sim-u16-s1,,noise cancelling headset,synthetic,1,2026-03-25T05:40:56.303639+00:00,"{""search_query"": ""noise cancelling headset""}"
b6bc9133-3321-432e-9f41-7fc8aa28c2a1,product_clicked,16,sim-u16-s1,12,,synthetic,2,2026-03-25T05:41:27.303639+00:00,"{""category_id"": 4}"
4091d490-7533-4ca2-b8aa-94e98a1864d2,product_viewed,16,sim-u16-s1,12,,synthetic,1,2026-03-25T05:43:17.303639+00:00,"{""category_id"": 4}"
400149bf-1915-4778-bd89-bc97021b769d,cart_viewed,16,sim-u16-s1,,open cart,synthetic,1,2026-03-25T05:44:21.303639+00:00,{}
ab6aadc1-7d16-4da3-bd40-9f5878732006,cart_item_added,16,sim-u16-s1,12,,synthetic,4,2026-03-25T05:46:39.303639+00:00,"{""category_id"": 4}"
56e62b86-1dfb-48c4-9702-0d0ea65a1122,checkout_started,16,sim-u16-s1,,checkout,synthetic,4,2026-03-25T05:47:45.303639+00:00,{}
957a9e05-9370-4c4a-9846-e70efd74db38,order_created,16,sim-u16-s1,12,,synthetic,5,2026-03-25T05:48:39.303639+00:00,"{""category_id"": 4}"
ce250531-2c6e-4df2-a0d0-a23eca1c8909,order_paid,16,sim-u16-s1,12,,synthetic,6,2026-03-25T05:50:56.303639+00:00,"{""category_id"": 4}"
fc200a5c-25f6-4a41-84d8-a9b89fdabdd7,order_completed,16,sim-u16-s1,12,,synthetic,6,2026-03-25T05:51:25.303639+00:00,"{""category_id"": 4}"
4c1af273-f6b8-44bf-90ae-f93bcb07521e,chat_message_sent,16,sim-u16-s1,12,Tu van cho toi mot san pham phu hop nhu cau,synthetic,2,2026-03-25T05:52:36.303639+00:00,"{""category_id"": 4, ""intent"": ""advice""}"
ab887e52-d65b-4440-a5dc-e1b887ec442f,chat_started,87,sim-u87-s3,,start session,synthetic,1,2026-03-25T07:32:09.303639+00:00,"{""channel"": ""web""}"
f19c53ec-c7a8-4a4f-960e-869faf17f842,search_performed,87,sim-u87-s3,,wireless mouse,synthetic,1,2026-03-25T07:34:46.303639+00:00,"{""search_query"": ""wireless mouse""}"
d09f8a96-4f99-43c0-bf11-278261964d3f,product_clicked,87,sim-u87-s3,23,,synthetic,2,2026-03-25T07:37:03.303639+00:00,"{""category_id"": 9}"
754e1fd8-ba8b-4cd0-af94-13f48eea8f50,chat_started,68,sim-u68-s2,,start session,synthetic,1,2026-03-25T07:38:16.303639+00:00,"{""channel"": ""web""}"
1891120f-a471-4830-816e-c483853e485f,product_viewed,87,sim-u87-s3,23,,synthetic,1,2026-03-25T07:38:43.303639+00:00,"{""category_id"": 9}"
4704686c-e8f8-405a-89a8-022a9cd9e997,cart_viewed,87,sim-u87-s3,,open cart,synthetic,1,2026-03-25T07:40:18.303639+00:00,{}
3fd526d4-43d8-4620-b9c4-3788f517d1ba,search_performed,68,sim-u68-s2,,laptop stand,synthetic,1,2026-03-25T07:41:14.303639+00:00,"{""search_query"": ""laptop stand""}"
038f5afe-20d9-477c-a3fa-9baf7b0a18a8,cart_item_added,87,sim-u87-s3,23,,synthetic,4,2026-03-25T07:41:34.303639+00:00,"{""category_id"": 9}"
00491fb9-189f-497c-8fbc-1a710d801a54,cart_item_quantity_updated,87,sim-u87-s3,23,,synthetic,3,2026-03-25T07:42:31.303639+00:00,"{""category_id"": 9, ""quantity"": 3}"
63036c7d-bc39-4183-af01-41e8021145f7,product_clicked,68,sim-u68-s2,27,,synthetic,2,2026-03-25T07:43:11.303639+00:00,"{""category_id"": 11}"
925c5ceb-a5a3-4828-bba6-ecfb94968e1f,checkout_started,87,sim-u87-s3,,checkout,synthetic,4,2026-03-25T07:43:28.303639+00:00,{}
cc5a3e26-3534-46ac-89e7-bf509208f183,order_created,87,sim-u87-s3,23,,synthetic,5,2026-03-25T07:43:56.303639+00:00,"{""category_id"": 9}"
a1808f14-3232-4d33-8385-085e530989ea,product_viewed,68,sim-u68-s2,27,,synthetic,1,2026-03-25T07:44:48.303639+00:00,"{""category_id"": 11}"
47de82ef-3d27-499d-abad-39ccb2b3e97c,order_paid,87,sim-u87-s3,23,,synthetic,6,2026-03-25T07:45:35.303639+00:00,"{""category_id"": 9}"
fed50125-0eb3-478d-9aa3-1df93a3e7ca0,chat_message_sent,68,sim-u68-s2,27,San pham nay co uu diem gi,synthetic,2,2026-03-25T07:47:31.303639+00:00,"{""category_id"": 11, ""intent"": ""advice""}"
1e01919c-0f1b-48bd-a431-1a0961944e59,order_completed,87,sim-u87-s3,23,,synthetic,6,2026-03-25T07:48:03.303639+00:00,"{""category_id"": 9}"
24c2ea0c-bc74-400a-af1f-4080dab8e588,chat_message_sent,87,sim-u87-s3,,Tu van cho toi mot san pham phu hop nhu cau,synthetic,2,2026-03-25T07:49:33.303639+00:00,"{""intent"": ""followup""}"
3ef8bdb0-238e-485a-a75f-8f4c96df4549,chat_started,2,sim-u2-s3,,start session,synthetic,1,2026-03-25T11:50:57.303639+00:00,"{""channel"": ""web""}"
b43a04a3-2aa1-4ba4-9765-2ba01213c82a,chat_started,33,sim-u33-s1,,start session,synthetic,1,2026-03-25T11:52:14.303639+00:00,"{""channel"": ""web""}"
fc81153f-bf90-4d50-80d6-547296ead701,search_performed,2,sim-u2-s3,,webcam full hd,synthetic,1,2026-03-25T11:53:05.303639+00:00,"{""search_query"": ""webcam full hd""}"
24a863ce-0394-452c-bd90-9b64e00d5a2d,search_performed,33,sim-u33-s1,,gaming keyboard,synthetic,1,2026-03-25T11:54:15.303639+00:00,"{""search_query"": ""gaming keyboard""}"
13799ec2-d84f-423b-9378-3e100a1f8a24,product_clicked,2,sim-u2-s3,19,,synthetic,2,2026-03-25T11:54:19.303639+00:00,"{""category_id"": 7}"
7727a10d-e2d1-49c5-a314-88a4fe88a4bf,product_clicked,33,sim-u33-s1,26,,synthetic,2,2026-03-25T11:54:43.303639+00:00,"{""category_id"": 11}"
bd50c06d-b555-4d5c-b9a1-474a6cbbdd09,product_viewed,2,sim-u2-s3,19,,synthetic,1,2026-03-25T11:56:57.303639+00:00,"{""category_id"": 7}"
44167821-5d3e-4e5c-a3e4-415955ea7046,product_viewed,33,sim-u33-s1,26,,synthetic,1,2026-03-25T11:57:11.303639+00:00,"{""category_id"": 11}"
05af9d36-8080-4aa5-a7b5-895e7c46ad54,cart_viewed,2,sim-u2-s3,,open cart,synthetic,1,2026-03-25T11:58:08.303639+00:00,{}
6e129759-6031-4c6b-b8b8-536a74b6b7c5,cart_viewed,33,sim-u33-s1,,open cart,synthetic,1,2026-03-25T11:59:43.303639+00:00,{}
57560172-aa7e-49a8-a5dd-02b3b606fcb4,cart_item_added,2,sim-u2-s3,19,,synthetic,4,2026-03-25T11:59:47.303639+00:00,"{""category_id"": 7}"
53d331f3-a4c8-437f-958e-ecb2d6ca9d67,cart_item_quantity_updated,2,sim-u2-s3,19,,synthetic,3,2026-03-25T12:01:42.303639+00:00,"{""category_id"": 7, ""quantity"": 4}"
13dce36a-5d47-4e52-a59b-5de0186668ce,cart_item_added,33,sim-u33-s1,26,,synthetic,4,2026-03-25T12:02:29.303639+00:00,"{""category_id"": 11}"
53126212-7071-461e-bf57-fd337f0cb01a,checkout_started,33,sim-u33-s1,,checkout,synthetic,4,2026-03-25T12:03:19.303639+00:00,{}
19155165-e732-4350-8d41-1a558dc6a105,checkout_started,2,sim-u2-s3,,checkout,synthetic,4,2026-03-25T12:04:14.303639+00:00,{}
22750dca-ef61-4a1f-a729-00b82f1d32fd,order_created,33,sim-u33-s1,26,,synthetic,5,2026-03-25T12:05:33.303639+00:00,"{""category_id"": 11}"
3ccffbbb-ab20-4943-987f-cacac9f7fdfa,order_created,2,sim-u2-s3,19,,synthetic,5,2026-03-25T12:06:29.303639+00:00,"{""category_id"": 7}"
a3bc2158-aca9-4450-9e54-60a0919bdcf1,order_paid,33,sim-u33-s1,26,,synthetic,6,2026-03-25T12:06:35.303639+00:00,"{""category_id"": 11}"
187945a9-e9da-455f-af3b-52576d504c06,order_paid,2,sim-u2-s3,19,,synthetic,6,2026-03-25T12:07:46.303639+00:00,"{""category_id"": 7}"
c0cf1624-cc32-4fa8-a126-57c3dfd64039,order_completed,33,sim-u33-s1,26,,synthetic,6,2026-03-25T12:07:49.303639+00:00,"{""category_id"": 11}"
e582c6da-e13d-4ab4-a10c-c099abfea18c,order_completed,2,sim-u2-s3,19,,synthetic,6,2026-03-25T12:08:22.303639+00:00,"{""category_id"": 7}"
3f1f6451-de87-4aa2-ba5a-ffbc6cf7fde4,search_performed,33,sim-u33-s1,,wireless mouse,synthetic,1,2026-03-25T12:09:57.303639+00:00,"{""search_query"": ""wireless mouse""}"
ce29264e-19b1-48ff-844a-6122e63a693e,product_clicked,33,sim-u33-s1,31,,synthetic,2,2026-03-25T12:10:37.303639+00:00,"{""category_id"": 13}"
4b31f656-31ec-43d9-9922-4e18b37ad07a,chat_message_sent,2,sim-u2-s3,19,San pham nay co uu diem gi,synthetic,2,2026-03-25T12:11:12.303639+00:00,"{""category_id"": 7, ""intent"": ""advice""}"
ea86605d-154e-4bcf-b7c2-ca98ed770201,search_performed,2,sim-u2-s3,,wireless mouse,synthetic,1,2026-03-25T12:11:50.303639+00:00,"{""search_query"": ""wireless mouse""}"
273ceb92-04cb-4f8d-8131-2f83240ee8c2,product_clicked,2,sim-u2-s3,28,,synthetic,2,2026-03-25T12:12:25.303639+00:00,"{""category_id"": 12}"
145fb578-b782-4dd5-9b8e-7a309fda183e,product_viewed,33,sim-u33-s1,31,,synthetic,1,2026-03-25T12:12:48.303639+00:00,"{""category_id"": 13}"
02a8c4bc-941c-434b-8025-df6bccfb5237,product_viewed,2,sim-u2-s3,28,,synthetic,1,2026-03-25T12:13:43.303639+00:00,"{""category_id"": 12}"
6ebc29e3-c422-4fcb-9cd1-a9009d2ac947,cart_viewed,2,sim-u2-s3,,open cart,synthetic,1,2026-03-25T12:14:11.303639+00:00,{}
1283f3f9-ddae-49d9-98bb-7abdd8b3cace,cart_viewed,33,sim-u33-s1,,open cart,synthetic,1,2026-03-25T12:15:48.303639+00:00,{}
30a3757b-9dda-4a11-a29e-84a21fd580ae,cart_item_added,2,sim-u2-s3,28,,synthetic,4,2026-03-25T12:15:55.303639+00:00,"{""category_id"": 12}"
7bb29400-762f-40ff-ac13-4e215d2d5881,cart_item_added,33,sim-u33-s1,31,,synthetic,4,2026-03-25T12:16:45.303639+00:00,"{""category_id"": 13}"
22791405-8a39-42d5-bfb9-591c9a8bdb43,checkout_started,33,sim-u33-s1,,checkout,synthetic,4,2026-03-25T12:17:22.303639+00:00,{}
72829c6a-0909-4fe5-bede-b2da96f53fa1,cart_item_quantity_updated,2,sim-u2-s3,28,,synthetic,3,2026-03-25T12:17:26.303639+00:00,"{""category_id"": 12, ""quantity"": 2}"
314bd947-886e-4e34-b9e2-d3f93dff3e85,order_created,33,sim-u33-s1,31,,synthetic,5,2026-03-25T12:18:04.303639+00:00,"{""category_id"": 13}"
7506620d-59c6-44e3-8a14-92b124908a5c,checkout_started,2,sim-u2-s3,,checkout,synthetic,4,2026-03-25T12:18:40.303639+00:00,{}
599b4e64-ad2f-4592-b250-772a6f59db6a,order_paid,33,sim-u33-s1,31,,synthetic,6,2026-03-25T12:20:05.303639+00:00,"{""category_id"": 13}"
1804ddbe-7990-4a2b-a24d-875fdd37a666,order_created,2,sim-u2-s3,28,,synthetic,5,2026-03-25T12:21:18.303639+00:00,"{""category_id"": 12}"
40bc4de4-5bde-47a9-86f8-278cabe7cf52,order_completed,33,sim-u33-s1,31,,synthetic,6,2026-03-25T12:22:46.303639+00:00,"{""category_id"": 13}"
ed485ce8-c4c8-4ae1-b95d-22fe5f8ccc12,order_paid,2,sim-u2-s3,28,,synthetic,6,2026-03-25T12:24:04.303639+00:00,"{""category_id"": 12}"
ccaf3d5d-d1be-439a-a382-3315c8a883f0,chat_message_sent,33,sim-u33-s1,31,Nen chon mau nao cho cong viec van phong,synthetic,2,2026-03-25T12:25:19.303639+00:00,"{""category_id"": 13, ""intent"": ""advice""}"
c340f7d6-b296-41b3-8ea6-025e693e2fb8,order_completed,2,sim-u2-s3,28,,synthetic,6,2026-03-25T12:26:51.303639+00:00,"{""category_id"": 12}"
a7ec114e-ce61-4123-b146-2a1e17a62997,chat_message_sent,2,sim-u2-s3,28,Co goi y san pham thay the khong,synthetic,2,2026-03-25T12:28:55.303639+00:00,"{""category_id"": 12, ""intent"": ""advice""}"
12b1d4e4-7352-4443-8316-8ddb7ba1e196,chat_started,75,sim-u75-s1,,start session,synthetic,1,2026-03-25T12:46:04.303639+00:00,"{""channel"": ""web""}"
cc08db93-0b7d-4ead-b158-125243404160,search_performed,75,sim-u75-s1,,webcam full hd,synthetic,1,2026-03-25T12:49:03.303639+00:00,"{""search_query"": ""webcam full hd""}"
94c2799b-a8d2-404e-8c30-73734877e61b,product_clicked,75,sim-u75-s1,10,,synthetic,2,2026-03-25T12:51:07.303639+00:00,"{""category_id"": 3}"
580934c1-b118-45e3-afe7-8cc5b8e84933,product_viewed,75,sim-u75-s1,10,,synthetic,1,2026-03-25T12:53:06.303639+00:00,"{""category_id"": 3}"
59656604-b216-4b07-bf5d-86326f3809e8,cart_viewed,75,sim-u75-s1,,open cart,synthetic,1,2026-03-25T12:55:07.303639+00:00,{}
c0ee6efc-9c81-49aa-ae3d-9f3f283ecf29,cart_item_added,75,sim-u75-s1,10,,synthetic,4,2026-03-25T12:56:53.303639+00:00,"{""category_id"": 3}"
5b4c9cac-57b2-4b97-bce5-fd8213b18a8f,cart_item_quantity_updated,75,sim-u75-s1,10,,synthetic,3,2026-03-25T12:59:06.303639+00:00,"{""category_id"": 3, ""quantity"": 4}"
909e5462-066f-4dd8-a08c-e113ed397fab,checkout_started,75,sim-u75-s1,,checkout,synthetic,4,2026-03-25T12:59:48.303639+00:00,{}
608edf2d-0a47-47a5-a861-3919383f1b2e,order_created,75,sim-u75-s1,10,,synthetic,5,2026-03-25T13:00:50.303639+00:00,"{""category_id"": 3}"
40965eb1-c717-460d-93a1-62f3065df31b,order_paid,75,sim-u75-s1,10,,synthetic,6,2026-03-25T13:03:36.303639+00:00,"{""category_id"": 3}"
a88087f7-f2a2-46d3-9f14-d9f82fe79cba,order_completed,75,sim-u75-s1,10,,synthetic,6,2026-03-25T13:05:15.303639+00:00,"{""category_id"": 3}"
8a7ef3d2-e38b-4444-afb7-09acf8e3939c,chat_message_sent,75,sim-u75-s1,10,Tu van cho toi mot san pham phu hop nhu cau,synthetic,2,2026-03-25T13:07:58.303639+00:00,"{""category_id"": 3, ""intent"": ""advice""}"
1eee4f92-f4ac-4b2b-a8ea-6bd8bf4ddaa4,chat_started,6,sim-u6-s3,,start session,synthetic,1,2026-03-25T15:16:15.303639+00:00,"{""channel"": ""web""}"
9f69f8bb-5844-4ec8-941e-472d2f702fc9,search_performed,6,sim-u6-s3,,ergonomic desk,synthetic,1,2026-03-25T15:17:01.303639+00:00,"{""search_query"": ""ergonomic desk""}"
8de6aa61-3d4a-4923-8578-6fcbab3b7847,product_clicked,6,sim-u6-s3,17,,synthetic,2,2026-03-25T15:18:38.303639+00:00,"{""category_id"": 6}"
d0354bfc-2e86-4ac1-a65a-8a224cb2e1a5,product_viewed,6,sim-u6-s3,17,,synthetic,1,2026-03-25T15:21:31.303639+00:00,"{""category_id"": 6}"
24f0f62b-d22c-41bd-b9d2-5114de62ec36,chat_message_sent,6,sim-u6-s3,,Tu van cho toi mot san pham phu hop nhu cau,synthetic,2,2026-03-25T15:23:19.303639+00:00,"{""intent"": ""followup""}"
c7821dc1-65d7-4738-b05d-6034dd5d3651,chat_started,17,sim-u17-s1,,start session,synthetic,1,2026-03-25T16:12:21.303639+00:00,"{""channel"": ""web""}"
3277c747-3761-4169-811a-f8fc471b2d9d,search_performed,17,sim-u17-s1,,monitor 27 inch,synthetic,1,2026-03-25T16:13:57.303639+00:00,"{""search_query"": ""monitor 27 inch""}"
b2fbfae3-d489-4f23-b6f3-e8a1960a4bd1,product_clicked,17,sim-u17-s1,18,,synthetic,2,2026-03-25T16:14:57.303639+00:00,"{""category_id"": 7}"
873f41bd-cc2f-4447-b7ce-c82258e31fb7,product_viewed,17,sim-u17-s1,18,,synthetic,1,2026-03-25T16:16:01.303639+00:00,"{""category_id"": 7}"
01d28a67-0072-4e2a-9193-e99a9116768b,cart_viewed,17,sim-u17-s1,,open cart,synthetic,1,2026-03-25T16:18:31.303639+00:00,{}
192a19d1-dee5-42a3-b227-7efd0887e4bf,cart_item_added,17,sim-u17-s1,18,,synthetic,4,2026-03-25T16:19:48.303639+00:00,"{""category_id"": 7}"
41093474-1767-48be-b3ae-e0c9f6b25031,cart_item_quantity_updated,17,sim-u17-s1,18,,synthetic,3,2026-03-25T16:20:43.303639+00:00,"{""category_id"": 7, ""quantity"": 2}"
22d017b6-20df-4188-9388-1ce71eaac46a,cart_item_removed,17,sim-u17-s1,18,,synthetic,1,2026-03-25T16:23:09.303639+00:00,"{""category_id"": 7}"
b5205044-812a-4e47-b9a2-1bb6944e0dfe,checkout_started,17,sim-u17-s1,,checkout,synthetic,4,2026-03-25T16:23:35.303639+00:00,{}
230057b8-5e22-44a2-b169-6ab0a6c27200,order_created,17,sim-u17-s1,18,,synthetic,5,2026-03-25T16:25:27.303639+00:00,"{""category_id"": 7}"
8bc26f27-4bef-414a-92c1-0abd280e5e53,order_paid,17,sim-u17-s1,18,,synthetic,6,2026-03-25T16:27:21.303639+00:00,"{""category_id"": 7}"
66d0c53a-364a-466e-9c5a-f72327e70034,order_completed,17,sim-u17-s1,18,,synthetic,6,2026-03-25T16:29:40.303639+00:00,"{""category_id"": 7}"
fb4c0e64-dda8-4522-aef6-2d808d573da3,search_performed,17,sim-u17-s1,,office chair,synthetic,1,2026-03-25T16:32:36.303639+00:00,"{""search_query"": ""office chair""}"
ab557ca2-5814-489f-a413-b4618ef6fa8e,product_clicked,17,sim-u17-s1,18,,synthetic,2,2026-03-25T16:33:18.303639+00:00,"{""category_id"": 7}"
8dd79d01-bf49-48c8-a11e-cf9e825e3fa6,product_viewed,17,sim-u17-s1,18,,synthetic,1,2026-03-25T16:33:54.303639+00:00,"{""category_id"": 7}"
75ac7848-5376-488b-ae16-ce1dde86f3f9,cart_viewed,17,sim-u17-s1,,open cart,synthetic,1,2026-03-25T16:36:16.303639+00:00,{}
a0716990-e3d3-4537-afb2-530e427f59fb,cart_item_added,17,sim-u17-s1,18,,synthetic,4,2026-03-25T16:38:50.303639+00:00,"{""category_id"": 7}"
78223c5a-dc2b-4734-9333-cda1b8be5865,cart_item_quantity_updated,17,sim-u17-s1,18,,synthetic,3,2026-03-25T16:41:37.303639+00:00,"{""category_id"": 7, ""quantity"": 3}"
f50451ce-cf54-4080-909d-857af82ab514,cart_item_removed,17,sim-u17-s1,18,,synthetic,1,2026-03-25T16:43:18.303639+00:00,"{""category_id"": 7}"
732e6c88-e27c-484a-ae2a-41cbe130071c,checkout_started,17,sim-u17-s1,,checkout,synthetic,4,2026-03-25T16:43:56.303639+00:00,{}
7b2825af-3cb3-4c42-b3dd-ec7e7f5c5452,order_created,17,sim-u17-s1,18,,synthetic,5,2026-03-25T16:46:11.303639+00:00,"{""category_id"": 7}"
7edc858b-c3e0-457b-8ff8-990045d4f3d5,order_paid,17,sim-u17-s1,18,,synthetic,6,2026-03-25T16:48:43.303639+00:00,"{""category_id"": 7}"
dd6b5f30-b8c9-48bb-bb10-97dcf58cfbc6,order_completed,17,sim-u17-s1,18,,synthetic,6,2026-03-25T16:50:31.303639+00:00,"{""category_id"": 7}"
a8a272a8-166c-4e7b-a9e4-59725de07913,chat_message_sent,17,sim-u17-s1,18,San pham nay co uu diem gi,synthetic,2,2026-03-25T16:51:24.303639+00:00,"{""category_id"": 7, ""intent"": ""advice""}"
994f364c-fd3b-4ee0-afe3-4b8d89f8617c,search_performed,17,sim-u17-s1,,laptop stand,synthetic,1,2026-03-25T16:51:58.303639+00:00,"{""search_query"": ""laptop stand""}"
a2c323ab-230f-4b75-918b-c4e2a9d4a357,product_clicked,17,sim-u17-s1,22,,synthetic,2,2026-03-25T16:52:49.303639+00:00,"{""category_id"": 9}"
6a04dbc7-e9b4-48bd-a763-1952ef53d46f,product_viewed,17,sim-u17-s1,22,,synthetic,1,2026-03-25T16:55:21.303639+00:00,"{""category_id"": 9}"
e670b195-1372-4ac6-8859-e067559da7cb,cart_viewed,17,sim-u17-s1,,open cart,synthetic,1,2026-03-25T16:56:23.303639+00:00,{}
a6da66d7-a77a-4352-b2fa-49ed9f384104,cart_item_added,17,sim-u17-s1,22,,synthetic,4,2026-03-25T16:57:24.303639+00:00,"{""category_id"": 9}"
314adbb2-4f18-4360-8530-cb53406bf0f6,cart_item_quantity_updated,17,sim-u17-s1,22,,synthetic,3,2026-03-25T16:58:41.303639+00:00,"{""category_id"": 9, ""quantity"": 4}"
532c097b-d715-4369-ace4-2483bafbdea0,checkout_started,17,sim-u17-s1,,checkout,synthetic,4,2026-03-25T17:01:13.303639+00:00,{}
c74ab258-9b2d-427b-b14e-0d20e64673a6,order_created,17,sim-u17-s1,22,,synthetic,5,2026-03-25T17:02:45.303639+00:00,"{""category_id"": 9}"
625257b5-56e4-48ea-8652-967660af25b7,order_paid,17,sim-u17-s1,22,,synthetic,6,2026-03-25T17:04:09.303639+00:00,"{""category_id"": 9}"
b89ca350-b601-4cae-9dd3-b5937c9e8b6c,order_completed,17,sim-u17-s1,22,,synthetic,6,2026-03-25T17:05:19.303639+00:00,"{""category_id"": 9}"
5ba65b37-3d59-472f-bb95-5b224192b1d6,chat_message_sent,17,sim-u17-s1,22,Nen chon mau nao cho cong viec van phong,synthetic,2,2026-03-25T17:06:11.303639+00:00,"{""category_id"": 9, ""intent"": ""advice""}"
ea8f0068-8371-4f52-8c22-38c590b8d9c4,chat_started,23,sim-u23-s1,,start session,synthetic,1,2026-03-26T01:18:17.303639+00:00,"{""channel"": ""web""}"
568f9da6-0bb9-48ef-8208-081ded97ae62,search_performed,23,sim-u23-s1,,mechanical keyboard,synthetic,1,2026-03-26T01:20:13.303639+00:00,"{""search_query"": ""mechanical keyboard""}"
d2d99d28-6632-4cd4-aedd-4fc37bf75799,product_clicked,23,sim-u23-s1,23,,synthetic,2,2026-03-26T01:22:54.303639+00:00,"{""category_id"": 9}"
954d6655-4469-4ecd-adec-c0151d1dee57,product_viewed,23,sim-u23-s1,23,,synthetic,1,2026-03-26T01:25:15.303639+00:00,"{""category_id"": 9}"
d3ccbbd4-65fc-420b-acc6-bb2b1340a743,cart_viewed,23,sim-u23-s1,,open cart,synthetic,1,2026-03-26T01:25:37.303639+00:00,{}
3a4a954b-75fc-4562-a2ab-7aa1c7d1dde9,cart_item_added,23,sim-u23-s1,23,,synthetic,4,2026-03-26T01:26:40.303639+00:00,"{""category_id"": 9}"
9f2e549c-61e8-4b99-9c62-0c61b276d953,cart_item_quantity_updated,23,sim-u23-s1,23,,synthetic,3,2026-03-26T01:28:24.303639+00:00,"{""category_id"": 9, ""quantity"": 3}"
393f1e0d-031b-4a71-89a3-e58a06cc39f8,checkout_started,23,sim-u23-s1,,checkout,synthetic,4,2026-03-26T01:29:08.303639+00:00,{}
82d0403d-1f10-4002-a6ef-fdb9e7aee907,order_created,23,sim-u23-s1,23,,synthetic,5,2026-03-26T01:31:43.303639+00:00,"{""category_id"": 9}"
e5e7fcad-f91a-41c7-b66b-9ba6f4f412d4,order_cancelled,23,sim-u23-s1,23,,synthetic,-2,2026-03-26T01:33:01.303639+00:00,"{""category_id"": 9}"
321e1d17-6fb0-48c1-9752-ea1cff789a1b,chat_message_sent,23,sim-u23-s1,23,Co goi y san pham thay the khong,synthetic,2,2026-03-26T01:34:30.303639+00:00,"{""category_id"": 9, ""intent"": ""advice""}"
86295c0a-8f12-423b-ac6b-bf93d8e9f51b,chat_started,26,sim-u26-s3,,start session,synthetic,1,2026-03-26T05:24:37.303639+00:00,"{""channel"": ""web""}"
0cf938da-efc9-4c7a-8de4-8cf12db02b95,search_performed,26,sim-u26-s3,,laptop stand,synthetic,1,2026-03-26T05:26:38.303639+00:00,"{""search_query"": ""laptop stand""}"
8bfd70d1-d608-4fb0-8002-90ec4647396e,product_clicked,26,sim-u26-s3,10,,synthetic,2,2026-03-26T05:27:53.303639+00:00,"{""category_id"": 3}"
be850a7d-34dd-4d65-b96e-597fac342d7d,product_viewed,26,sim-u26-s3,10,,synthetic,1,2026-03-26T05:30:02.303639+00:00,"{""category_id"": 3}"
8a70a7ab-f198-4287-974d-143f4e66062a,chat_message_sent,26,sim-u26-s3,10,Nen chon mau nao cho cong viec van phong,synthetic,2,2026-03-26T05:31:34.303639+00:00,"{""category_id"": 3, ""intent"": ""advice""}"
55eb6a89-4441-4fa0-8e50-4329b1d85602,chat_started,34,sim-u34-s2,,start session,synthetic,1,2026-03-26T05:50:19.303639+00:00,"{""channel"": ""web""}"
fc048714-4b47-40e8-88d9-29f8b5ec334f,search_performed,34,sim-u34-s2,,ergonomic desk,synthetic,1,2026-03-26T05:50:53.303639+00:00,"{""search_query"": ""ergonomic desk""}"
e4b6d4a5-9dc0-48f9-b073-110b49a68546,product_clicked,34,sim-u34-s2,19,,synthetic,2,2026-03-26T05:53:46.303639+00:00,"{""category_id"": 7}"
3646a081-749b-4e98-a74e-96f794d0b967,product_viewed,34,sim-u34-s2,19,,synthetic,1,2026-03-26T05:55:49.303639+00:00,"{""category_id"": 7}"
4ab5d63c-2956-4c25-b189-f2f47e7580fc,cart_viewed,34,sim-u34-s2,,open cart,synthetic,1,2026-03-26T05:56:44.303639+00:00,{}
e323908f-1098-46ed-a70c-43f477fb8e3c,cart_item_added,34,sim-u34-s2,19,,synthetic,4,2026-03-26T05:57:10.303639+00:00,"{""category_id"": 7}"
201626e9-6afc-482f-b0cf-0814dedb116b,checkout_started,34,sim-u34-s2,,checkout,synthetic,4,2026-03-26T05:58:36.303639+00:00,{}
1c053037-4398-4295-8475-3da502b5164c,order_created,34,sim-u34-s2,19,,synthetic,5,2026-03-26T06:00:43.303639+00:00,"{""category_id"": 7}"
8b706241-8e48-49ea-b089-7fa22fe2d3b5,order_paid,34,sim-u34-s2,19,,synthetic,6,2026-03-26T06:01:12.303639+00:00,"{""category_id"": 7}"
afe688f0-4ad9-4514-afcc-622c7ca160c9,order_completed,34,sim-u34-s2,19,,synthetic,6,2026-03-26T06:04:01.303639+00:00,"{""category_id"": 7}"
008927d2-781c-4a76-86af-4ab529ea7775,chat_message_sent,34,sim-u34-s2,19,San pham nay co uu diem gi,synthetic,2,2026-03-26T06:05:48.303639+00:00,"{""category_id"": 7, ""intent"": ""advice""}"
fe41a555-4b41-4aa6-9404-6dc160b95ade,chat_started,92,sim-u92-s1,,start session,synthetic,1,2026-03-26T06:25:39.303639+00:00,"{""channel"": ""web""}"
eb34e248-14d1-45a3-9ce6-402f0427aa10,search_performed,92,sim-u92-s1,,mechanical keyboard,synthetic,1,2026-03-26T06:26:08.303639+00:00,"{""search_query"": ""mechanical keyboard""}"
1721f01c-d8c4-4794-8215-20ee9e7fd922,product_clicked,92,sim-u92-s1,31,,synthetic,2,2026-03-26T06:27:38.303639+00:00,"{""category_id"": 13}"
ab6d80b1-a73a-4351-9dd9-b8dc0884d73e,product_viewed,92,sim-u92-s1,31,,synthetic,1,2026-03-26T06:28:47.303639+00:00,"{""category_id"": 13}"
d34f9d7a-c567-4405-82fe-74dd76d5fe9f,chat_message_sent,92,sim-u92-s1,31,San pham nay co uu diem gi,synthetic,2,2026-03-26T06:29:30.303639+00:00,"{""category_id"": 13, ""intent"": ""advice""}"
9baee8eb-8276-48b9-869c-ab4f31f60e78,chat_started,45,sim-u45-s1,,start session,synthetic,1,2026-03-26T07:10:57.303639+00:00,"{""channel"": ""web""}"
71960afb-dc6d-454d-b93e-0351d2d7a51b,search_performed,45,sim-u45-s1,,office chair,synthetic,1,2026-03-26T07:12:44.303639+00:00,"{""search_query"": ""office chair""}"
fcdb2ffe-94cd-4937-bdf3-14a29d33b0bd,product_clicked,45,sim-u45-s1,33,,synthetic,2,2026-03-26T07:14:02.303639+00:00,"{""category_id"": 14}"
3c52dfa9-11fa-410e-a193-ae5d8ebfea72,product_viewed,45,sim-u45-s1,33,,synthetic,1,2026-03-26T07:15:42.303639+00:00,"{""category_id"": 14}"
1580fa7a-6479-4599-a70e-bf9822156c98,cart_viewed,45,sim-u45-s1,,open cart,synthetic,1,2026-03-26T07:17:16.303639+00:00,{}
3f04e78d-2c4b-4feb-a659-8be9e2ec38fd,cart_item_added,45,sim-u45-s1,33,,synthetic,4,2026-03-26T07:18:44.303639+00:00,"{""category_id"": 14}"
881bc958-876b-4f63-b443-c891862447e0,checkout_started,45,sim-u45-s1,,checkout,synthetic,4,2026-03-26T07:20:57.303639+00:00,{}
eccb73b0-9d08-4c41-b844-d3fab301178e,order_created,45,sim-u45-s1,33,,synthetic,5,2026-03-26T07:22:49.303639+00:00,"{""category_id"": 14}"
90f69c2d-21f2-4a10-a909-7449896ad196,order_paid,45,sim-u45-s1,33,,synthetic,6,2026-03-26T07:25:22.303639+00:00,"{""category_id"": 14}"
153595cd-cb51-4b49-8493-8dbed3ea6205,chat_started,93,sim-u93-s2,,start session,synthetic,1,2026-03-26T07:25:50.303639+00:00,"{""channel"": ""web""}"
27df54f9-8b96-4278-9522-d5a5c94a30b0,search_performed,93,sim-u93-s2,,laptop stand,synthetic,1,2026-03-26T07:27:17.303639+00:00,"{""search_query"": ""laptop stand""}"
014a43ae-bcfb-4142-bdaf-2d74bbdbc09f,order_completed,45,sim-u45-s1,33,,synthetic,6,2026-03-26T07:27:37.303639+00:00,"{""category_id"": 14}"
f36df079-0e61-409e-b27f-68e213376cc5,chat_message_sent,45,sim-u45-s1,33,San pham nay co uu diem gi,synthetic,2,2026-03-26T07:28:02.303639+00:00,"{""category_id"": 14, ""intent"": ""advice""}"
05816d37-7011-474b-a28d-44b0aea8cc74,product_clicked,93,sim-u93-s2,13,,synthetic,2,2026-03-26T07:28:11.303639+00:00,"{""category_id"": 4}"
0cb79e98-e272-4f8d-8c05-a26c15f98a50,product_viewed,93,sim-u93-s2,13,,synthetic,1,2026-03-26T07:30:15.303639+00:00,"{""category_id"": 4}"
f37e65ce-e1e4-47ce-8429-1f9fa796193c,chat_message_sent,93,sim-u93-s2,13,Tu van cho toi mot san pham phu hop nhu cau,synthetic,2,2026-03-26T07:33:15.303639+00:00,"{""category_id"": 4, ""intent"": ""advice""}"
4c955fa6-1dd7-464e-ae9e-049706fe16be,chat_started,97,sim-u97-s3,,start session,synthetic,1,2026-03-26T11:05:47.303639+00:00,"{""channel"": ""web""}"
f4585f4b-0888-48a7-a8fd-79ff83901a11,search_performed,97,sim-u97-s3,,monitor 27 inch,synthetic,1,2026-03-26T11:08:27.303639+00:00,"{""search_query"": ""monitor 27 inch""}"
ce4e1734-6558-4de3-a2e4-a8a76f5db014,product_clicked,97,sim-u97-s3,11,,synthetic,2,2026-03-26T11:09:09.303639+00:00,"{""category_id"": 3}"
5aefb9d6-64b8-411e-a66c-7f3a852015db,product_viewed,97,sim-u97-s3,11,,synthetic,1,2026-03-26T11:11:36.303639+00:00,"{""category_id"": 3}"
b57731ac-d4d2-469b-80ac-c92c28e33203,cart_viewed,97,sim-u97-s3,,open cart,synthetic,1,2026-03-26T11:13:16.303639+00:00,{}
7add50d6-1a93-4303-bdff-17c79f3e5832,cart_item_added,97,sim-u97-s3,11,,synthetic,4,2026-03-26T11:14:19.303639+00:00,"{""category_id"": 3}"
2d2d3d93-763c-4825-9eaa-a496c35c0fcd,cart_item_removed,97,sim-u97-s3,11,,synthetic,1,2026-03-26T11:15:50.303639+00:00,"{""category_id"": 3}"
5d6634b3-1e80-4a74-8570-1b796190691c,chat_started,57,sim-u57-s1,,start session,synthetic,1,2026-03-26T11:17:20.303639+00:00,"{""channel"": ""web""}"
ab2502dd-45b0-4414-9b20-2f0eab0a0f52,search_performed,57,sim-u57-s1,,mechanical keyboard,synthetic,1,2026-03-26T11:18:35.303639+00:00,"{""search_query"": ""mechanical keyboard""}"
1b180f3c-c77d-4b70-adbf-4dcb0db679b8,checkout_started,97,sim-u97-s3,,checkout,synthetic,4,2026-03-26T11:18:37.303639+00:00,{}
ae5cd401-56a2-4b21-b994-885b06b6a3b5,order_created,97,sim-u97-s3,11,,synthetic,5,2026-03-26T11:20:30.303639+00:00,"{""category_id"": 3}"
d39e3c39-a650-4eb6-bdad-5d668a9ab1ca,order_paid,97,sim-u97-s3,11,,synthetic,6,2026-03-26T11:21:08.303639+00:00,"{""category_id"": 3}"
7d096a91-60b0-40d3-a9c7-d4223e6a363b,product_clicked,57,sim-u57-s1,11,,synthetic,2,2026-03-26T11:21:32.303639+00:00,"{""category_id"": 3}"
32843f8f-7acd-4bbc-b28d-dc70a41ec011,order_completed,97,sim-u97-s3,11,,synthetic,6,2026-03-26T11:22:13.303639+00:00,"{""category_id"": 3}"
66498a7a-518c-4387-9fc5-242960e58610,product_viewed,57,sim-u57-s1,11,,synthetic,1,2026-03-26T11:22:19.303639+00:00,"{""category_id"": 3}"
676d8c0b-3ae7-4ad2-b2e2-d5543ba89e5a,chat_message_sent,57,sim-u57-s1,11,Tu van cho toi mot san pham phu hop nhu cau,synthetic,2,2026-03-26T11:22:47.303639+00:00,"{""category_id"": 3, ""intent"": ""advice""}"
0d8acc6b-943f-4039-92cc-53f31ecc73a0,chat_message_sent,97,sim-u97-s3,11,Co goi y san pham thay the khong,synthetic,2,2026-03-26T11:23:39.303639+00:00,"{""category_id"": 3, ""intent"": ""advice""}"
f0614250-1064-4a93-8373-95545d0b48a3,search_performed,57,sim-u57-s1,,gaming keyboard,synthetic,1,2026-03-26T11:25:33.303639+00:00,"{""search_query"": ""gaming keyboard""}"
2b5c40cb-65aa-430d-8552-9e58d40f556f,product_clicked,57,sim-u57-s1,33,,synthetic,2,2026-03-26T11:26:57.303639+00:00,"{""category_id"": 14}"
77995bf9-366e-4f5e-836c-535e46ebb4f4,product_viewed,57,sim-u57-s1,33,,synthetic,1,2026-03-26T11:29:11.303639+00:00,"{""category_id"": 14}"
44b4cf41-ac19-42ae-81da-f7ece70e076f,cart_viewed,57,sim-u57-s1,,open cart,synthetic,1,2026-03-26T11:31:38.303639+00:00,{}
b7f35d87-9793-4b80-9449-659e24ceec1e,cart_item_added,57,sim-u57-s1,33,,synthetic,4,2026-03-26T11:32:36.303639+00:00,"{""category_id"": 14}"
d550db4b-ccfd-4c1d-b692-18ab8ef23a76,cart_item_removed,57,sim-u57-s1,33,,synthetic,1,2026-03-26T11:33:05.303639+00:00,"{""category_id"": 14}"
216831aa-3e45-49ad-b8dc-13a0e988f473,checkout_started,57,sim-u57-s1,,checkout,synthetic,4,2026-03-26T11:35:04.303639+00:00,{}
696426b5-b65f-489c-b6b4-376a45ffb441,order_created,57,sim-u57-s1,33,,synthetic,5,2026-03-26T11:36:32.303639+00:00,"{""category_id"": 14}"
34355f3f-b258-459a-9d43-8e5a2e095e8c,order_paid,57,sim-u57-s1,33,,synthetic,6,2026-03-26T11:38:16.303639+00:00,"{""category_id"": 14}"
e00050af-5365-46d1-901b-0eb58399e24d,order_completed,57,sim-u57-s1,33,,synthetic,6,2026-03-26T11:40:16.303639+00:00,"{""category_id"": 14}"
6a5cb8ed-2383-4fd2-8eb5-f452b2df1904,chat_message_sent,57,sim-u57-s1,33,Co goi y san pham thay the khong,synthetic,2,2026-03-26T11:42:38.303639+00:00,"{""category_id"": 14, ""intent"": ""advice""}"
c7d91a66-0ebf-4c5c-9a4c-945b810b9fdd,search_performed,57,sim-u57-s1,,mechanical keyboard,synthetic,1,2026-03-26T11:43:15.303639+00:00,"{""search_query"": ""mechanical keyboard""}"
f1fcf184-9c65-4d44-8ed1-d003d1a46618,product_clicked,57,sim-u57-s1,22,,synthetic,2,2026-03-26T11:45:53.303639+00:00,"{""category_id"": 9}"
98eb27e4-1019-4b9c-b5a0-073b31526a80,product_viewed,57,sim-u57-s1,22,,synthetic,1,2026-03-26T11:47:10.303639+00:00,"{""category_id"": 9}"
f7f2ef62-8c42-40df-9715-ac663e9522f4,cart_viewed,57,sim-u57-s1,,open cart,synthetic,1,2026-03-26T11:49:33.303639+00:00,{}
4d90a9b5-1e31-4d4a-9a3c-1000ed16e0e8,cart_item_added,57,sim-u57-s1,22,,synthetic,4,2026-03-26T11:50:24.303639+00:00,"{""category_id"": 9}"
331b4abd-f7d3-4706-9672-86785e3bac2e,cart_item_quantity_updated,57,sim-u57-s1,22,,synthetic,3,2026-03-26T11:52:09.303639+00:00,"{""category_id"": 9, ""quantity"": 3}"
b1074048-42cb-442d-81c0-f858e5c08ede,checkout_started,57,sim-u57-s1,,checkout,synthetic,4,2026-03-26T11:54:11.303639+00:00,{}
1e25e659-0483-46cf-b983-8f2664cef8f0,order_created,57,sim-u57-s1,22,,synthetic,5,2026-03-26T11:54:45.303639+00:00,"{""category_id"": 9}"
07ab0b61-9049-4636-a69c-c5eacc6eb4dc,order_paid,57,sim-u57-s1,22,,synthetic,6,2026-03-26T11:55:28.303639+00:00,"{""category_id"": 9}"
4c2e4393-d60f-4adf-a809-9fc29f23e753,order_completed,57,sim-u57-s1,22,,synthetic,6,2026-03-26T11:57:21.303639+00:00,"{""category_id"": 9}"
60457dbc-4350-4832-a745-e95eeb0538ea,chat_message_sent,57,sim-u57-s1,22,Nen chon mau nao cho cong viec van phong,synthetic,2,2026-03-26T11:58:01.303639+00:00,"{""category_id"": 9, ""intent"": ""advice""}"
4972e641-7474-456c-a185-d958321d9989,chat_started,6,sim-u6-s1,,start session,synthetic,1,2026-03-26T13:28:40.303639+00:00,"{""channel"": ""web""}"
4a437513-73cd-4b06-a213-51e234abe4de,search_performed,6,sim-u6-s1,,monitor 27 inch,synthetic,1,2026-03-26T13:30:37.303639+00:00,"{""search_query"": ""monitor 27 inch""}"
cae958fd-87fd-4030-a2d6-07c70a14ccec,product_clicked,6,sim-u6-s1,34,,synthetic,2,2026-03-26T13:32:20.303639+00:00,"{""category_id"": 15}"
d309ebf2-b631-4111-96fa-79a7e396f1fa,product_viewed,6,sim-u6-s1,34,,synthetic,1,2026-03-26T13:33:34.303639+00:00,"{""category_id"": 15}"
7558272d-3717-4c01-b182-0b9c6177903b,cart_viewed,6,sim-u6-s1,,open cart,synthetic,1,2026-03-26T13:35:20.303639+00:00,{}
cdd4b070-cd18-4ca3-a968-be16bc467a9f,cart_item_added,6,sim-u6-s1,34,,synthetic,4,2026-03-26T13:37:17.303639+00:00,"{""category_id"": 15}"
cda6b3f4-a590-4bbd-99ed-435b7cc274c2,cart_item_quantity_updated,6,sim-u6-s1,34,,synthetic,3,2026-03-26T13:38:41.303639+00:00,"{""category_id"": 15, ""quantity"": 3}"
fe822784-1c62-4433-bc96-128ad4965d87,checkout_started,6,sim-u6-s1,,checkout,synthetic,4,2026-03-26T13:41:01.303639+00:00,{}
cff8d92f-5bac-4729-808e-51582eb9d63e,order_created,6,sim-u6-s1,34,,synthetic,5,2026-03-26T13:41:25.303639+00:00,"{""category_id"": 15}"
9de7928d-f5fe-48fb-92d2-df17e70e78b7,order_paid,6,sim-u6-s1,34,,synthetic,6,2026-03-26T13:41:58.303639+00:00,"{""category_id"": 15}"
51fef078-2676-4a1b-b27c-b9433fbb63bd,order_completed,6,sim-u6-s1,34,,synthetic,6,2026-03-26T13:43:47.303639+00:00,"{""category_id"": 15}"
bb6c2e0f-8c94-4163-ad6b-2dc46dfdbb97,chat_message_sent,6,sim-u6-s1,34,Tu van cho toi mot san pham phu hop nhu cau,synthetic,2,2026-03-26T13:44:17.303639+00:00,"{""category_id"": 15, ""intent"": ""advice""}"
5d3d6866-8d9b-47fa-8bef-d2667120cc1d,chat_started,17,sim-u17-s2,,start session,synthetic,1,2026-03-26T17:45:27.303639+00:00,"{""channel"": ""web""}"
c076b3b5-077d-4089-919f-deebd8100ace,search_performed,17,sim-u17-s2,,office chair,synthetic,1,2026-03-26T17:48:18.303639+00:00,"{""search_query"": ""office chair""}"
d9498520-e4f9-4fbd-b63f-1b5dcc61635d,product_clicked,17,sim-u17-s2,19,,synthetic,2,2026-03-26T17:51:06.303639+00:00,"{""category_id"": 7}"
f4272acd-b9b3-4d54-9a22-6d6ae11dd772,product_viewed,17,sim-u17-s2,19,,synthetic,1,2026-03-26T17:52:05.303639+00:00,"{""category_id"": 7}"
c46f99c7-dc23-4fc6-83be-8d6142dbb12e,cart_viewed,17,sim-u17-s2,,open cart,synthetic,1,2026-03-26T17:55:04.303639+00:00,{}
9d03e258-caca-4d49-b845-11376b806185,cart_item_added,17,sim-u17-s2,19,,synthetic,4,2026-03-26T17:57:58.303639+00:00,"{""category_id"": 7}"
39ccc41f-6373-4239-bac3-1977c64cbc18,cart_item_quantity_updated,17,sim-u17-s2,19,,synthetic,3,2026-03-26T17:58:28.303639+00:00,"{""category_id"": 7, ""quantity"": 4}"
36a58bd6-c6ac-4353-b3e3-3a9a36623e9f,checkout_started,17,sim-u17-s2,,checkout,synthetic,4,2026-03-26T17:58:55.303639+00:00,{}
f655997d-ee54-40ac-99c3-92f8f23a7490,order_created,17,sim-u17-s2,19,,synthetic,5,2026-03-26T17:59:35.303639+00:00,"{""category_id"": 7}"
4436c59d-6513-4f1e-aae2-03df8c6a7e2b,order_paid,17,sim-u17-s2,19,,synthetic,6,2026-03-26T18:02:22.303639+00:00,"{""category_id"": 7}"
35e687be-00ad-4abd-b3a7-ededf8f15134,order_completed,17,sim-u17-s2,19,,synthetic,6,2026-03-26T18:03:49.303639+00:00,"{""category_id"": 7}"
57c707ea-8408-4204-a131-8a707b39025c,chat_message_sent,17,sim-u17-s2,19,Co goi y san pham thay the khong,synthetic,2,2026-03-26T18:06:47.303639+00:00,"{""category_id"": 7, ""intent"": ""advice""}"
5707d6e9-d26b-44ba-aba5-0fd36318f865,chat_started,46,sim-u46-s1,,start session,synthetic,1,2026-03-26T19:55:53.303639+00:00,"{""channel"": ""web""}"
a7dd5435-e580-4928-b5db-5da3567eb7d7,search_performed,46,sim-u46-s1,,monitor 27 inch,synthetic,1,2026-03-26T19:57:25.303639+00:00,"{""search_query"": ""monitor 27 inch""}"
ec3a77bd-6e59-4843-ad50-c67404b240d6,product_clicked,46,sim-u46-s1,14,,synthetic,2,2026-03-26T20:00:01.303639+00:00,"{""category_id"": 5}"
1c233233-d892-4572-b19d-e517040d3806,product_viewed,46,sim-u46-s1,14,,synthetic,1,2026-03-26T20:01:29.303639+00:00,"{""category_id"": 5}"
527974d8-1c24-45ca-9a29-13bb98bc4b0b,cart_viewed,46,sim-u46-s1,,open cart,synthetic,1,2026-03-26T20:02:06.303639+00:00,{}
1a92f64d-1545-46b8-a9ae-621fb51ab9d8,cart_item_added,46,sim-u46-s1,14,,synthetic,4,2026-03-26T20:03:12.303639+00:00,"{""category_id"": 5}"
38323ffd-27cb-450b-be8c-771fdb5a7152,cart_item_quantity_updated,46,sim-u46-s1,14,,synthetic,3,2026-03-26T20:05:28.303639+00:00,"{""category_id"": 5, ""quantity"": 2}"
c0bf0dd0-a8e6-4d59-9f37-5bba508c3175,checkout_started,46,sim-u46-s1,,checkout,synthetic,4,2026-03-26T20:06:57.303639+00:00,{}
7f1c920a-2eed-43e3-9ac6-5ff85593e6ed,order_created,46,sim-u46-s1,14,,synthetic,5,2026-03-26T20:09:56.303639+00:00,"{""category_id"": 5}"
df509d0b-d43f-44e9-ad63-ec26ca2a52e8,chat_started,36,sim-u36-s2,,start session,synthetic,1,2026-03-26T20:11:36.303639+00:00,"{""channel"": ""web""}"
9ca18de7-9636-4b25-95e5-3b9764a72fdb,order_paid,46,sim-u46-s1,14,,synthetic,6,2026-03-26T20:11:38.303639+00:00,"{""category_id"": 5}"
e8c30064-6856-4d00-be5b-2a6c3329b27b,order_completed,46,sim-u46-s1,14,,synthetic,6,2026-03-26T20:12:02.303639+00:00,"{""category_id"": 5}"
2e8e5bd8-8c0e-4428-9acc-f1ac35204dbc,search_performed,36,sim-u36-s2,,wireless mouse,synthetic,1,2026-03-26T20:12:21.303639+00:00,"{""search_query"": ""wireless mouse""}"
cf5f72b6-53be-4424-ab20-87a839a8d696,chat_message_sent,46,sim-u46-s1,14,Tu van cho toi mot san pham phu hop nhu cau,synthetic,2,2026-03-26T20:13:09.303639+00:00,"{""category_id"": 5, ""intent"": ""advice""}"
2903e481-bd9f-48fb-a9f0-bc7b0c731b92,product_clicked,36,sim-u36-s2,21,,synthetic,2,2026-03-26T20:13:25.303639+00:00,"{""category_id"": 8}"
c89af4f2-afac-4fbe-ac3f-ea3e04beb649,product_viewed,36,sim-u36-s2,21,,synthetic,1,2026-03-26T20:13:55.303639+00:00,"{""category_id"": 8}"
bff5aa53-59a7-490f-b97d-ad45d35d9583,search_performed,46,sim-u46-s1,,monitor 27 inch,synthetic,1,2026-03-26T20:14:37.303639+00:00,"{""search_query"": ""monitor 27 inch""}"
98b86360-2ff3-42b2-b3e4-7e5dbaca52d3,product_clicked,46,sim-u46-s1,32,,synthetic,2,2026-03-26T20:15:29.303639+00:00,"{""category_id"": 14}"
8d919244-6455-4185-a43e-8be1d433e046,chat_message_sent,36,sim-u36-s2,21,Nen chon mau nao cho cong viec van phong,synthetic,2,2026-03-26T20:16:04.303639+00:00,"{""category_id"": 8, ""intent"": ""advice""}"
28af188f-aa04-4c5c-a161-a0f88e264e6e,search_performed,36,sim-u36-s2,,gaming keyboard,synthetic,1,2026-03-26T20:16:48.303639+00:00,"{""search_query"": ""gaming keyboard""}"
3fcbfbe4-e7ad-4841-88d0-da517fd52890,product_clicked,36,sim-u36-s2,12,,synthetic,2,2026-03-26T20:17:19.303639+00:00,"{""category_id"": 4}"
5edde082-1e46-4f7f-a8d7-2ff6b1779f83,product_viewed,36,sim-u36-s2,12,,synthetic,1,2026-03-26T20:17:41.303639+00:00,"{""category_id"": 4}"
bf98004d-e559-4fcf-9be3-18e339a92c65,product_viewed,46,sim-u46-s1,32,,synthetic,1,2026-03-26T20:17:41.303639+00:00,"{""category_id"": 14}"
8db25dad-55da-4f35-a691-f8c016bdb0cb,cart_viewed,46,sim-u46-s1,,open cart,synthetic,1,2026-03-26T20:19:00.303639+00:00,{}
8a2584a2-2acb-42ae-968f-292ccfb89e7e,chat_message_sent,36,sim-u36-s2,12,San pham nay co uu diem gi,synthetic,2,2026-03-26T20:19:25.303639+00:00,"{""category_id"": 4, ""intent"": ""advice""}"
58adf2c9-a92c-4e44-8657-c6e3ca68c965,cart_item_added,46,sim-u46-s1,32,,synthetic,4,2026-03-26T20:19:43.303639+00:00,"{""category_id"": 14}"
3136cb46-dc32-47a7-a07a-d913c471fe8b,cart_item_quantity_updated,46,sim-u46-s1,32,,synthetic,3,2026-03-26T20:20:58.303639+00:00,"{""category_id"": 14, ""quantity"": 3}"
3b2d76fa-6d63-45de-a184-5927edd1f7e1,checkout_started,46,sim-u46-s1,,checkout,synthetic,4,2026-03-26T20:22:37.303639+00:00,{}
fe9ad3d3-fd41-4f03-b244-9e8e485cefc0,order_created,46,sim-u46-s1,32,,synthetic,5,2026-03-26T20:25:04.303639+00:00,"{""category_id"": 14}"
e0f74310-7960-46fc-b3bd-0ce554a36712,order_cancelled,46,sim-u46-s1,32,,synthetic,-2,2026-03-26T20:27:22.303639+00:00,"{""category_id"": 14}"
76d8a061-67a6-4cc4-b085-bcaaad17aac9,chat_message_sent,46,sim-u46-s1,32,Tu van cho toi mot san pham phu hop nhu cau,synthetic,2,2026-03-26T20:29:06.303639+00:00,"{""category_id"": 14, ""intent"": ""advice""}"
b06fe639-1ad7-4b6d-bacb-8960ede5dbb9,search_performed,46,sim-u46-s1,,office chair,synthetic,1,2026-03-26T20:29:40.303639+00:00,"{""search_query"": ""office chair""}"
b229ab19-3729-4a4f-b304-35078ceabd1c,product_clicked,46,sim-u46-s1,33,,synthetic,2,2026-03-26T20:31:08.303639+00:00,"{""category_id"": 14}"
8b93a803-5c63-4bd3-b38c-4ede8b9dc5b0,product_viewed,46,sim-u46-s1,33,,synthetic,1,2026-03-26T20:33:08.303639+00:00,"{""category_id"": 14}"
161c2763-4588-45c6-be08-120a64e6938e,cart_viewed,46,sim-u46-s1,,open cart,synthetic,1,2026-03-26T20:35:28.303639+00:00,{}
5f27ecb3-ebc7-43aa-892d-6d9293df056b,cart_item_added,46,sim-u46-s1,33,,synthetic,4,2026-03-26T20:36:34.303639+00:00,"{""category_id"": 14}"
d1b67049-403e-4d90-b281-74336e480fcb,cart_item_quantity_updated,46,sim-u46-s1,33,,synthetic,3,2026-03-26T20:38:31.303639+00:00,"{""category_id"": 14, ""quantity"": 3}"
779294b1-5996-46db-ae4f-175bae3440de,checkout_started,46,sim-u46-s1,,checkout,synthetic,4,2026-03-26T20:39:22.303639+00:00,{}
b7f2a920-d938-498d-88a4-a8e30f861fe6,chat_started,38,sim-u38-s2,,start session,synthetic,1,2026-03-26T20:39:31.303639+00:00,"{""channel"": ""web""}"
bed8340b-72b0-4b35-9f19-7e8d11308764,order_created,46,sim-u46-s1,33,,synthetic,5,2026-03-26T20:40:45.303639+00:00,"{""category_id"": 14}"
bd90bfc2-cc04-4752-a763-09b1fdfd7a1d,search_performed,38,sim-u38-s2,,monitor 27 inch,synthetic,1,2026-03-26T20:41:19.303639+00:00,"{""search_query"": ""monitor 27 inch""}"
b2595b1e-b664-492e-8668-888eb06ca419,product_clicked,38,sim-u38-s2,13,,synthetic,2,2026-03-26T20:42:12.303639+00:00,"{""category_id"": 4}"
2f9e2464-b558-4ea6-874d-a369e7e7a3d5,order_paid,46,sim-u46-s1,33,,synthetic,6,2026-03-26T20:42:58.303639+00:00,"{""category_id"": 14}"
c4607364-bbe8-442f-8eee-48984a2e0916,product_viewed,38,sim-u38-s2,13,,synthetic,1,2026-03-26T20:43:17.303639+00:00,"{""category_id"": 4}"
5b6c095a-9d97-408f-bb72-809db50c9ed1,order_completed,46,sim-u46-s1,33,,synthetic,6,2026-03-26T20:44:21.303639+00:00,"{""category_id"": 14}"
96b5d6b9-7ec9-452f-b419-d26bb333ace2,cart_viewed,38,sim-u38-s2,,open cart,synthetic,1,2026-03-26T20:44:59.303639+00:00,{}
9c31c6c9-f4db-49d6-b570-74f02a86b064,chat_message_sent,46,sim-u46-s1,33,Tu van cho toi mot san pham phu hop nhu cau,synthetic,2,2026-03-26T20:45:31.303639+00:00,"{""category_id"": 14, ""intent"": ""advice""}"
147efd20-b329-42e8-80a2-de94482d0358,cart_item_added,38,sim-u38-s2,13,,synthetic,4,2026-03-26T20:45:48.303639+00:00,"{""category_id"": 4}"
340b8fef-2e19-419c-a45a-0ff96d0e908d,checkout_started,38,sim-u38-s2,,checkout,synthetic,4,2026-03-26T20:48:37.303639+00:00,{}
89b46f03-99e0-4ec0-84df-a2da1ab6250b,order_created,38,sim-u38-s2,13,,synthetic,5,2026-03-26T20:51:23.303639+00:00,"{""category_id"": 4}"
8c7ac101-d254-4087-88cb-79d335ddfa1e,order_cancelled,38,sim-u38-s2,13,,synthetic,-2,2026-03-26T20:53:29.303639+00:00,"{""category_id"": 4}"
d126be12-b069-41e4-82ac-da5d7a538850,chat_message_sent,38,sim-u38-s2,13,Nen chon mau nao cho cong viec van phong,synthetic,2,2026-03-26T20:55:37.303639+00:00,"{""category_id"": 4, ""intent"": ""advice""}"
4f113efa-0aeb-4bda-9e1f-c8a537f87dde,search_performed,38,sim-u38-s2,,wireless mouse,synthetic,1,2026-03-26T20:58:10.303639+00:00,"{""search_query"": ""wireless mouse""}"
60e6739f-7682-4a21-a844-b588a861d9bb,product_clicked,38,sim-u38-s2,10,,synthetic,2,2026-03-26T20:58:57.303639+00:00,"{""category_id"": 3}"
1ad0759c-0b6a-49b6-8314-c2fad6fb2198,product_viewed,38,sim-u38-s2,10,,synthetic,1,2026-03-26T20:59:23.303639+00:00,"{""category_id"": 3}"
28ed5bee-0c88-4cb5-a466-e2de5a70b0c5,cart_viewed,38,sim-u38-s2,,open cart,synthetic,1,2026-03-26T20:59:56.303639+00:00,{}
d87a5f78-88df-439d-ae2c-8f3ced6beb4c,cart_item_added,38,sim-u38-s2,10,,synthetic,4,2026-03-26T21:00:30.303639+00:00,"{""category_id"": 3}"
47156d65-a273-434a-9d14-4fc67ebcdbb8,cart_item_quantity_updated,38,sim-u38-s2,10,,synthetic,3,2026-03-26T21:02:03.303639+00:00,"{""category_id"": 3, ""quantity"": 2}"
ae6ca2cf-4be2-45ae-9d4d-dfa8e32a0063,checkout_started,38,sim-u38-s2,,checkout,synthetic,4,2026-03-26T21:03:00.303639+00:00,{}
7d369f50-5293-4cef-86d8-5b6390832179,order_created,38,sim-u38-s2,10,,synthetic,5,2026-03-26T21:03:35.303639+00:00,"{""category_id"": 3}"
7146bdf9-5eb6-4346-bc40-9b105986c182,order_paid,38,sim-u38-s2,10,,synthetic,6,2026-03-26T21:05:10.303639+00:00,"{""category_id"": 3}"
f387110d-2fbe-4dc9-a4bc-f9072f03ad88,order_completed,38,sim-u38-s2,10,,synthetic,6,2026-03-26T21:06:22.303639+00:00,"{""category_id"": 3}"
601f09ab-87ef-4875-9c05-068210642385,search_performed,38,sim-u38-s2,,noise cancelling headset,synthetic,1,2026-03-26T21:08:37.303639+00:00,"{""search_query"": ""noise cancelling headset""}"
aedd7ea8-7ccf-47e6-adb0-2c6640a03c63,product_clicked,38,sim-u38-s2,34,,synthetic,2,2026-03-26T21:09:23.303639+00:00,"{""category_id"": 15}"
8d341961-f2e3-402f-bd08-4fcb2e619fc1,product_viewed,38,sim-u38-s2,34,,synthetic,1,2026-03-26T21:12:20.303639+00:00,"{""category_id"": 15}"
1a60095a-3015-43e6-930b-d9aaedfff8dd,chat_message_sent,38,sim-u38-s2,34,San pham nay co uu diem gi,synthetic,2,2026-03-26T21:15:03.303639+00:00,"{""category_id"": 15, ""intent"": ""advice""}"
3be64ccf-1bd5-446a-ae93-9dc2e2cd5c05,chat_started,1,sim-u1-s1,,start session,synthetic,1,2026-03-27T00:16:59.303639+00:00,"{""channel"": ""web""}"
687996b4-aeec-475c-9b41-fe13af8c149a,search_performed,1,sim-u1-s1,,office chair,synthetic,1,2026-03-27T00:17:45.303639+00:00,"{""search_query"": ""office chair""}"
4ae5e7b4-f6dc-4225-8b25-30e996c69a1e,product_clicked,1,sim-u1-s1,28,,synthetic,2,2026-03-27T00:20:24.303639+00:00,"{""category_id"": 12}"
f6e35671-5a19-4852-9241-19ceebf01141,product_viewed,1,sim-u1-s1,28,,synthetic,1,2026-03-27T00:21:06.303639+00:00,"{""category_id"": 12}"
49a4bcb3-9664-4115-96b2-0485a7e23a81,cart_viewed,1,sim-u1-s1,,open cart,synthetic,1,2026-03-27T00:21:34.303639+00:00,{}
ce21db85-75c1-4f52-bc72-9542a0732afa,cart_item_added,1,sim-u1-s1,28,,synthetic,4,2026-03-27T00:22:01.303639+00:00,"{""category_id"": 12}"
5ee35b8a-e581-4514-af2f-81cdf576210e,cart_item_quantity_updated,1,sim-u1-s1,28,,synthetic,3,2026-03-27T00:24:30.303639+00:00,"{""category_id"": 12, ""quantity"": 2}"
ce25f97d-21f0-44c0-993b-1b3f81d35f4e,checkout_started,1,sim-u1-s1,,checkout,synthetic,4,2026-03-27T00:27:13.303639+00:00,{}
ee576463-4420-498a-ad8f-92c8a879e583,order_created,1,sim-u1-s1,28,,synthetic,5,2026-03-27T00:28:23.303639+00:00,"{""category_id"": 12}"
19ec4a5e-6433-45ea-97f1-f9ec91c51cce,order_paid,1,sim-u1-s1,28,,synthetic,6,2026-03-27T00:31:02.303639+00:00,"{""category_id"": 12}"
6b8b53ea-36bb-44dd-8e76-d80fcaf41fbb,order_completed,1,sim-u1-s1,28,,synthetic,6,2026-03-27T00:33:09.303639+00:00,"{""category_id"": 12}"
44cd877d-9344-4d01-8d31-042f15e0779f,chat_message_sent,1,sim-u1-s1,28,Nen chon mau nao cho cong viec van phong,synthetic,2,2026-03-27T00:33:30.303639+00:00,"{""category_id"": 12, ""intent"": ""advice""}"
8a149bb8-f98c-4bb8-9f44-45d2de043fea,chat_started,11,sim-u11-s3,,start session,synthetic,1,2026-03-27T00:43:02.303639+00:00,"{""channel"": ""web""}"
b51e25e9-1c8a-40de-a75d-17d3c69d24d3,search_performed,11,sim-u11-s3,,monitor 27 inch,synthetic,1,2026-03-27T00:43:30.303639+00:00,"{""search_query"": ""monitor 27 inch""}"
f55e3391-b960-4647-967f-0c12bf1bc2ab,product_clicked,11,sim-u11-s3,22,,synthetic,2,2026-03-27T00:45:24.303639+00:00,"{""category_id"": 9}"
81dd5827-f2b4-4d02-8ea4-d329ae13c564,product_viewed,11,sim-u11-s3,22,,synthetic,1,2026-03-27T00:46:39.303639+00:00,"{""category_id"": 9}"
77274689-9058-4279-8fee-d8c5dfc2d245,cart_viewed,11,sim-u11-s3,,open cart,synthetic,1,2026-03-27T00:47:59.303639+00:00,{}
9a2645b9-c8c7-4e2d-a472-f218a88cc412,cart_item_added,11,sim-u11-s3,22,,synthetic,4,2026-03-27T00:49:51.303639+00:00,"{""category_id"": 9}"
de5c3afd-9b57-4d1a-ad45-39ecdf4938f9,cart_item_quantity_updated,11,sim-u11-s3,22,,synthetic,3,2026-03-27T00:51:45.303639+00:00,"{""category_id"": 9, ""quantity"": 4}"
909ac6c5-1477-4ffa-a7d2-e3faf8dfcc2e,checkout_started,11,sim-u11-s3,,checkout,synthetic,4,2026-03-27T00:53:36.303639+00:00,{}
e8ab9138-ffc1-499b-b23c-a81899de074c,order_created,11,sim-u11-s3,22,,synthetic,5,2026-03-27T00:54:11.303639+00:00,"{""category_id"": 9}"
49ab754f-26b6-4697-8a46-56ab1e369fef,order_paid,11,sim-u11-s3,22,,synthetic,6,2026-03-27T00:55:19.303639+00:00,"{""category_id"": 9}"
695b0040-aaea-4f86-a0a5-0aa0ddfb883c,order_completed,11,sim-u11-s3,22,,synthetic,6,2026-03-27T00:56:10.303639+00:00,"{""category_id"": 9}"
8b4d71ff-0190-4b89-924e-3692dfa584e8,search_performed,11,sim-u11-s3,,usb c hub,synthetic,1,2026-03-27T00:56:53.303639+00:00,"{""search_query"": ""usb c hub""}"
93afa368-d590-4738-b952-9c1687dab990,product_clicked,11,sim-u11-s3,9,,synthetic,2,2026-03-27T00:58:07.303639+00:00,"{""category_id"": 2}"
cf6db75f-bd0b-4b73-ba61-bf8cf9c67fcc,product_viewed,11,sim-u11-s3,9,,synthetic,1,2026-03-27T01:00:59.303639+00:00,"{""category_id"": 2}"
d2ff690a-1d88-47b3-a841-f8fc41d6ed10,chat_message_sent,11,sim-u11-s3,9,Nen chon mau nao cho cong viec van phong,synthetic,2,2026-03-27T01:02:21.303639+00:00,"{""category_id"": 2, ""intent"": ""advice""}"
514d6694-6824-43d7-8265-77d2f6069a7c,search_performed,11,sim-u11-s3,,webcam full hd,synthetic,1,2026-03-27T01:03:33.303639+00:00,"{""search_query"": ""webcam full hd""}"
39e2b8ad-98a8-447f-8799-7534d723f3d3,product_clicked,11,sim-u11-s3,31,,synthetic,2,2026-03-27T01:04:10.303639+00:00,"{""category_id"": 13}"
17e54900-c0e3-4c22-8b95-3c4d1040fbbb,product_viewed,11,sim-u11-s3,31,,synthetic,1,2026-03-27T01:06:51.303639+00:00,"{""category_id"": 13}"
b00f250e-2fe9-4fd9-91e6-e5e94bbdd7bb,cart_viewed,11,sim-u11-s3,,open cart,synthetic,1,2026-03-27T01:08:06.303639+00:00,{}
d6f5b35e-dbdc-4967-96c5-c41258493eb5,cart_item_added,11,sim-u11-s3,31,,synthetic,4,2026-03-27T01:09:25.303639+00:00,"{""category_id"": 13}"
4948ef5b-3dab-4bc9-b2ad-276fbdc25deb,cart_item_quantity_updated,11,sim-u11-s3,31,,synthetic,3,2026-03-27T01:12:17.303639+00:00,"{""category_id"": 13, ""quantity"": 2}"
67c6c9b6-005f-4112-8f7a-79aea5b4bdc6,cart_item_removed,11,sim-u11-s3,31,,synthetic,1,2026-03-27T01:13:14.303639+00:00,"{""category_id"": 13}"
74cdc216-30d5-43d3-b412-d7edccdcd296,checkout_started,11,sim-u11-s3,,checkout,synthetic,4,2026-03-27T01:14:07.303639+00:00,{}
8a0dbd08-9330-4336-93c1-d57146f28367,order_created,11,sim-u11-s3,31,,synthetic,5,2026-03-27T01:16:45.303639+00:00,"{""category_id"": 13}"
0680a424-12e3-4c3b-85c0-fbd130f4fee7,order_paid,11,sim-u11-s3,31,,synthetic,6,2026-03-27T01:17:49.303639+00:00,"{""category_id"": 13}"
72e7d773-2b25-4103-9112-0d2b98b80db8,order_completed,11,sim-u11-s3,31,,synthetic,6,2026-03-27T01:18:37.303639+00:00,"{""category_id"": 13}"
e8a4d701-b2c5-4274-94e7-689df1668135,chat_message_sent,11,sim-u11-s3,31,Tu van cho toi mot san pham phu hop nhu cau,synthetic,2,2026-03-27T01:19:30.303639+00:00,"{""category_id"": 13, ""intent"": ""advice""}"
f4bb5f0b-614b-47c8-9f91-7dce025cca79,chat_started,17,sim-u17-s3,,start session,synthetic,1,2026-03-27T03:03:59.303639+00:00,"{""channel"": ""web""}"
cee1edb5-7de9-42a3-8748-6cd0b4c8dd9c,search_performed,17,sim-u17-s3,,monitor 27 inch,synthetic,1,2026-03-27T03:06:22.303639+00:00,"{""search_query"": ""monitor 27 inch""}"
b257ebf9-9d34-4f94-b266-bdae332e6a9a,product_clicked,17,sim-u17-s3,26,,synthetic,2,2026-03-27T03:07:44.303639+00:00,"{""category_id"": 11}"
c47138a8-c269-4a6f-93fc-c7ce9a441a8c,product_viewed,17,sim-u17-s3,26,,synthetic,1,2026-03-27T03:09:47.303639+00:00,"{""category_id"": 11}"
6c7ef72e-e4d0-40f3-8829-4535e7ee70e6,cart_viewed,17,sim-u17-s3,,open cart,synthetic,1,2026-03-27T03:10:25.303639+00:00,{}
fcc3d191-38c5-418d-83f9-b53748583df5,cart_item_added,17,sim-u17-s3,26,,synthetic,4,2026-03-27T03:11:00.303639+00:00,"{""category_id"": 11}"
0fb6bd2f-8c45-4214-9b5b-ba60ae9c7920,cart_item_quantity_updated,17,sim-u17-s3,26,,synthetic,3,2026-03-27T03:13:23.303639+00:00,"{""category_id"": 11, ""quantity"": 3}"
d3c2bdf4-9428-47e1-9b6d-7f9d84952a4f,checkout_started,17,sim-u17-s3,,checkout,synthetic,4,2026-03-27T03:15:10.303639+00:00,{}
b4d6cdc7-302c-4c79-bc29-6b0eaccf5f25,order_created,17,sim-u17-s3,26,,synthetic,5,2026-03-27T03:18:05.303639+00:00,"{""category_id"": 11}"
54c46793-b7fb-4810-af30-cced91755ef0,order_paid,17,sim-u17-s3,26,,synthetic,6,2026-03-27T03:19:46.303639+00:00,"{""category_id"": 11}"
2651389e-da13-401a-a3ee-7328bb903af3,order_completed,17,sim-u17-s3,26,,synthetic,6,2026-03-27T03:21:34.303639+00:00,"{""category_id"": 11}"
485df1c4-a565-4fce-b991-8f009b14d22a,search_performed,17,sim-u17-s3,,noise cancelling headset,synthetic,1,2026-03-27T03:24:05.303639+00:00,"{""search_query"": ""noise cancelling headset""}"
acfdbe4e-39f9-4ae8-baa1-9b0f6df053e6,product_clicked,17,sim-u17-s3,31,,synthetic,2,2026-03-27T03:26:48.303639+00:00,"{""category_id"": 13}"
bf49c8c6-a6d1-4194-8f10-b4210112b0ea,product_viewed,17,sim-u17-s3,31,,synthetic,1,2026-03-27T03:27:35.303639+00:00,"{""category_id"": 13}"
611d358e-b556-49ef-b9ff-d52c4c04e76c,cart_viewed,17,sim-u17-s3,,open cart,synthetic,1,2026-03-27T03:29:54.303639+00:00,{}
a0a91344-0c06-452a-b368-0a8a45d33aa8,cart_item_added,17,sim-u17-s3,31,,synthetic,4,2026-03-27T03:30:45.303639+00:00,"{""category_id"": 13}"
07f9e2ff-38d0-4915-a0a6-de7579e92f4c,cart_item_quantity_updated,17,sim-u17-s3,31,,synthetic,3,2026-03-27T03:31:41.303639+00:00,"{""category_id"": 13, ""quantity"": 2}"
e693a406-93f9-4095-a1d6-d96809f08d11,cart_item_removed,17,sim-u17-s3,31,,synthetic,1,2026-03-27T03:33:15.303639+00:00,"{""category_id"": 13}"
a4beb0de-5cff-4535-a147-76c136369c8a,checkout_started,17,sim-u17-s3,,checkout,synthetic,4,2026-03-27T03:35:13.303639+00:00,{}
6e1a59f9-758a-4988-b54f-5ce2df8e732b,order_created,17,sim-u17-s3,31,,synthetic,5,2026-03-27T03:38:10.303639+00:00,"{""category_id"": 13}"
b0fcd13a-d9d4-43fc-9e6c-0af1277d4852,order_paid,17,sim-u17-s3,31,,synthetic,6,2026-03-27T03:39:10.303639+00:00,"{""category_id"": 13}"
9d2905f8-93ab-4b6d-8171-984fd5f5589d,order_completed,17,sim-u17-s3,31,,synthetic,6,2026-03-27T03:40:53.303639+00:00,"{""category_id"": 13}"
08301a74-e373-46e3-bcdb-821c7950db27,search_performed,17,sim-u17-s3,,noise cancelling headset,synthetic,1,2026-03-27T03:42:01.303639+00:00,"{""search_query"": ""noise cancelling headset""}"
3f340e34-cb2e-4134-a04d-f108c9dfb85e,product_clicked,17,sim-u17-s3,12,,synthetic,2,2026-03-27T03:43:01.303639+00:00,"{""category_id"": 4}"
c92fe0e8-8d1b-4a6e-90c1-b9b390d2ebfb,product_viewed,17,sim-u17-s3,12,,synthetic,1,2026-03-27T03:45:28.303639+00:00,"{""category_id"": 4}"
2b430a1d-22a4-4d73-97e7-68db92493e6f,chat_message_sent,17,sim-u17-s3,12,Nen chon mau nao cho cong viec van phong,synthetic,2,2026-03-27T03:47:55.303639+00:00,"{""category_id"": 4, ""intent"": ""advice""}"
0cc1acbe-d96a-498c-b1f4-1ebf471f8e71,chat_started,8,sim-u8-s1,,start session,synthetic,1,2026-03-27T06:59:49.303639+00:00,"{""channel"": ""web""}"
1f16ca05-13a1-4e6d-a301-f3c01096ca6a,search_performed,8,sim-u8-s1,,usb c hub,synthetic,1,2026-03-27T07:01:25.303639+00:00,"{""search_query"": ""usb c hub""}"
2674bfe6-eb1f-4dc2-82f9-7c794ac05e03,chat_started,71,sim-u71-s3,,start session,synthetic,1,2026-03-27T07:02:08.303639+00:00,"{""channel"": ""web""}"
1c86f2ea-6341-43db-8843-a34c0702e8f0,search_performed,71,sim-u71-s3,,office chair,synthetic,1,2026-03-27T07:03:02.303639+00:00,"{""search_query"": ""office chair""}"
e4ee08e8-fb73-4554-95a4-7b7d392bbac0,product_clicked,71,sim-u71-s3,33,,synthetic,2,2026-03-27T07:03:25.303639+00:00,"{""category_id"": 14}"
ed609c66-54c3-462c-995c-4b04a3c14afa,product_clicked,8,sim-u8-s1,21,,synthetic,2,2026-03-27T07:04:15.303639+00:00,"{""category_id"": 8}"
d12e6db0-47a8-4768-8b94-f3f891bff26f,product_viewed,71,sim-u71-s3,33,,synthetic,1,2026-03-27T07:04:33.303639+00:00,"{""category_id"": 14}"
3b8fdde1-dfe8-4f7f-89c4-ef9dd21b53f5,cart_viewed,71,sim-u71-s3,,open cart,synthetic,1,2026-03-27T07:04:57.303639+00:00,{}
e94b1b5c-9ab8-4fdb-8d6e-40d98275cfef,cart_item_added,71,sim-u71-s3,33,,synthetic,4,2026-03-27T07:06:05.303639+00:00,"{""category_id"": 14}"
b37cfa88-da16-4d21-b983-9f4e3ad424b3,product_viewed,8,sim-u8-s1,21,,synthetic,1,2026-03-27T07:06:24.303639+00:00,"{""category_id"": 8}"
65f35f84-0a70-48e3-a4b1-b44e1206613b,cart_item_removed,71,sim-u71-s3,33,,synthetic,1,2026-03-27T07:07:02.303639+00:00,"{""category_id"": 14}"
e6f2de64-7a09-476e-8066-3d786b6fb02f,checkout_started,71,sim-u71-s3,,checkout,synthetic,4,2026-03-27T07:08:23.303639+00:00,{}
e06d70fc-8301-4fd7-830d-fdceacaf244b,cart_viewed,8,sim-u8-s1,,open cart,synthetic,1,2026-03-27T07:09:22.303639+00:00,{}
cb3f7c53-89ea-468d-a7e2-889d17ed2829,cart_item_added,8,sim-u8-s1,21,,synthetic,4,2026-03-27T07:09:57.303639+00:00,"{""category_id"": 8}"
435e5f10-9584-439f-9b3c-4a59dd1324e4,order_created,71,sim-u71-s3,33,,synthetic,5,2026-03-27T07:10:34.303639+00:00,"{""category_id"": 14}"
ae16e838-199c-4773-aca3-293fa6d3dcf1,checkout_started,8,sim-u8-s1,,checkout,synthetic,4,2026-03-27T07:11:10.303639+00:00,{}
33fd7e8f-1cf7-45c0-a7bb-0f006518cd38,order_paid,71,sim-u71-s3,33,,synthetic,6,2026-03-27T07:13:11.303639+00:00,"{""category_id"": 14}"
c461d42e-f30a-4eb4-9503-48392683e563,order_created,8,sim-u8-s1,21,,synthetic,5,2026-03-27T07:14:10.303639+00:00,"{""category_id"": 8}"
e0e7738e-23f8-4bb4-a20c-0bff5dd94eb3,order_completed,71,sim-u71-s3,33,,synthetic,6,2026-03-27T07:14:19.303639+00:00,"{""category_id"": 14}"
a5ac4f74-fb30-4c2d-8ab2-02a9509b9ed4,order_paid,8,sim-u8-s1,21,,synthetic,6,2026-03-27T07:14:50.303639+00:00,"{""category_id"": 8}"
4a2fe5ec-be0f-4ec9-a8ff-d6c34f263ea0,chat_message_sent,71,sim-u71-s3,33,Co goi y san pham thay the khong,synthetic,2,2026-03-27T07:15:16.303639+00:00,"{""category_id"": 14, ""intent"": ""advice""}"
18e25304-0173-44f6-893a-0d1730ce8905,search_performed,71,sim-u71-s3,,mechanical keyboard,synthetic,1,2026-03-27T07:15:41.303639+00:00,"{""search_query"": ""mechanical keyboard""}"
7ee31fbd-289a-4550-a206-13c6c28c00b8,order_completed,8,sim-u8-s1,21,,synthetic,6,2026-03-27T07:15:50.303639+00:00,"{""category_id"": 8}"
4518e2ea-da07-4de3-9269-1cc1aed1661d,product_clicked,71,sim-u71-s3,20,,synthetic,2,2026-03-27T07:16:30.303639+00:00,"{""category_id"": 8}"
729cbd81-fd24-4bb2-b533-d55069b1013f,chat_message_sent,8,sim-u8-s1,21,Tu van cho toi mot san pham phu hop nhu cau,synthetic,2,2026-03-27T07:16:50.303639+00:00,"{""category_id"": 8, ""intent"": ""advice""}"
64d77b51-d94e-4cdd-9b05-c784b568028b,product_viewed,71,sim-u71-s3,20,,synthetic,1,2026-03-27T07:17:32.303639+00:00,"{""category_id"": 8}"
843edd23-7444-4e8b-aab7-21dff935bab3,search_performed,8,sim-u8-s1,,mechanical keyboard,synthetic,1,2026-03-27T07:19:05.303639+00:00,"{""search_query"": ""mechanical keyboard""}"
b470b082-53cf-4750-9f2a-d65ce7079e60,chat_message_sent,71,sim-u71-s3,20,Co goi y san pham thay the khong,synthetic,2,2026-03-27T07:19:56.303639+00:00,"{""category_id"": 8, ""intent"": ""advice""}"
d891761b-c35c-46e0-b512-0c0e1349f0d9,product_clicked,8,sim-u8-s1,35,,synthetic,2,2026-03-27T07:21:57.303639+00:00,"{""category_id"": 15}"
5cbeb86d-a960-4b33-9c4f-36ac2c9b8632,product_viewed,8,sim-u8-s1,35,,synthetic,1,2026-03-27T07:24:17.303639+00:00,"{""category_id"": 15}"
d5182ffb-2576-4244-81d2-74eb2902a2d6,cart_viewed,8,sim-u8-s1,,open cart,synthetic,1,2026-03-27T07:25:36.303639+00:00,{}
359c34e8-fc6d-4c1d-91f3-a47e6669b04e,cart_item_added,8,sim-u8-s1,35,,synthetic,4,2026-03-27T07:27:09.303639+00:00,"{""category_id"": 15}"
f2056bd5-837f-40b9-b0aa-ab202909062c,checkout_started,8,sim-u8-s1,,checkout,synthetic,4,2026-03-27T07:29:25.303639+00:00,{}
6a3c38e1-0b04-4ae9-a347-d982251253e1,order_created,8,sim-u8-s1,35,,synthetic,5,2026-03-27T07:30:03.303639+00:00,"{""category_id"": 15}"
5f22d240-c043-4b6d-bf18-c6c8d5f9dbcb,order_paid,8,sim-u8-s1,35,,synthetic,6,2026-03-27T07:31:30.303639+00:00,"{""category_id"": 15}"
26ad17a9-988f-4864-bf9d-05fc98e2025d,order_completed,8,sim-u8-s1,35,,synthetic,6,2026-03-27T07:34:30.303639+00:00,"{""category_id"": 15}"
3c3b5a58-55e7-427b-b8da-7994d0a47fe9,chat_message_sent,8,sim-u8-s1,35,San pham nay co uu diem gi,synthetic,2,2026-03-27T07:36:38.303639+00:00,"{""category_id"": 15, ""intent"": ""advice""}"
6f6cf903-1853-4ca0-a0fc-276cc7428ab7,chat_started,62,sim-u62-s2,,start session,synthetic,1,2026-03-27T22:22:38.303639+00:00,"{""channel"": ""web""}"
4b89a2bf-263e-40db-8842-c366e89977de,search_performed,62,sim-u62-s2,,monitor 27 inch,synthetic,1,2026-03-27T22:24:07.303639+00:00,"{""search_query"": ""monitor 27 inch""}"
a25ef8b0-5e2a-4a59-a019-e2f9990d7477,product_clicked,62,sim-u62-s2,9,,synthetic,2,2026-03-27T22:25:59.303639+00:00,"{""category_id"": 2}"
3c8757c2-fcb4-46cf-9148-e3200c53064c,product_viewed,62,sim-u62-s2,9,,synthetic,1,2026-03-27T22:26:43.303639+00:00,"{""category_id"": 2}"
6aef8306-5cc6-4856-a8f1-e1bcff5384a0,cart_viewed,62,sim-u62-s2,,open cart,synthetic,1,2026-03-27T22:28:33.303639+00:00,{}
207a4237-e11a-4ff0-b520-384f215352e8,cart_item_added,62,sim-u62-s2,9,,synthetic,4,2026-03-27T22:29:29.303639+00:00,"{""category_id"": 2}"
3b629ec5-e799-475c-aa23-d6dde9766e2d,cart_item_quantity_updated,62,sim-u62-s2,9,,synthetic,3,2026-03-27T22:31:01.303639+00:00,"{""category_id"": 2, ""quantity"": 4}"
54c18374-f8ab-4880-8e4e-d36587ae6be6,checkout_started,62,sim-u62-s2,,checkout,synthetic,4,2026-03-27T22:33:25.303639+00:00,{}
91292e39-72e7-4d53-ae31-6063cf0c16bb,order_created,62,sim-u62-s2,9,,synthetic,5,2026-03-27T22:35:30.303639+00:00,"{""category_id"": 2}"
7c667693-35b7-4096-85e6-8818322ba085,order_paid,62,sim-u62-s2,9,,synthetic,6,2026-03-27T22:36:31.303639+00:00,"{""category_id"": 2}"
de011a30-c359-42ce-b779-dc057fa6429d,order_completed,62,sim-u62-s2,9,,synthetic,6,2026-03-27T22:37:17.303639+00:00,"{""category_id"": 2}"
864c42f2-e320-476c-b540-89929f508ba0,chat_message_sent,62,sim-u62-s2,9,San pham nay co uu diem gi,synthetic,2,2026-03-27T22:38:25.303639+00:00,"{""category_id"": 2, ""intent"": ""advice""}"
89d533ab-f4ce-4cc2-b498-552ad369a6f2,search_performed,62,sim-u62-s2,,laptop stand,synthetic,1,2026-03-27T22:41:22.303639+00:00,"{""search_query"": ""laptop stand""}"
c5ad1660-6bcc-4ac9-8661-b7781b4be711,product_clicked,62,sim-u62-s2,10,,synthetic,2,2026-03-27T22:43:56.303639+00:00,"{""category_id"": 3}"
b64e1159-2809-43bf-a758-f50305e4fb6d,product_viewed,62,sim-u62-s2,10,,synthetic,1,2026-03-27T22:46:32.303639+00:00,"{""category_id"": 3}"
74958c2e-3d36-4bab-b85f-31ddc9cdb77d,cart_viewed,62,sim-u62-s2,,open cart,synthetic,1,2026-03-27T22:47:21.303639+00:00,{}
5ce2a962-9222-4236-a29f-9ca76aa021f7,cart_item_added,62,sim-u62-s2,10,,synthetic,4,2026-03-27T22:49:27.303639+00:00,"{""category_id"": 3}"
07c990e1-d1fa-444e-90b2-04408ab7875f,cart_item_quantity_updated,62,sim-u62-s2,10,,synthetic,3,2026-03-27T22:50:16.303639+00:00,"{""category_id"": 3, ""quantity"": 2}"
a96448a5-d233-4387-8a2f-c2f2078d62c4,checkout_started,62,sim-u62-s2,,checkout,synthetic,4,2026-03-27T22:50:40.303639+00:00,{}
c0d7a97d-31e7-4272-9210-d4a5a4acf9a2,order_created,62,sim-u62-s2,10,,synthetic,5,2026-03-27T22:53:02.303639+00:00,"{""category_id"": 3}"
14f2e28b-732d-4558-a8b9-7e0f7e453f10,order_paid,62,sim-u62-s2,10,,synthetic,6,2026-03-27T22:54:54.303639+00:00,"{""category_id"": 3}"
2b251fa6-8953-4fbc-9e95-47d30517de18,order_completed,62,sim-u62-s2,10,,synthetic,6,2026-03-27T22:55:49.303639+00:00,"{""category_id"": 3}"
c7d259cf-2704-42b2-9944-35ca809b1a48,chat_started,80,sim-u80-s1,,start session,synthetic,1,2026-03-28T01:53:50.303639+00:00,"{""channel"": ""web""}"
6c4bb26e-312f-43c8-a3d0-23fe6f8a9b68,search_performed,80,sim-u80-s1,,laptop stand,synthetic,1,2026-03-28T01:55:45.303639+00:00,"{""search_query"": ""laptop stand""}"
893537a9-4bb7-40de-9673-9c62c51adab4,product_clicked,80,sim-u80-s1,11,,synthetic,2,2026-03-28T01:58:12.303639+00:00,"{""category_id"": 3}"
387bc10c-e00e-41dc-a341-b35c19091cbc,product_viewed,80,sim-u80-s1,11,,synthetic,1,2026-03-28T02:00:44.303639+00:00,"{""category_id"": 3}"
712fbb17-dae9-4d60-ac09-76512a611026,cart_viewed,80,sim-u80-s1,,open cart,synthetic,1,2026-03-28T02:02:26.303639+00:00,{}
cbf2de23-e261-4be6-b242-3be2af4f4fdc,cart_item_added,80,sim-u80-s1,11,,synthetic,4,2026-03-28T02:04:21.303639+00:00,"{""category_id"": 3}"
a5437ae7-c508-4f1b-b881-71a366bf2754,cart_item_quantity_updated,80,sim-u80-s1,11,,synthetic,3,2026-03-28T02:06:47.303639+00:00,"{""category_id"": 3, ""quantity"": 3}"
d75b25b7-d70f-4ae1-acea-628574b1b8c8,checkout_started,80,sim-u80-s1,,checkout,synthetic,4,2026-03-28T02:09:35.303639+00:00,{}
c81ffeb6-fa64-4150-b790-09f1ee4eefcd,order_created,80,sim-u80-s1,11,,synthetic,5,2026-03-28T02:11:37.303639+00:00,"{""category_id"": 3}"
d552a9ec-1999-4128-a0d0-bf5e4aa3714d,order_paid,80,sim-u80-s1,11,,synthetic,6,2026-03-28T02:14:26.303639+00:00,"{""category_id"": 3}"
f5189687-a8d0-4fd9-a2eb-1163072c5b46,order_completed,80,sim-u80-s1,11,,synthetic,6,2026-03-28T02:14:55.303639+00:00,"{""category_id"": 3}"
afef70dd-9aba-4a85-b246-24521cf585cc,chat_message_sent,80,sim-u80-s1,11,San pham nay co uu diem gi,synthetic,2,2026-03-28T02:17:10.303639+00:00,"{""category_id"": 3, ""intent"": ""advice""}"
5c79d121-278c-45b8-aec4-d19f0d61c9de,search_performed,80,sim-u80-s1,,ergonomic desk,synthetic,1,2026-03-28T02:19:11.303639+00:00,"{""search_query"": ""ergonomic desk""}"
04d17f72-f6d5-4ddb-b5f9-fbfe8bfc903f,product_clicked,80,sim-u80-s1,8,,synthetic,2,2026-03-28T02:20:26.303639+00:00,"{""category_id"": 2}"
358f6f7c-3655-48be-bbaa-06bf72cbb92e,product_viewed,80,sim-u80-s1,8,,synthetic,1,2026-03-28T02:22:04.303639+00:00,"{""category_id"": 2}"
66e015ae-d0ec-4d45-927e-d97e741cc5a2,cart_viewed,80,sim-u80-s1,,open cart,synthetic,1,2026-03-28T02:24:00.303639+00:00,{}
40b3fb36-7f65-4a10-90fd-7c7527f2639a,chat_started,36,sim-u36-s1,,start session,synthetic,1,2026-03-28T02:24:24.303639+00:00,"{""channel"": ""web""}"
d2b54ed2-4359-4dc3-adfc-2b8a144bf0d8,search_performed,36,sim-u36-s1,,wireless mouse,synthetic,1,2026-03-28T02:24:56.303639+00:00,"{""search_query"": ""wireless mouse""}"
73fd2e4d-bfa6-4f98-a9e2-bf2d665db227,product_clicked,36,sim-u36-s1,32,,synthetic,2,2026-03-28T02:25:45.303639+00:00,"{""category_id"": 14}"
42575c5d-5422-484c-abdc-f32e127b1e85,cart_item_added,80,sim-u80-s1,8,,synthetic,4,2026-03-28T02:26:46.303639+00:00,"{""category_id"": 2}"
ee868ec9-8795-401c-9d09-c91fa3428887,product_viewed,36,sim-u36-s1,32,,synthetic,1,2026-03-28T02:27:51.303639+00:00,"{""category_id"": 14}"
0f35f671-e35d-40bf-93f9-e39e4802dd21,cart_item_quantity_updated,80,sim-u80-s1,8,,synthetic,3,2026-03-28T02:28:11.303639+00:00,"{""category_id"": 2, ""quantity"": 3}"
5d1827bd-f4fe-4258-91c5-eb9fc6a57d01,cart_viewed,36,sim-u36-s1,,open cart,synthetic,1,2026-03-28T02:28:42.303639+00:00,{}
ae58f18b-38ef-4725-a7a0-38973ae581f4,checkout_started,80,sim-u80-s1,,checkout,synthetic,4,2026-03-28T02:29:05.303639+00:00,{}
1c7aa26a-5099-4f2f-801e-db2f7493ddc1,order_created,80,sim-u80-s1,8,,synthetic,5,2026-03-28T02:29:46.303639+00:00,"{""category_id"": 2}"
f05e0982-8902-4f52-94f0-4fc8bf24327a,cart_item_added,36,sim-u36-s1,32,,synthetic,4,2026-03-28T02:31:22.303639+00:00,"{""category_id"": 14}"
074a69f9-e8fa-443a-9751-9c5ca54261aa,order_paid,80,sim-u80-s1,8,,synthetic,6,2026-03-28T02:32:18.303639+00:00,"{""category_id"": 2}"
c47cf0c1-12ee-449f-86d7-34db62cdfe0a,cart_item_quantity_updated,36,sim-u36-s1,32,,synthetic,3,2026-03-28T02:32:21.303639+00:00,"{""category_id"": 14, ""quantity"": 4}"
208bbbec-c5c7-4f7c-bafa-d11e499dee67,cart_item_removed,36,sim-u36-s1,32,,synthetic,1,2026-03-28T02:32:43.303639+00:00,"{""category_id"": 14}"
60f5f384-ee4b-4ce5-9ff5-da6327b696a1,order_completed,80,sim-u80-s1,8,,synthetic,6,2026-03-28T02:34:08.303639+00:00,"{""category_id"": 2}"
a273d79c-98e5-4686-b5ae-bd32e04a0094,checkout_started,36,sim-u36-s1,,checkout,synthetic,4,2026-03-28T02:34:20.303639+00:00,{}
6cfb0028-4b38-48ea-9964-33e114fda2da,order_created,36,sim-u36-s1,32,,synthetic,5,2026-03-28T02:36:27.303639+00:00,"{""category_id"": 14}"
96cf0206-c4fe-446a-994d-9736bfd9f33f,chat_message_sent,80,sim-u80-s1,8,Tu van cho toi mot san pham phu hop nhu cau,synthetic,2,2026-03-28T02:36:27.303639+00:00,"{""category_id"": 2, ""intent"": ""advice""}"
be76af48-e8ce-4992-8afc-c30ebd8ab86f,order_paid,36,sim-u36-s1,32,,synthetic,6,2026-03-28T02:39:00.303639+00:00,"{""category_id"": 14}"
529b2734-0c81-4cf3-996d-3a414e5235c1,order_completed,36,sim-u36-s1,32,,synthetic,6,2026-03-28T02:40:29.303639+00:00,"{""category_id"": 14}"
84158450-7427-4483-9b72-19e0a7b3eed3,chat_message_sent,36,sim-u36-s1,32,San pham nay co uu diem gi,synthetic,2,2026-03-28T02:42:36.303639+00:00,"{""category_id"": 14, ""intent"": ""advice""}"
3bb1baaf-bcd8-45fd-b667-f240a16fd2a3,search_performed,36,sim-u36-s1,,gaming keyboard,synthetic,1,2026-03-28T02:45:06.303639+00:00,"{""search_query"": ""gaming keyboard""}"
f1692dce-6cd6-4a47-8ae9-9bdc843f32b7,product_clicked,36,sim-u36-s1,9,,synthetic,2,2026-03-28T02:48:04.303639+00:00,"{""category_id"": 2}"
430cc8a3-a45f-4dc3-9705-d0f40ff7925d,product_viewed,36,sim-u36-s1,9,,synthetic,1,2026-03-28T02:48:54.303639+00:00,"{""category_id"": 2}"
6cba5d3a-2788-43d7-b163-adc01599c62c,cart_viewed,36,sim-u36-s1,,open cart,synthetic,1,2026-03-28T02:49:41.303639+00:00,{}
93fe5f90-4c96-4d17-8a4a-762e4ca93413,cart_item_added,36,sim-u36-s1,9,,synthetic,4,2026-03-28T02:52:08.303639+00:00,"{""category_id"": 2}"
2fe589af-18b8-44e8-aa13-41a64e0d67f5,cart_item_quantity_updated,36,sim-u36-s1,9,,synthetic,3,2026-03-28T02:53:35.303639+00:00,"{""category_id"": 2, ""quantity"": 2}"
f2ad13d4-6dc5-4b65-b31a-f4e7ac72f52d,checkout_started,36,sim-u36-s1,,checkout,synthetic,4,2026-03-28T02:54:46.303639+00:00,{}
fa471ffa-f09e-45fd-aaac-31ab1f8e0e0f,order_created,36,sim-u36-s1,9,,synthetic,5,2026-03-28T02:56:37.303639+00:00,"{""category_id"": 2}"
3963ce84-2373-49a8-8128-8b300301faa0,order_paid,36,sim-u36-s1,9,,synthetic,6,2026-03-28T02:58:12.303639+00:00,"{""category_id"": 2}"
462cf280-0544-4553-bc1f-7d334ece56fe,order_completed,36,sim-u36-s1,9,,synthetic,6,2026-03-28T02:59:13.303639+00:00,"{""category_id"": 2}"
62f76d78-3855-4012-9a5f-9efa43ffcaa0,chat_message_sent,36,sim-u36-s1,9,Co goi y san pham thay the khong,synthetic,2,2026-03-28T03:00:26.303639+00:00,"{""category_id"": 2, ""intent"": ""advice""}"
1daba3a0-6800-4c08-834e-7f917cd099ca,search_performed,36,sim-u36-s1,,usb c hub,synthetic,1,2026-03-28T03:02:10.303639+00:00,"{""search_query"": ""usb c hub""}"
876c1a3a-f96a-44bc-ad84-d399de8971c0,product_clicked,36,sim-u36-s1,13,,synthetic,2,2026-03-28T03:03:30.303639+00:00,"{""category_id"": 4}"
8a698f15-69e4-47ad-bdf4-8b6ab24a1615,product_viewed,36,sim-u36-s1,13,,synthetic,1,2026-03-28T03:03:50.303639+00:00,"{""category_id"": 4}"
9a27bc28-f630-492b-844e-67acee58ff43,cart_viewed,36,sim-u36-s1,,open cart,synthetic,1,2026-03-28T03:04:32.303639+00:00,{}
09f5e94f-18ba-48a9-aa0f-e1846fceda7d,cart_item_added,36,sim-u36-s1,13,,synthetic,4,2026-03-28T03:05:20.303639+00:00,"{""category_id"": 4}"
0506dbb8-19a8-4078-9507-6b4588cc0622,checkout_started,36,sim-u36-s1,,checkout,synthetic,4,2026-03-28T03:06:18.303639+00:00,{}
d0791d46-492c-4609-9216-f8375cd0ab30,order_created,36,sim-u36-s1,13,,synthetic,5,2026-03-28T03:07:01.303639+00:00,"{""category_id"": 4}"
29efa1fe-3997-43c0-8bf7-b5f36bc509a2,order_paid,36,sim-u36-s1,13,,synthetic,6,2026-03-28T03:07:40.303639+00:00,"{""category_id"": 4}"
a7055820-b4a8-47b8-9203-63ee337ac2bc,order_completed,36,sim-u36-s1,13,,synthetic,6,2026-03-28T03:08:25.303639+00:00,"{""category_id"": 4}"
24caf105-c242-4497-83e2-9e248743742a,chat_started,76,sim-u76-s3,,start session,synthetic,1,2026-03-28T10:38:43.303639+00:00,"{""channel"": ""web""}"
4e88626f-21fd-49b2-8daf-72e91f6d220e,search_performed,76,sim-u76-s3,,laptop stand,synthetic,1,2026-03-28T10:41:27.303639+00:00,"{""search_query"": ""laptop stand""}"
58b41784-2ce9-4956-bb88-ab4514508ab2,product_clicked,76,sim-u76-s3,12,,synthetic,2,2026-03-28T10:42:04.303639+00:00,"{""category_id"": 4}"
f888dd71-302c-457b-9b69-01e5f3809601,product_viewed,76,sim-u76-s3,12,,synthetic,1,2026-03-28T10:43:40.303639+00:00,"{""category_id"": 4}"
dbfb4e1b-93a5-49f6-a3ee-a19e35d5a1b9,cart_viewed,76,sim-u76-s3,,open cart,synthetic,1,2026-03-28T10:44:31.303639+00:00,{}
f3f7435e-9366-4402-b3ea-0f54a43e7f7b,cart_item_added,76,sim-u76-s3,12,,synthetic,4,2026-03-28T10:45:26.303639+00:00,"{""category_id"": 4}"
cfcbe74e-1633-4801-8429-01552b9d2084,checkout_started,76,sim-u76-s3,,checkout,synthetic,4,2026-03-28T10:47:36.303639+00:00,{}
e50fe86b-3b01-4ff7-b49d-1a199fe248e5,order_created,76,sim-u76-s3,12,,synthetic,5,2026-03-28T10:48:49.303639+00:00,"{""category_id"": 4}"
e4d5230a-7952-4cde-9362-d666279ae714,order_paid,76,sim-u76-s3,12,,synthetic,6,2026-03-28T10:50:30.303639+00:00,"{""category_id"": 4}"
b3281dfc-d6bf-4eeb-a50a-f4ef06045627,order_completed,76,sim-u76-s3,12,,synthetic,6,2026-03-28T10:52:17.303639+00:00,"{""category_id"": 4}"
6314fae5-d379-4e5c-908f-b774df9f928a,chat_message_sent,76,sim-u76-s3,12,Co goi y san pham thay the khong,synthetic,2,2026-03-28T10:53:46.303639+00:00,"{""category_id"": 4, ""intent"": ""advice""}"
463bf99e-5663-452d-8e4b-67467a233794,chat_started,74,sim-u74-s2,,start session,synthetic,1,2026-03-28T11:03:58.303639+00:00,"{""channel"": ""web""}"
f714e5f1-9079-4564-9442-c4af435e113f,search_performed,74,sim-u74-s2,,usb c hub,synthetic,1,2026-03-28T11:06:04.303639+00:00,"{""search_query"": ""usb c hub""}"
9bc1be43-d7b2-469c-8222-d53fbeabb87f,product_clicked,74,sim-u74-s2,13,,synthetic,2,2026-03-28T11:07:05.303639+00:00,"{""category_id"": 4}"
c7eb8e4c-2a0e-46b4-a47e-1ac9a6bc6ac9,product_viewed,74,sim-u74-s2,13,,synthetic,1,2026-03-28T11:08:01.303639+00:00,"{""category_id"": 4}"
f051f8d6-7ced-4503-845a-415667646216,cart_viewed,74,sim-u74-s2,,open cart,synthetic,1,2026-03-28T11:10:25.303639+00:00,{}
c8e0f8b5-cde7-4c5f-b7a3-d421b3543b89,cart_item_added,74,sim-u74-s2,13,,synthetic,4,2026-03-28T11:12:42.303639+00:00,"{""category_id"": 4}"
7fa22551-65fe-4bb7-8c4c-4521ecf88220,cart_item_quantity_updated,74,sim-u74-s2,13,,synthetic,3,2026-03-28T11:15:13.303639+00:00,"{""category_id"": 4, ""quantity"": 4}"
a391e32f-4683-44ac-ace8-dc6d7725068c,checkout_started,74,sim-u74-s2,,checkout,synthetic,4,2026-03-28T11:16:03.303639+00:00,{}
0542d7be-ba3b-419f-a1a7-60c13c1dcb34,order_created,74,sim-u74-s2,13,,synthetic,5,2026-03-28T11:17:17.303639+00:00,"{""category_id"": 4}"
44b6c952-ff7a-444e-9fda-5d005e6babea,order_paid,74,sim-u74-s2,13,,synthetic,6,2026-03-28T11:17:45.303639+00:00,"{""category_id"": 4}"
fbf9d219-7c49-4033-bd14-262518482f84,order_completed,74,sim-u74-s2,13,,synthetic,6,2026-03-28T11:18:45.303639+00:00,"{""category_id"": 4}"
44f1c54b-f561-4734-81a2-e4ff119bafb1,search_performed,74,sim-u74-s2,,gaming keyboard,synthetic,1,2026-03-28T11:21:39.303639+00:00,"{""search_query"": ""gaming keyboard""}"
4f6e9547-d7b1-4058-a4d4-4cdacc8a3b1e,product_clicked,74,sim-u74-s2,24,,synthetic,2,2026-03-28T11:23:43.303639+00:00,"{""category_id"": 10}"
36e95fa0-a131-4a2d-b305-23a2ea2ae073,product_viewed,74,sim-u74-s2,24,,synthetic,1,2026-03-28T11:24:31.303639+00:00,"{""category_id"": 10}"
fa330658-9c48-42b7-b326-bf7ef131e3e0,cart_viewed,74,sim-u74-s2,,open cart,synthetic,1,2026-03-28T11:27:17.303639+00:00,{}
992406d2-da31-44e2-bdd5-82cc1568367f,cart_item_added,74,sim-u74-s2,24,,synthetic,4,2026-03-28T11:28:51.303639+00:00,"{""category_id"": 10}"
0516f277-c11a-40ce-83b4-a884b343e1a9,cart_item_quantity_updated,74,sim-u74-s2,24,,synthetic,3,2026-03-28T11:29:41.303639+00:00,"{""category_id"": 10, ""quantity"": 2}"
9ed5ff5d-6ef8-404c-83f6-56f8ae4b6803,checkout_started,74,sim-u74-s2,,checkout,synthetic,4,2026-03-28T11:31:36.303639+00:00,{}
f3f7454d-8ff0-4710-bddd-ed24caea3aa1,order_created,74,sim-u74-s2,24,,synthetic,5,2026-03-28T11:33:13.303639+00:00,"{""category_id"": 10}"
4a93244b-ef5c-4010-94e8-e4b7fb150f4c,order_paid,74,sim-u74-s2,24,,synthetic,6,2026-03-28T11:33:40.303639+00:00,"{""category_id"": 10}"
6b55e45f-708e-43f6-8e94-d2b16da0f97d,order_completed,74,sim-u74-s2,24,,synthetic,6,2026-03-28T11:34:36.303639+00:00,"{""category_id"": 10}"
2887b6e8-a02c-498e-8253-d8a10fd2cdd3,chat_message_sent,74,sim-u74-s2,24,Co goi y san pham thay the khong,synthetic,2,2026-03-28T11:35:08.303639+00:00,"{""category_id"": 10, ""intent"": ""advice""}"
979c736c-1d81-40c6-8d9e-16bd698d0897,chat_started,79,sim-u79-s1,,start session,synthetic,1,2026-03-28T16:37:27.303639+00:00,"{""channel"": ""web""}"
a8feb4dc-9070-40a2-86e7-c0e0f0e55135,search_performed,79,sim-u79-s1,,office chair,synthetic,1,2026-03-28T16:38:13.303639+00:00,"{""search_query"": ""office chair""}"
d402330d-fd42-49d2-b202-720b192a62bc,product_clicked,79,sim-u79-s1,25,,synthetic,2,2026-03-28T16:40:29.303639+00:00,"{""category_id"": 10}"
19f1d466-60fe-4ccb-a936-0df6a57fa32f,product_viewed,79,sim-u79-s1,25,,synthetic,1,2026-03-28T16:40:59.303639+00:00,"{""category_id"": 10}"
de137a1c-1422-4bee-ad2d-6ce87f2478f5,cart_viewed,79,sim-u79-s1,,open cart,synthetic,1,2026-03-28T16:41:19.303639+00:00,{}
fb88715f-40b4-46f0-a1b7-eb0323797eb8,cart_item_added,79,sim-u79-s1,25,,synthetic,4,2026-03-28T16:42:36.303639+00:00,"{""category_id"": 10}"
3ab2435d-30ee-4aa0-9c8e-e30cb1f63a14,checkout_started,79,sim-u79-s1,,checkout,synthetic,4,2026-03-28T16:43:50.303639+00:00,{}
2b3a4bfa-afca-4d46-a154-56b30e02e889,order_created,79,sim-u79-s1,25,,synthetic,5,2026-03-28T16:45:11.303639+00:00,"{""category_id"": 10}"
d5b18e81-0379-45d5-bebb-489d1960346a,order_paid,79,sim-u79-s1,25,,synthetic,6,2026-03-28T16:46:55.303639+00:00,"{""category_id"": 10}"
2836b0f4-5978-44ae-bc8a-741d2ab2fb4e,order_completed,79,sim-u79-s1,25,,synthetic,6,2026-03-28T16:48:51.303639+00:00,"{""category_id"": 10}"
a720e742-c8cd-405d-a477-5f5fd37869a2,chat_message_sent,79,sim-u79-s1,25,San pham nay co uu diem gi,synthetic,2,2026-03-28T16:49:12.303639+00:00,"{""category_id"": 10, ""intent"": ""advice""}"
e49a1ab1-4786-4f78-9c22-c1b44a661357,search_performed,79,sim-u79-s1,,wireless mouse,synthetic,1,2026-03-28T16:49:50.303639+00:00,"{""search_query"": ""wireless mouse""}"
94b82037-f970-4431-9d80-207593462163,product_clicked,79,sim-u79-s1,24,,synthetic,2,2026-03-28T16:51:41.303639+00:00,"{""category_id"": 10}"
4072dba6-038e-4ce5-8eca-ebbe33884ae1,product_viewed,79,sim-u79-s1,24,,synthetic,1,2026-03-28T16:52:08.303639+00:00,"{""category_id"": 10}"
945adaf2-a440-4df4-8ed3-f7c25e5f09b7,cart_viewed,79,sim-u79-s1,,open cart,synthetic,1,2026-03-28T16:53:04.303639+00:00,{}
ba435042-89d2-4d55-a181-89e0e9986ea8,cart_item_added,79,sim-u79-s1,24,,synthetic,4,2026-03-28T16:54:38.303639+00:00,"{""category_id"": 10}"
9a2ac8a6-02d6-48aa-baae-31e337acf958,cart_item_quantity_updated,79,sim-u79-s1,24,,synthetic,3,2026-03-28T16:57:27.303639+00:00,"{""category_id"": 10, ""quantity"": 4}"
efeaf726-c00d-414e-8248-f32e2e471ef5,checkout_started,79,sim-u79-s1,,checkout,synthetic,4,2026-03-28T16:59:19.303639+00:00,{}
d789745b-b227-4fa1-9343-95a5decb7e19,order_created,79,sim-u79-s1,24,,synthetic,5,2026-03-28T16:59:50.303639+00:00,"{""category_id"": 10}"
7f04b3f0-f880-451c-b400-07dd5d23e871,order_cancelled,79,sim-u79-s1,24,,synthetic,-2,2026-03-28T17:01:00.303639+00:00,"{""category_id"": 10}"
7c630600-1665-43d1-b6f1-a6356dc017be,chat_message_sent,79,sim-u79-s1,24,San pham nay co uu diem gi,synthetic,2,2026-03-28T17:02:16.303639+00:00,"{""category_id"": 10, ""intent"": ""advice""}"
e76162d4-044d-4daf-b0c5-ade4ebbbe8ea,chat_started,26,sim-u26-s2,,start session,synthetic,1,2026-03-28T18:58:07.303639+00:00,"{""channel"": ""web""}"
d8dfc9d5-0e8f-4f24-bf0a-f6fa8eb2d1f5,search_performed,26,sim-u26-s2,,gaming keyboard,synthetic,1,2026-03-28T18:59:01.303639+00:00,"{""search_query"": ""gaming keyboard""}"
f162993e-a709-4a6a-9998-cb6d3500e597,product_clicked,26,sim-u26-s2,9,,synthetic,2,2026-03-28T19:01:06.303639+00:00,"{""category_id"": 2}"
97e6c10f-d47f-4a5b-813b-371938056432,product_viewed,26,sim-u26-s2,9,,synthetic,1,2026-03-28T19:01:41.303639+00:00,"{""category_id"": 2}"
cd1d2685-3ada-4019-8e6f-046c3749ceb1,search_performed,26,sim-u26-s2,,office chair,synthetic,1,2026-03-28T19:03:04.303639+00:00,"{""search_query"": ""office chair""}"
9d21149d-853d-4731-a434-18ec55d8dcf5,product_clicked,26,sim-u26-s2,31,,synthetic,2,2026-03-28T19:04:01.303639+00:00,"{""category_id"": 13}"
e8499d4e-8544-43bf-8175-e51155d81f4a,product_viewed,26,sim-u26-s2,31,,synthetic,1,2026-03-28T19:05:43.303639+00:00,"{""category_id"": 13}"
752abaa5-94a7-4da4-9b81-eda4c33fb76f,search_performed,26,sim-u26-s2,,mechanical keyboard,synthetic,1,2026-03-28T19:08:08.303639+00:00,"{""search_query"": ""mechanical keyboard""}"
50b3f3b2-e5fc-453f-8762-adc0d264a90e,product_clicked,26,sim-u26-s2,14,,synthetic,2,2026-03-28T19:09:04.303639+00:00,"{""category_id"": 5}"
9ba1879b-3641-4c41-a394-b16fcf16ac93,product_viewed,26,sim-u26-s2,14,,synthetic,1,2026-03-28T19:11:51.303639+00:00,"{""category_id"": 5}"
1718e289-e1b8-4567-8732-dcc008b34e89,cart_viewed,26,sim-u26-s2,,open cart,synthetic,1,2026-03-28T19:14:51.303639+00:00,{}
180b451e-a834-4586-9c9f-e57e67cbc9b1,cart_item_added,26,sim-u26-s2,14,,synthetic,4,2026-03-28T19:16:57.303639+00:00,"{""category_id"": 5}"
61eed0f4-1747-4fb1-8814-de47fc24a29e,cart_item_quantity_updated,26,sim-u26-s2,14,,synthetic,3,2026-03-28T19:17:40.303639+00:00,"{""category_id"": 5, ""quantity"": 2}"
c827bcf8-5681-463a-b575-0178c1a4e335,checkout_started,26,sim-u26-s2,,checkout,synthetic,4,2026-03-28T19:19:11.303639+00:00,{}
91ee1d30-a22c-4f14-a595-be5d1ceb2ffb,order_created,26,sim-u26-s2,14,,synthetic,5,2026-03-28T19:21:05.303639+00:00,"{""category_id"": 5}"
bbda5ac6-f3a5-4d6f-ad9c-702082feb58c,order_paid,26,sim-u26-s2,14,,synthetic,6,2026-03-28T19:23:29.303639+00:00,"{""category_id"": 5}"
e9e61c44-f41f-4a70-a5b3-802acf7f5a04,order_completed,26,sim-u26-s2,14,,synthetic,6,2026-03-28T19:25:12.303639+00:00,"{""category_id"": 5}"
902cf459-664c-4c6e-a86b-904253a30d28,chat_message_sent,26,sim-u26-s2,14,Tu van cho toi mot san pham phu hop nhu cau,synthetic,2,2026-03-28T19:27:29.303639+00:00,"{""category_id"": 5, ""intent"": ""advice""}"
1684b99b-9617-4aee-a6ff-520265d3b30d,chat_started,53,sim-u53-s3,,start session,synthetic,1,2026-03-28T19:42:58.303639+00:00,"{""channel"": ""web""}"
bd28b98b-ff20-4676-b8c0-51d0ea87a790,search_performed,53,sim-u53-s3,,noise cancelling headset,synthetic,1,2026-03-28T19:45:36.303639+00:00,"{""search_query"": ""noise cancelling headset""}"
00137876-8090-4171-a27b-3945b40c52b6,product_clicked,53,sim-u53-s3,16,,synthetic,2,2026-03-28T19:47:49.303639+00:00,"{""category_id"": 6}"
499e1c62-7d62-46b5-8c0c-c61882d49553,product_viewed,53,sim-u53-s3,16,,synthetic,1,2026-03-28T19:48:21.303639+00:00,"{""category_id"": 6}"
b772c7d0-797b-4f47-8753-65fe8ac2b960,cart_viewed,53,sim-u53-s3,,open cart,synthetic,1,2026-03-28T19:50:41.303639+00:00,{}
abaddccf-972a-4a93-b368-f4aa1555d9d9,cart_item_added,53,sim-u53-s3,16,,synthetic,4,2026-03-28T19:51:13.303639+00:00,"{""category_id"": 6}"
20bdf0a5-1b1b-4898-a9c9-4c00dec2f6eb,cart_item_quantity_updated,53,sim-u53-s3,16,,synthetic,3,2026-03-28T19:51:55.303639+00:00,"{""category_id"": 6, ""quantity"": 2}"
7fce2867-23b2-4630-a900-fc8c01d5e432,checkout_started,53,sim-u53-s3,,checkout,synthetic,4,2026-03-28T19:53:00.303639+00:00,{}
22b4b341-7f38-487b-b650-d1f139fb289e,order_created,53,sim-u53-s3,16,,synthetic,5,2026-03-28T19:55:52.303639+00:00,"{""category_id"": 6}"
a507de52-f934-4a55-a5b7-92123731b0e2,order_cancelled,53,sim-u53-s3,16,,synthetic,-2,2026-03-28T19:58:06.303639+00:00,"{""category_id"": 6}"
b2131cf6-02d5-4a8e-af4d-dd45b70e5c3f,chat_message_sent,53,sim-u53-s3,16,Nen chon mau nao cho cong viec van phong,synthetic,2,2026-03-28T19:59:51.303639+00:00,"{""category_id"": 6, ""intent"": ""advice""}"
7175e0bc-5417-4e4c-8596-67bf9ae03051,search_performed,53,sim-u53-s3,,ergonomic desk,synthetic,1,2026-03-28T20:02:27.303639+00:00,"{""search_query"": ""ergonomic desk""}"
aa19cc3a-8253-4271-ada9-b4eeefc41175,product_clicked,53,sim-u53-s3,9,,synthetic,2,2026-03-28T20:03:07.303639+00:00,"{""category_id"": 2}"
7794f7a1-e0f8-4619-b925-f33d99d7b073,product_viewed,53,sim-u53-s3,9,,synthetic,1,2026-03-28T20:05:26.303639+00:00,"{""category_id"": 2}"
7bc28a56-8031-4f59-bae4-d5d1abfd930d,cart_viewed,53,sim-u53-s3,,open cart,synthetic,1,2026-03-28T20:06:09.303639+00:00,{}
6e1dc782-1dec-459e-acdf-72679d4373dc,cart_item_added,53,sim-u53-s3,9,,synthetic,4,2026-03-28T20:08:28.303639+00:00,"{""category_id"": 2}"
cd3491fc-70cd-434c-82e3-65bfa1dd1ab1,cart_item_quantity_updated,53,sim-u53-s3,9,,synthetic,3,2026-03-28T20:10:47.303639+00:00,"{""category_id"": 2, ""quantity"": 3}"
cf6a6420-793f-4292-a213-9cbc7d5f4ffc,checkout_started,53,sim-u53-s3,,checkout,synthetic,4,2026-03-28T20:12:04.303639+00:00,{}
a1d4c4bc-b3d6-4644-a501-5d69057b1d93,order_created,53,sim-u53-s3,9,,synthetic,5,2026-03-28T20:13:00.303639+00:00,"{""category_id"": 2}"
15918bfa-d326-4cec-b549-2cdc011f4559,order_cancelled,53,sim-u53-s3,9,,synthetic,-2,2026-03-28T20:15:57.303639+00:00,"{""category_id"": 2}"
d755803d-c335-486c-ae03-0fe0205ed6b4,chat_message_sent,53,sim-u53-s3,9,Nen chon mau nao cho cong viec van phong,synthetic,2,2026-03-28T20:17:57.303639+00:00,"{""category_id"": 2, ""intent"": ""advice""}"
709bd0da-1f40-4bf9-a827-086cde88010d,chat_started,37,sim-u37-s3,,start session,synthetic,1,2026-03-28T23:52:56.303639+00:00,"{""channel"": ""web""}"
a759f1be-49db-4fea-baea-bec6044acce3,search_performed,37,sim-u37-s3,,webcam full hd,synthetic,1,2026-03-28T23:55:25.303639+00:00,"{""search_query"": ""webcam full hd""}"
4a9d66a6-ef02-4dd8-8246-432d52a9dd6b,product_clicked,37,sim-u37-s3,14,,synthetic,2,2026-03-28T23:56:19.303639+00:00,"{""category_id"": 5}"
1328c4c9-ce77-414c-b61a-dc61fa6b6bc0,product_viewed,37,sim-u37-s3,14,,synthetic,1,2026-03-28T23:58:46.303639+00:00,"{""category_id"": 5}"
04d99dba-bf88-47fb-bb4b-ac630c3a47d6,cart_viewed,37,sim-u37-s3,,open cart,synthetic,1,2026-03-28T23:59:18.303639+00:00,{}
af1ceec5-3f0d-40e3-8507-8f179e538b76,cart_item_added,37,sim-u37-s3,14,,synthetic,4,2026-03-29T00:01:59.303639+00:00,"{""category_id"": 5}"
5b995e49-d8ed-4d2e-8024-77f4cc8aa87a,checkout_started,37,sim-u37-s3,,checkout,synthetic,4,2026-03-29T00:04:22.303639+00:00,{}
db60e29c-a635-4552-b894-e779f0483a5b,order_created,37,sim-u37-s3,14,,synthetic,5,2026-03-29T00:06:52.303639+00:00,"{""category_id"": 5}"
18531d39-707b-4460-85d9-eb68c8d4a453,order_paid,37,sim-u37-s3,14,,synthetic,6,2026-03-29T00:07:57.303639+00:00,"{""category_id"": 5}"
7620d617-9b62-492c-9de6-564d382c4005,order_completed,37,sim-u37-s3,14,,synthetic,6,2026-03-29T00:10:45.303639+00:00,"{""category_id"": 5}"
85e5743a-b112-44a7-bef8-b5075b4f8a4c,chat_message_sent,37,sim-u37-s3,14,San pham nay co uu diem gi,synthetic,2,2026-03-29T00:11:31.303639+00:00,"{""category_id"": 5, ""intent"": ""advice""}"
15f6e87e-cfda-4064-b906-daf38ee15445,search_performed,37,sim-u37-s3,,webcam full hd,synthetic,1,2026-03-29T00:14:26.303639+00:00,"{""search_query"": ""webcam full hd""}"
c410f266-f658-4abf-818d-37022bd76e17,product_clicked,37,sim-u37-s3,23,,synthetic,2,2026-03-29T00:16:08.303639+00:00,"{""category_id"": 9}"
8bb66d5f-0646-4f4b-966a-91cc7e498777,product_viewed,37,sim-u37-s3,23,,synthetic,1,2026-03-29T00:18:37.303639+00:00,"{""category_id"": 9}"
2b9bd0b9-9932-4f50-966a-1e52d2a7b9ca,chat_message_sent,37,sim-u37-s3,23,San pham nay co uu diem gi,synthetic,2,2026-03-29T00:20:07.303639+00:00,"{""category_id"": 9, ""intent"": ""advice""}"
486cec38-eb3a-40ab-b5d4-527c5d511ce1,chat_started,92,sim-u92-s3,,start session,synthetic,1,2026-03-29T06:57:46.303639+00:00,"{""channel"": ""web""}"
fb4ceb3b-3f96-45df-b6ed-b17b175ad1fc,search_performed,92,sim-u92-s3,,ergonomic desk,synthetic,1,2026-03-29T07:00:22.303639+00:00,"{""search_query"": ""ergonomic desk""}"
8c967168-6fba-4458-b68f-569d341b998d,product_clicked,92,sim-u92-s3,20,,synthetic,2,2026-03-29T07:01:21.303639+00:00,"{""category_id"": 8}"
7c9f6d59-fbc3-4dac-987a-167c452541d9,product_viewed,92,sim-u92-s3,20,,synthetic,1,2026-03-29T07:01:52.303639+00:00,"{""category_id"": 8}"
47a779d6-acf3-4eb5-8a4e-04d37a99441b,cart_viewed,92,sim-u92-s3,,open cart,synthetic,1,2026-03-29T07:03:59.303639+00:00,{}
b7da86e3-4d85-4c38-96ed-6f9012f78c35,cart_item_added,92,sim-u92-s3,20,,synthetic,4,2026-03-29T07:06:39.303639+00:00,"{""category_id"": 8}"
8b5d5fb3-dd33-4a57-b553-352b16b4a72c,checkout_started,92,sim-u92-s3,,checkout,synthetic,4,2026-03-29T07:09:22.303639+00:00,{}
cc7f51fe-c2fd-4372-ab55-2f7b2162c56b,order_created,92,sim-u92-s3,20,,synthetic,5,2026-03-29T07:11:10.303639+00:00,"{""category_id"": 8}"
c61d1255-93df-4ed6-a2e5-a168c70b6ef3,order_cancelled,92,sim-u92-s3,20,,synthetic,-2,2026-03-29T07:13:24.303639+00:00,"{""category_id"": 8}"
340fdc7e-4b00-4450-ac07-e246416c647a,chat_message_sent,92,sim-u92-s3,20,Tu van cho toi mot san pham phu hop nhu cau,synthetic,2,2026-03-29T07:15:35.303639+00:00,"{""category_id"": 8, ""intent"": ""advice""}"
26d84bc7-3cdc-44da-a7c7-73bc1dfd1ee1,search_performed,92,sim-u92-s3,,usb c hub,synthetic,1,2026-03-29T07:17:42.303639+00:00,"{""search_query"": ""usb c hub""}"
5a89d25d-566e-4402-99ff-446a37babc73,product_clicked,92,sim-u92-s3,33,,synthetic,2,2026-03-29T07:20:16.303639+00:00,"{""category_id"": 14}"
e31e8ff4-70f7-443e-82ea-cad0a586caca,product_viewed,92,sim-u92-s3,33,,synthetic,1,2026-03-29T07:22:44.303639+00:00,"{""category_id"": 14}"
885430e4-0aa7-4708-bfc4-042135c69e42,cart_viewed,92,sim-u92-s3,,open cart,synthetic,1,2026-03-29T07:23:46.303639+00:00,{}
ef882611-6266-4cbb-b94b-30d685ebd043,cart_item_added,92,sim-u92-s3,33,,synthetic,4,2026-03-29T07:26:39.303639+00:00,"{""category_id"": 14}"
c7a8ba6a-88f5-4bad-a759-32e18a099016,cart_item_quantity_updated,92,sim-u92-s3,33,,synthetic,3,2026-03-29T07:28:13.303639+00:00,"{""category_id"": 14, ""quantity"": 2}"
6c3bee49-f474-4b6a-8c36-6f2a9c96566a,chat_started,70,sim-u70-s2,,start session,synthetic,1,2026-03-29T07:30:49.303639+00:00,"{""channel"": ""web""}"
44a500cd-415e-4534-b7c4-1a0004a8d3d4,cart_item_removed,92,sim-u92-s3,33,,synthetic,1,2026-03-29T07:30:57.303639+00:00,"{""category_id"": 14}"
5a8959a8-4ea1-4d2e-9feb-45f76d91f482,checkout_started,92,sim-u92-s3,,checkout,synthetic,4,2026-03-29T07:31:32.303639+00:00,{}
713bdbcf-6edd-49c8-87be-2a88afb281fe,search_performed,70,sim-u70-s2,,office chair,synthetic,1,2026-03-29T07:32:10.303639+00:00,"{""search_query"": ""office chair""}"
e3cccc43-6621-4ad0-9022-579e48d14645,order_created,92,sim-u92-s3,33,,synthetic,5,2026-03-29T07:32:40.303639+00:00,"{""category_id"": 14}"
2ac35167-51cd-453f-8f67-bbeb7c2707ce,product_clicked,70,sim-u70-s2,27,,synthetic,2,2026-03-29T07:34:12.303639+00:00,"{""category_id"": 11}"
83af6406-65e0-497c-9dea-2fb712655b89,order_paid,92,sim-u92-s3,33,,synthetic,6,2026-03-29T07:34:41.303639+00:00,"{""category_id"": 14}"
12d995ab-fe07-4437-9e8e-8cf594456bb2,product_viewed,70,sim-u70-s2,27,,synthetic,1,2026-03-29T07:34:54.303639+00:00,"{""category_id"": 11}"
256b9b13-b8ce-4a52-a615-e3bd2d9703d0,cart_viewed,70,sim-u70-s2,,open cart,synthetic,1,2026-03-29T07:36:07.303639+00:00,{}
a2fa0550-a32e-40d0-a559-151bc98eba4c,order_completed,92,sim-u92-s3,33,,synthetic,6,2026-03-29T07:37:07.303639+00:00,"{""category_id"": 14}"
f049033a-4d16-4086-9927-b75c8b73677a,cart_item_added,70,sim-u70-s2,27,,synthetic,4,2026-03-29T07:37:08.303639+00:00,"{""category_id"": 11}"
f9618fbd-23e9-4b6d-aae7-2a792fc59f00,chat_message_sent,92,sim-u92-s3,33,Tu van cho toi mot san pham phu hop nhu cau,synthetic,2,2026-03-29T07:38:09.303639+00:00,"{""category_id"": 14, ""intent"": ""advice""}"
8310d520-e47f-42d9-bebb-f2a5dcc3d138,cart_item_quantity_updated,70,sim-u70-s2,27,,synthetic,3,2026-03-29T07:38:40.303639+00:00,"{""category_id"": 11, ""quantity"": 3}"
fa3d2a96-72d2-49c7-aeeb-0310ec3ab22a,checkout_started,70,sim-u70-s2,,checkout,synthetic,4,2026-03-29T07:39:39.303639+00:00,{}
5d671d37-45f7-4d80-b827-21f5fd867766,search_performed,92,sim-u92-s3,,laptop stand,synthetic,1,2026-03-29T07:40:07.303639+00:00,"{""search_query"": ""laptop stand""}"
810a792b-7551-473a-84a3-3a7b5192e53a,order_created,70,sim-u70-s2,27,,synthetic,5,2026-03-29T07:40:29.303639+00:00,"{""category_id"": 11}"
c5be24c0-1d71-4b54-974c-452eb6e14f73,order_paid,70,sim-u70-s2,27,,synthetic,6,2026-03-29T07:42:39.303639+00:00,"{""category_id"": 11}"
dad6ca3c-70b0-4e16-b27d-185245da0826,product_clicked,92,sim-u92-s3,21,,synthetic,2,2026-03-29T07:42:50.303639+00:00,"{""category_id"": 8}"
b77ff546-2d9d-4cb4-b4c5-b1f25c978d27,order_completed,70,sim-u70-s2,27,,synthetic,6,2026-03-29T07:44:18.303639+00:00,"{""category_id"": 11}"
bf1beda7-c9d7-4244-8151-656d9d8eb659,product_viewed,92,sim-u92-s3,21,,synthetic,1,2026-03-29T07:44:49.303639+00:00,"{""category_id"": 8}"
f84e2a58-e5c1-419c-bdd4-8a19810db445,search_performed,70,sim-u70-s2,,office chair,synthetic,1,2026-03-29T07:46:09.303639+00:00,"{""search_query"": ""office chair""}"
7bcbc24e-0c3d-4bd2-bd2b-8149af323608,cart_viewed,92,sim-u92-s3,,open cart,synthetic,1,2026-03-29T07:46:18.303639+00:00,{}
474b3fd2-cc36-43a4-b5cf-6e221955e324,product_clicked,70,sim-u70-s2,16,,synthetic,2,2026-03-29T07:46:53.303639+00:00,"{""category_id"": 6}"
b6bf2b76-f7b7-4749-966f-62c13b70aa01,cart_item_added,92,sim-u92-s3,21,,synthetic,4,2026-03-29T07:47:30.303639+00:00,"{""category_id"": 8}"
3d1d5186-6dd4-42d2-bda5-7f9bd2c38cfd,product_viewed,70,sim-u70-s2,16,,synthetic,1,2026-03-29T07:48:47.303639+00:00,"{""category_id"": 6}"
20707355-55e2-4d01-aed1-ef7d05f10b7d,cart_item_quantity_updated,92,sim-u92-s3,21,,synthetic,3,2026-03-29T07:50:16.303639+00:00,"{""category_id"": 8, ""quantity"": 2}"
8f2b6186-0c28-453a-8e8c-8d6853d0e434,cart_item_removed,92,sim-u92-s3,21,,synthetic,1,2026-03-29T07:50:38.303639+00:00,"{""category_id"": 8}"
18f427e8-32a3-4efd-a56f-11ee0774f246,cart_viewed,70,sim-u70-s2,,open cart,synthetic,1,2026-03-29T07:51:12.303639+00:00,{}
6cceeca0-8e02-4253-a697-e00391b9cf64,checkout_started,92,sim-u92-s3,,checkout,synthetic,4,2026-03-29T07:53:09.303639+00:00,{}
93e1c5fe-7dac-4ebf-9886-00eb9426a583,cart_item_added,70,sim-u70-s2,16,,synthetic,4,2026-03-29T07:53:26.303639+00:00,"{""category_id"": 6}"
62d72db4-10d4-42fe-98f5-1b6fd039f3c9,order_created,92,sim-u92-s3,21,,synthetic,5,2026-03-29T07:55:25.303639+00:00,"{""category_id"": 8}"
51d00872-7dfd-4574-9e97-1529ee63dfed,checkout_started,70,sim-u70-s2,,checkout,synthetic,4,2026-03-29T07:56:10.303639+00:00,{}
0c30c548-8204-4024-b957-502ab6dd63f5,order_paid,92,sim-u92-s3,21,,synthetic,6,2026-03-29T07:57:59.303639+00:00,"{""category_id"": 8}"
c12d0173-1442-4a35-a58c-5d794d15f80c,order_created,70,sim-u70-s2,16,,synthetic,5,2026-03-29T07:59:03.303639+00:00,"{""category_id"": 6}"
512e4ebe-7ddd-4970-95e1-ff4207b7105c,order_completed,92,sim-u92-s3,21,,synthetic,6,2026-03-29T07:59:25.303639+00:00,"{""category_id"": 8}"
13382d25-b599-4e01-84b6-27b404170fe5,chat_message_sent,92,sim-u92-s3,21,San pham nay co uu diem gi,synthetic,2,2026-03-29T08:01:00.303639+00:00,"{""category_id"": 8, ""intent"": ""advice""}"
7a6f9e1b-9885-48ed-8479-720d2a936e92,order_paid,70,sim-u70-s2,16,,synthetic,6,2026-03-29T08:01:11.303639+00:00,"{""category_id"": 6}"
837f03f5-45c0-4be5-8be6-b0bab9305bb3,order_completed,70,sim-u70-s2,16,,synthetic,6,2026-03-29T08:03:05.303639+00:00,"{""category_id"": 6}"
949fb33c-4880-4514-ba0a-5ef8b8690a18,chat_message_sent,70,sim-u70-s2,16,Co goi y san pham thay the khong,synthetic,2,2026-03-29T08:05:14.303639+00:00,"{""category_id"": 6, ""intent"": ""advice""}"
57116a98-ad16-4ca7-98f3-836a5c508b89,chat_started,30,sim-u30-s2,,start session,synthetic,1,2026-03-29T09:17:59.303639+00:00,"{""channel"": ""web""}"
bfe778a8-ef99-4c54-9de1-1f69b7d71435,search_performed,30,sim-u30-s2,,office chair,synthetic,1,2026-03-29T09:18:50.303639+00:00,"{""search_query"": ""office chair""}"
773d1c7e-e235-4a83-b69b-36a06bf9791c,product_clicked,30,sim-u30-s2,32,,synthetic,2,2026-03-29T09:19:13.303639+00:00,"{""category_id"": 14}"
05098b90-dd09-470f-b7e9-c357596bbc3a,product_viewed,30,sim-u30-s2,32,,synthetic,1,2026-03-29T09:19:48.303639+00:00,"{""category_id"": 14}"
31dc43ae-8a31-4d81-b8e0-0bea5b82a218,search_performed,30,sim-u30-s2,,ergonomic desk,synthetic,1,2026-03-29T09:21:50.303639+00:00,"{""search_query"": ""ergonomic desk""}"
596b6cfd-b3a3-489e-b9ff-c4a53891573c,product_clicked,30,sim-u30-s2,31,,synthetic,2,2026-03-29T09:23:45.303639+00:00,"{""category_id"": 13}"
e314d81e-8238-47d2-a147-905f2d1e0313,product_viewed,30,sim-u30-s2,31,,synthetic,1,2026-03-29T09:24:26.303639+00:00,"{""category_id"": 13}"
22e98652-524b-4ba0-bb44-032b50227f38,cart_viewed,30,sim-u30-s2,,open cart,synthetic,1,2026-03-29T09:25:52.303639+00:00,{}
7c3578b2-8da3-454f-a5f9-2e913b0a848e,cart_item_added,30,sim-u30-s2,31,,synthetic,4,2026-03-29T09:26:31.303639+00:00,"{""category_id"": 13}"
12fe12ea-a94f-401c-ae49-d50a9513fa2a,cart_item_quantity_updated,30,sim-u30-s2,31,,synthetic,3,2026-03-29T09:27:41.303639+00:00,"{""category_id"": 13, ""quantity"": 2}"
8ef8e439-6be4-4835-ad88-0f79446b40c8,checkout_started,30,sim-u30-s2,,checkout,synthetic,4,2026-03-29T09:29:54.303639+00:00,{}
a53a56d6-e1ce-4a5d-aa09-7d755640b1b1,order_created,30,sim-u30-s2,31,,synthetic,5,2026-03-29T09:30:46.303639+00:00,"{""category_id"": 13}"
181b5656-1a16-46b0-ae3f-b447d121323a,order_paid,30,sim-u30-s2,31,,synthetic,6,2026-03-29T09:32:30.303639+00:00,"{""category_id"": 13}"
e9aa1c2e-b392-4a82-b2a3-bac41342e377,order_completed,30,sim-u30-s2,31,,synthetic,6,2026-03-29T09:33:21.303639+00:00,"{""category_id"": 13}"
7ef20cdb-10fc-4039-beec-a2206eaff951,chat_message_sent,30,sim-u30-s2,31,Co goi y san pham thay the khong,synthetic,2,2026-03-29T09:33:53.303639+00:00,"{""category_id"": 13, ""intent"": ""advice""}"
7ff6fa92-2910-4399-9ce5-b191a9d3c440,chat_started,32,sim-u32-s2,,start session,synthetic,1,2026-03-29T11:18:54.303639+00:00,"{""channel"": ""web""}"
f4e10524-5a2a-4619-8ece-823f04f78a15,search_performed,32,sim-u32-s2,,mechanical keyboard,synthetic,1,2026-03-29T11:19:36.303639+00:00,"{""search_query"": ""mechanical keyboard""}"
f1dc9fd3-384e-4c2f-8460-5dd827fc2fc7,chat_started,62,sim-u62-s1,,start session,synthetic,1,2026-03-29T11:21:05.303639+00:00,"{""channel"": ""web""}"
77889dcb-f464-47ca-a087-c111e2034f94,product_clicked,32,sim-u32-s2,35,,synthetic,2,2026-03-29T11:21:11.303639+00:00,"{""category_id"": 15}"
2768bc7b-ba4c-4eb9-b42a-6442a6a2e24c,search_performed,62,sim-u62-s1,,usb c hub,synthetic,1,2026-03-29T11:23:48.303639+00:00,"{""search_query"": ""usb c hub""}"
e02bba82-9f38-4abe-b5e5-19c0d7971c4f,product_viewed,32,sim-u32-s2,35,,synthetic,1,2026-03-29T11:24:11.303639+00:00,"{""category_id"": 15}"
3b4916bf-3478-4fd0-8f12-b7c513d4f539,cart_viewed,32,sim-u32-s2,,open cart,synthetic,1,2026-03-29T11:25:22.303639+00:00,{}
9f08ed62-1625-40bd-b640-7893dc3b316c,cart_item_added,32,sim-u32-s2,35,,synthetic,4,2026-03-29T11:26:06.303639+00:00,"{""category_id"": 15}"
7ba1ee70-b536-43ad-9bed-aecd36e00a21,product_clicked,62,sim-u62-s1,26,,synthetic,2,2026-03-29T11:26:06.303639+00:00,"{""category_id"": 11}"
501a1daf-7b47-47ae-bd96-68c8f22fb463,product_viewed,62,sim-u62-s1,26,,synthetic,1,2026-03-29T11:27:23.303639+00:00,"{""category_id"": 11}"
0dddd4b8-d22d-45b7-b874-42382872d626,cart_item_quantity_updated,32,sim-u32-s2,35,,synthetic,3,2026-03-29T11:27:40.303639+00:00,"{""category_id"": 15, ""quantity"": 2}"
8a5d475d-46d2-4238-a5e2-fedf0db32aba,cart_viewed,62,sim-u62-s1,,open cart,synthetic,1,2026-03-29T11:27:43.303639+00:00,{}
063c76b7-54c1-42ca-a09f-bdc880c956ec,cart_item_added,62,sim-u62-s1,26,,synthetic,4,2026-03-29T11:28:42.303639+00:00,"{""category_id"": 11}"
187897e7-b59b-4584-a8fe-9ab76ceba735,checkout_started,32,sim-u32-s2,,checkout,synthetic,4,2026-03-29T11:30:01.303639+00:00,{}
880ac3d7-7863-49e7-826b-5c821ed2bc62,order_created,32,sim-u32-s2,35,,synthetic,5,2026-03-29T11:30:50.303639+00:00,"{""category_id"": 15}"
c133b7df-487c-4b62-95f8-def3b9c1e32f,cart_item_quantity_updated,62,sim-u62-s1,26,,synthetic,3,2026-03-29T11:31:02.303639+00:00,"{""category_id"": 11, ""quantity"": 4}"
5c973bcd-6bd5-427b-a38f-a74758037bcc,cart_item_removed,62,sim-u62-s1,26,,synthetic,1,2026-03-29T11:32:35.303639+00:00,"{""category_id"": 11}"
bf239138-7877-461c-9ade-cb1d822b08b2,order_paid,32,sim-u32-s2,35,,synthetic,6,2026-03-29T11:32:51.303639+00:00,"{""category_id"": 15}"
262ff85d-0370-43c2-8895-89761a70d407,checkout_started,62,sim-u62-s1,,checkout,synthetic,4,2026-03-29T11:34:41.303639+00:00,{}
6254f6f5-4407-4047-8535-79e6b50599ed,order_completed,32,sim-u32-s2,35,,synthetic,6,2026-03-29T11:35:11.303639+00:00,"{""category_id"": 15}"
582107c0-369c-4104-b723-afd74e876db4,order_created,62,sim-u62-s1,26,,synthetic,5,2026-03-29T11:35:46.303639+00:00,"{""category_id"": 11}"
1661d3ac-7b59-49d9-b7ad-520459a7f00b,chat_message_sent,32,sim-u32-s2,35,Nen chon mau nao cho cong viec van phong,synthetic,2,2026-03-29T11:35:54.303639+00:00,"{""category_id"": 15, ""intent"": ""advice""}"
e4c481ee-b8c3-4396-a37e-d462123459a2,order_paid,62,sim-u62-s1,26,,synthetic,6,2026-03-29T11:37:08.303639+00:00,"{""category_id"": 11}"
b604cec9-8dae-4c36-82a4-3089bf45347f,order_completed,62,sim-u62-s1,26,,synthetic,6,2026-03-29T11:37:35.303639+00:00,"{""category_id"": 11}"
23555abf-81a3-4d0b-ba87-d9763d283f33,search_performed,32,sim-u32-s2,,laptop stand,synthetic,1,2026-03-29T11:37:53.303639+00:00,"{""search_query"": ""laptop stand""}"
622f27c0-1a14-4469-bdf8-c2a9859edf79,product_clicked,32,sim-u32-s2,15,,synthetic,2,2026-03-29T11:39:00.303639+00:00,"{""category_id"": 5}"
c320d117-d6fe-4a7c-93f3-3d0d039a4769,chat_message_sent,62,sim-u62-s1,26,Nen chon mau nao cho cong viec van phong,synthetic,2,2026-03-29T11:40:01.303639+00:00,"{""category_id"": 11, ""intent"": ""advice""}"
f96677e6-3013-46a7-8f97-d18d79f83169,product_viewed,32,sim-u32-s2,15,,synthetic,1,2026-03-29T11:40:54.303639+00:00,"{""category_id"": 5}"
b9e1dd0c-9213-4010-9c6a-bd4e28b27ac7,chat_message_sent,32,sim-u32-s2,15,Co goi y san pham thay the khong,synthetic,2,2026-03-29T11:41:25.303639+00:00,"{""category_id"": 5, ""intent"": ""advice""}"
1dd6a3af-a5e3-4ae9-953d-7608db307387,search_performed,62,sim-u62-s1,,webcam full hd,synthetic,1,2026-03-29T11:41:53.303639+00:00,"{""search_query"": ""webcam full hd""}"
5c883f01-1969-4293-8e04-0de344e8196f,product_clicked,62,sim-u62-s1,33,,synthetic,2,2026-03-29T11:44:41.303639+00:00,"{""category_id"": 14}"
1be98e3f-7318-491e-b19f-08d6851650fe,product_viewed,62,sim-u62-s1,33,,synthetic,1,2026-03-29T11:47:04.303639+00:00,"{""category_id"": 14}"
3c2fd140-470d-430a-942f-ff85e7c6efa4,cart_viewed,62,sim-u62-s1,,open cart,synthetic,1,2026-03-29T11:48:30.303639+00:00,{}
3e8b5ddf-f09f-4a24-82ac-614de796c61f,cart_item_added,62,sim-u62-s1,33,,synthetic,4,2026-03-29T11:51:30.303639+00:00,"{""category_id"": 14}"
60b8f160-c4e1-4a6a-8fe9-e81065fd7d5a,checkout_started,62,sim-u62-s1,,checkout,synthetic,4,2026-03-29T11:52:20.303639+00:00,{}
37361409-038a-4a50-996e-d85c7978352d,order_created,62,sim-u62-s1,33,,synthetic,5,2026-03-29T11:54:15.303639+00:00,"{""category_id"": 14}"
f5766ac4-558a-46c0-99af-19ec4c344dac,order_paid,62,sim-u62-s1,33,,synthetic,6,2026-03-29T11:57:02.303639+00:00,"{""category_id"": 14}"
b9358346-bbed-4323-9f00-0a350880f1ab,order_completed,62,sim-u62-s1,33,,synthetic,6,2026-03-29T11:57:26.303639+00:00,"{""category_id"": 14}"
a06f246a-62f5-4172-8efb-7e8768a33198,search_performed,62,sim-u62-s1,,webcam full hd,synthetic,1,2026-03-29T11:58:00.303639+00:00,"{""search_query"": ""webcam full hd""}"
9422030a-4a5e-4db5-bde0-9b86913e6173,product_clicked,62,sim-u62-s1,30,,synthetic,2,2026-03-29T11:58:57.303639+00:00,"{""category_id"": 13}"
2890552c-c866-4345-b314-4b5222443932,product_viewed,62,sim-u62-s1,30,,synthetic,1,2026-03-29T12:00:38.303639+00:00,"{""category_id"": 13}"
11d6e7c4-1bfb-43f8-a0e1-273d2a0451a4,cart_viewed,62,sim-u62-s1,,open cart,synthetic,1,2026-03-29T12:01:32.303639+00:00,{}
7e5b660d-43cc-4259-a3a8-1c613ed32244,cart_item_added,62,sim-u62-s1,30,,synthetic,4,2026-03-29T12:03:23.303639+00:00,"{""category_id"": 13}"
a4aad4d6-c465-41a7-9cbd-21aa1c3ecc36,cart_item_quantity_updated,62,sim-u62-s1,30,,synthetic,3,2026-03-29T12:05:15.303639+00:00,"{""category_id"": 13, ""quantity"": 3}"
f6c044b7-8581-4296-911b-60169157c944,checkout_started,62,sim-u62-s1,,checkout,synthetic,4,2026-03-29T12:07:06.303639+00:00,{}
3dd5a1d8-5ca1-4d15-a31b-a17d3467f993,order_created,62,sim-u62-s1,30,,synthetic,5,2026-03-29T12:07:38.303639+00:00,"{""category_id"": 13}"
be20d550-393c-4689-8eb4-69c892e7b7bd,chat_started,86,sim-u86-s3,,start session,synthetic,1,2026-03-29T12:09:34.303639+00:00,"{""channel"": ""web""}"
cbc1c90a-c6c1-42b5-9c28-ac6f764a95ff,order_paid,62,sim-u62-s1,30,,synthetic,6,2026-03-29T12:10:13.303639+00:00,"{""category_id"": 13}"
74566fc1-21b6-44b3-9c69-98c5509a7a30,order_completed,62,sim-u62-s1,30,,synthetic,6,2026-03-29T12:10:52.303639+00:00,"{""category_id"": 13}"
3541aabd-ba40-4382-bddf-80fc87c15200,search_performed,86,sim-u86-s3,,laptop stand,synthetic,1,2026-03-29T12:10:55.303639+00:00,"{""search_query"": ""laptop stand""}"
c99ef89e-b9a0-4fe0-9d2f-de6444a01c2a,chat_message_sent,62,sim-u62-s1,30,San pham nay co uu diem gi,synthetic,2,2026-03-29T12:11:36.303639+00:00,"{""category_id"": 13, ""intent"": ""advice""}"
c2a06632-a7f7-40e7-ac31-6737a5749191,product_clicked,86,sim-u86-s3,20,,synthetic,2,2026-03-29T12:12:17.303639+00:00,"{""category_id"": 8}"
5a2fd068-ea40-4079-bb15-93f2007252b6,product_viewed,86,sim-u86-s3,20,,synthetic,1,2026-03-29T12:13:31.303639+00:00,"{""category_id"": 8}"
0793e015-d42f-4d82-b20f-67c79c7d4da4,cart_viewed,86,sim-u86-s3,,open cart,synthetic,1,2026-03-29T12:14:13.303639+00:00,{}
4fcc49db-83c5-4d5f-a28b-1d907f5dd9fe,cart_item_added,86,sim-u86-s3,20,,synthetic,4,2026-03-29T12:15:00.303639+00:00,"{""category_id"": 8}"
16ac6e23-ed7c-4b9e-8d7d-ed002a38a58d,cart_item_quantity_updated,86,sim-u86-s3,20,,synthetic,3,2026-03-29T12:15:27.303639+00:00,"{""category_id"": 8, ""quantity"": 4}"
dd4e8926-2358-44aa-b276-a2ad71052a6a,cart_item_removed,86,sim-u86-s3,20,,synthetic,1,2026-03-29T12:17:10.303639+00:00,"{""category_id"": 8}"
b48d51b6-39b0-4bec-9301-3b220987dcfb,checkout_started,86,sim-u86-s3,,checkout,synthetic,4,2026-03-29T12:19:08.303639+00:00,{}
fec6d5c7-fd68-4041-94ad-e45fb0afd102,order_created,86,sim-u86-s3,20,,synthetic,5,2026-03-29T12:20:39.303639+00:00,"{""category_id"": 8}"
6fa014ce-dbbc-4471-baec-a780584a2813,order_paid,86,sim-u86-s3,20,,synthetic,6,2026-03-29T12:22:04.303639+00:00,"{""category_id"": 8}"
5d6ec246-7db1-443a-a287-e80a2a681c21,order_completed,86,sim-u86-s3,20,,synthetic,6,2026-03-29T12:24:25.303639+00:00,"{""category_id"": 8}"
62f357cb-830f-4dbf-a511-e01d445d0e82,chat_message_sent,86,sim-u86-s3,,Tu van cho toi mot san pham phu hop nhu cau,synthetic,2,2026-03-29T12:25:19.303639+00:00,"{""intent"": ""followup""}"
16359a29-9426-46fc-81ea-248419d8e8fc,chat_started,89,sim-u89-s2,,start session,synthetic,1,2026-03-29T12:49:19.303639+00:00,"{""channel"": ""web""}"
e4438724-d496-4c8b-a129-86ac1861c635,search_performed,89,sim-u89-s2,,office chair,synthetic,1,2026-03-29T12:52:06.303639+00:00,"{""search_query"": ""office chair""}"
94009e89-5343-4927-b111-bfffdf3d36d8,product_clicked,89,sim-u89-s2,34,,synthetic,2,2026-03-29T12:53:18.303639+00:00,"{""category_id"": 15}"
65b246c7-dad6-4dd5-9f25-21eda1cc9850,product_viewed,89,sim-u89-s2,34,,synthetic,1,2026-03-29T12:54:19.303639+00:00,"{""category_id"": 15}"
31d4ff86-7628-4635-9938-7befb5827b52,cart_viewed,89,sim-u89-s2,,open cart,synthetic,1,2026-03-29T12:55:44.303639+00:00,{}
80275e5f-ed25-4e30-81a5-57caea636384,cart_item_added,89,sim-u89-s2,34,,synthetic,4,2026-03-29T12:56:12.303639+00:00,"{""category_id"": 15}"
838a0964-f00f-4e83-bd3e-499105008408,cart_item_quantity_updated,89,sim-u89-s2,34,,synthetic,3,2026-03-29T12:58:41.303639+00:00,"{""category_id"": 15, ""quantity"": 2}"
906cc48d-2b12-4b46-b8e8-1fa21a0ec45f,checkout_started,89,sim-u89-s2,,checkout,synthetic,4,2026-03-29T13:01:20.303639+00:00,{}
bf8ed7cc-adc3-4366-a17f-f24e5c7c270c,order_created,89,sim-u89-s2,34,,synthetic,5,2026-03-29T13:02:23.303639+00:00,"{""category_id"": 15}"
3e8a3e82-6fbb-446b-8c4e-63323b0e2617,order_paid,89,sim-u89-s2,34,,synthetic,6,2026-03-29T13:02:43.303639+00:00,"{""category_id"": 15}"
f1996954-3d94-4902-a0be-c4c171c26361,order_completed,89,sim-u89-s2,34,,synthetic,6,2026-03-29T13:04:06.303639+00:00,"{""category_id"": 15}"
f1d2f1a0-b65b-48e6-b439-2f522f803990,chat_message_sent,89,sim-u89-s2,34,Nen chon mau nao cho cong viec van phong,synthetic,2,2026-03-29T13:06:42.303639+00:00,"{""category_id"": 15, ""intent"": ""advice""}"
f19addfd-59b4-4e65-b657-de18a56c98f1,chat_started,7,sim-u7-s1,,start session,synthetic,1,2026-03-29T13:27:42.303639+00:00,"{""channel"": ""web""}"
113356d7-4317-40e7-a062-d018b50489ce,search_performed,7,sim-u7-s1,,noise cancelling headset,synthetic,1,2026-03-29T13:28:05.303639+00:00,"{""search_query"": ""noise cancelling headset""}"
38f9b512-ae2c-49d9-9a21-e79f4e42a645,product_clicked,7,sim-u7-s1,19,,synthetic,2,2026-03-29T13:30:12.303639+00:00,"{""category_id"": 7}"
aa90259e-1390-4dab-87e9-71d5ea20b272,product_viewed,7,sim-u7-s1,19,,synthetic,1,2026-03-29T13:32:37.303639+00:00,"{""category_id"": 7}"
6d66c948-c414-46ae-a2c6-4d0d5d6b6afb,cart_viewed,7,sim-u7-s1,,open cart,synthetic,1,2026-03-29T13:34:29.303639+00:00,{}
7b98e14f-d4bd-43bc-a457-facac04a81c2,cart_item_added,7,sim-u7-s1,19,,synthetic,4,2026-03-29T13:36:46.303639+00:00,"{""category_id"": 7}"
5cd4924b-fcc1-4c21-86c9-7f86b678fb18,checkout_started,7,sim-u7-s1,,checkout,synthetic,4,2026-03-29T13:39:19.303639+00:00,{}
a3d0ce25-55f4-4562-ba17-06dd414a7eb4,order_created,7,sim-u7-s1,19,,synthetic,5,2026-03-29T13:40:48.303639+00:00,"{""category_id"": 7}"
6365fce5-f743-4e80-9a42-8f39fe150360,order_paid,7,sim-u7-s1,19,,synthetic,6,2026-03-29T13:43:25.303639+00:00,"{""category_id"": 7}"
53b96097-a331-4881-a1de-19cd52a215a2,order_completed,7,sim-u7-s1,19,,synthetic,6,2026-03-29T13:45:48.303639+00:00,"{""category_id"": 7}"
5c7664c7-0506-4eaa-a800-fe1dbfd78623,chat_message_sent,7,sim-u7-s1,19,Nen chon mau nao cho cong viec van phong,synthetic,2,2026-03-29T13:47:30.303639+00:00,"{""category_id"": 7, ""intent"": ""advice""}"
d5e96057-11b7-4603-9352-d3fb288e92e1,chat_started,88,sim-u88-s2,,start session,synthetic,1,2026-03-29T14:42:17.303639+00:00,"{""channel"": ""web""}"
808cf4fb-4a26-4b56-b544-50a7e8b15b03,search_performed,88,sim-u88-s2,,noise cancelling headset,synthetic,1,2026-03-29T14:44:17.303639+00:00,"{""search_query"": ""noise cancelling headset""}"
9d497d34-409f-4195-b80b-825526363501,product_clicked,88,sim-u88-s2,20,,synthetic,2,2026-03-29T14:46:17.303639+00:00,"{""category_id"": 8}"
cb12064f-e67c-438a-9a9e-b428bb13dc70,product_viewed,88,sim-u88-s2,20,,synthetic,1,2026-03-29T14:46:55.303639+00:00,"{""category_id"": 8}"
4319ebe2-8e6b-4c2b-b508-2dc0f4b1c206,cart_viewed,88,sim-u88-s2,,open cart,synthetic,1,2026-03-29T14:48:27.303639+00:00,{}
2e5fc1d2-1b38-415d-bbab-391016a590e7,cart_item_added,88,sim-u88-s2,20,,synthetic,4,2026-03-29T14:49:59.303639+00:00,"{""category_id"": 8}"
cfb673ee-9395-4d6d-a955-608814e3bfa3,cart_item_removed,88,sim-u88-s2,20,,synthetic,1,2026-03-29T14:52:39.303639+00:00,"{""category_id"": 8}"
0b2f2177-8d82-4133-b9be-6ea6b1d1793f,checkout_started,88,sim-u88-s2,,checkout,synthetic,4,2026-03-29T14:54:39.303639+00:00,{}
e80f3faa-c951-45a3-bef8-c0374d3c8fa8,order_created,88,sim-u88-s2,20,,synthetic,5,2026-03-29T14:55:23.303639+00:00,"{""category_id"": 8}"
5699a7e3-032f-47e4-afe4-e448482abdac,order_paid,88,sim-u88-s2,20,,synthetic,6,2026-03-29T14:58:11.303639+00:00,"{""category_id"": 8}"
6bf03530-635d-4b48-b15f-92cac1d039fd,order_completed,88,sim-u88-s2,20,,synthetic,6,2026-03-29T14:58:44.303639+00:00,"{""category_id"": 8}"
efaeb6b5-4ebf-4ea7-b3c0-713b7d767b98,search_performed,88,sim-u88-s2,,monitor 27 inch,synthetic,1,2026-03-29T15:01:01.303639+00:00,"{""search_query"": ""monitor 27 inch""}"
584e05d7-9623-48fa-823f-2a08b4ff8235,product_clicked,88,sim-u88-s2,13,,synthetic,2,2026-03-29T15:02:02.303639+00:00,"{""category_id"": 4}"
5854be78-3045-4cd3-88a5-9fbbed0935f6,product_viewed,88,sim-u88-s2,13,,synthetic,1,2026-03-29T15:04:49.303639+00:00,"{""category_id"": 4}"
0243692d-aad2-4690-bfd8-8b12513bf882,cart_viewed,88,sim-u88-s2,,open cart,synthetic,1,2026-03-29T15:07:12.303639+00:00,{}
08917a40-b9c3-418e-b076-a273a0afa97e,cart_item_added,88,sim-u88-s2,13,,synthetic,4,2026-03-29T15:08:46.303639+00:00,"{""category_id"": 4}"
ab1409e4-b941-4d4c-a608-515742a9e028,cart_item_removed,88,sim-u88-s2,13,,synthetic,1,2026-03-29T15:09:56.303639+00:00,"{""category_id"": 4}"
39fe8b01-5aca-4647-9fa7-6772ad4219d6,checkout_started,88,sim-u88-s2,,checkout,synthetic,4,2026-03-29T15:10:18.303639+00:00,{}
3a70a527-eb97-4507-9272-61bf8a3dfe17,order_created,88,sim-u88-s2,13,,synthetic,5,2026-03-29T15:12:10.303639+00:00,"{""category_id"": 4}"
9879802a-c97a-403d-bee7-c9e6661e5e06,order_paid,88,sim-u88-s2,13,,synthetic,6,2026-03-29T15:14:57.303639+00:00,"{""category_id"": 4}"
a74fb365-a796-4930-a265-ba584cc1e7f5,order_completed,88,sim-u88-s2,13,,synthetic,6,2026-03-29T15:15:43.303639+00:00,"{""category_id"": 4}"
1c39c17e-16ff-4e0c-a2fd-328cbea97496,chat_message_sent,88,sim-u88-s2,13,San pham nay co uu diem gi,synthetic,2,2026-03-29T15:17:39.303639+00:00,"{""category_id"": 4, ""intent"": ""advice""}"
add6a032-bc9d-4343-ae71-b33c8014f887,search_performed,88,sim-u88-s2,,office chair,synthetic,1,2026-03-29T15:18:13.303639+00:00,"{""search_query"": ""office chair""}"
0388c0a8-b01b-455d-9866-46311c9dedb4,product_clicked,88,sim-u88-s2,22,,synthetic,2,2026-03-29T15:18:57.303639+00:00,"{""category_id"": 9}"
8a119976-2a3e-41f4-bed4-c01d8935592f,product_viewed,88,sim-u88-s2,22,,synthetic,1,2026-03-29T15:20:48.303639+00:00,"{""category_id"": 9}"
54d5ea8f-f527-4f67-8695-a69055d291c0,chat_message_sent,88,sim-u88-s2,22,Tu van cho toi mot san pham phu hop nhu cau,synthetic,2,2026-03-29T15:21:38.303639+00:00,"{""category_id"": 9, ""intent"": ""advice""}"
f1ec603e-1272-4040-b805-98b718c60b6f,chat_started,54,sim-u54-s2,,start session,synthetic,1,2026-03-29T20:00:58.303639+00:00,"{""channel"": ""web""}"
1e02d8fb-0e4b-41a9-8783-03c5ae680aaa,search_performed,54,sim-u54-s2,,webcam full hd,synthetic,1,2026-03-29T20:03:22.303639+00:00,"{""search_query"": ""webcam full hd""}"
25800949-ad65-4262-ba01-ed356e744651,product_clicked,54,sim-u54-s2,6,,synthetic,2,2026-03-29T20:04:11.303639+00:00,"{""category_id"": 1}"
8b9b9619-814d-4a87-bb07-7031a297e165,product_viewed,54,sim-u54-s2,6,,synthetic,1,2026-03-29T20:07:02.303639+00:00,"{""category_id"": 1}"
741d09e9-5c12-4a33-b3fd-a0d8de47a4fd,cart_viewed,54,sim-u54-s2,,open cart,synthetic,1,2026-03-29T20:08:45.303639+00:00,{}
ef3d56e1-9927-40e6-adb7-bd88bdddfcc2,cart_item_added,54,sim-u54-s2,6,,synthetic,4,2026-03-29T20:11:27.303639+00:00,"{""category_id"": 1}"
381d38ea-1b76-4d83-9531-16b4b856c054,cart_item_quantity_updated,54,sim-u54-s2,6,,synthetic,3,2026-03-29T20:12:32.303639+00:00,"{""category_id"": 1, ""quantity"": 3}"
5d56e1d9-c8c6-4f28-9748-688eef763cc6,checkout_started,54,sim-u54-s2,,checkout,synthetic,4,2026-03-29T20:14:35.303639+00:00,{}
db9e7301-2b04-4d10-b468-0e2539aa1308,order_created,54,sim-u54-s2,6,,synthetic,5,2026-03-29T20:15:12.303639+00:00,"{""category_id"": 1}"
63f3dc8e-4ddc-40a8-8075-7ebd62ee7093,order_paid,54,sim-u54-s2,6,,synthetic,6,2026-03-29T20:18:04.303639+00:00,"{""category_id"": 1}"
671d03bd-7271-4203-a5f1-9097c3e5c4aa,order_completed,54,sim-u54-s2,6,,synthetic,6,2026-03-29T20:20:01.303639+00:00,"{""category_id"": 1}"
e4907a7b-bc9c-424d-bcb4-82fde2af1d04,chat_message_sent,54,sim-u54-s2,6,Tu van cho toi mot san pham phu hop nhu cau,synthetic,2,2026-03-29T20:20:44.303639+00:00,"{""category_id"": 1, ""intent"": ""advice""}"
da40df6c-7791-4625-9e8c-56519cba2004,search_performed,54,sim-u54-s2,,office chair,synthetic,1,2026-03-29T20:23:32.303639+00:00,"{""search_query"": ""office chair""}"
c06dccbb-7a68-4358-8f11-ce875d2ef4eb,product_clicked,54,sim-u54-s2,29,,synthetic,2,2026-03-29T20:23:52.303639+00:00,"{""category_id"": 12}"
42542b31-dd8a-4c88-8642-ea17f3b398d7,product_viewed,54,sim-u54-s2,29,,synthetic,1,2026-03-29T20:24:49.303639+00:00,"{""category_id"": 12}"
dc7b26bb-437f-4bc6-8b49-d3eddcfde82d,cart_viewed,54,sim-u54-s2,,open cart,synthetic,1,2026-03-29T20:27:04.303639+00:00,{}
fb336164-ee3c-48be-9e65-15920475e53b,cart_item_added,54,sim-u54-s2,29,,synthetic,4,2026-03-29T20:29:40.303639+00:00,"{""category_id"": 12}"
4b79c8bf-97e7-4f69-bbb5-3255bc03a5ed,cart_item_quantity_updated,54,sim-u54-s2,29,,synthetic,3,2026-03-29T20:32:27.303639+00:00,"{""category_id"": 12, ""quantity"": 4}"
3b5d73a1-b9f6-46d1-ac8a-06b162f66636,checkout_started,54,sim-u54-s2,,checkout,synthetic,4,2026-03-29T20:33:39.303639+00:00,{}
569420de-9741-4b41-865a-079b6b58aa2f,order_created,54,sim-u54-s2,29,,synthetic,5,2026-03-29T20:35:20.303639+00:00,"{""category_id"": 12}"
625353de-6d93-4f32-86f3-5e3c5c7168fd,order_paid,54,sim-u54-s2,29,,synthetic,6,2026-03-29T20:36:57.303639+00:00,"{""category_id"": 12}"
b951a832-7658-480a-b138-c9223b9bcb1f,order_completed,54,sim-u54-s2,29,,synthetic,6,2026-03-29T20:39:08.303639+00:00,"{""category_id"": 12}"
26fa117d-0ac4-41f8-9009-563dfda0673f,chat_message_sent,54,sim-u54-s2,29,Nen chon mau nao cho cong viec van phong,synthetic,2,2026-03-29T20:39:50.303639+00:00,"{""category_id"": 12, ""intent"": ""advice""}"
49251a99-49c7-4a7c-8775-e4dc88741876,search_performed,54,sim-u54-s2,,wireless mouse,synthetic,1,2026-03-29T20:42:46.303639+00:00,"{""search_query"": ""wireless mouse""}"
d2d2e8c0-5552-465a-92ea-7be8c1aa4740,product_clicked,54,sim-u54-s2,17,,synthetic,2,2026-03-29T20:45:16.303639+00:00,"{""category_id"": 6}"
7e692626-07a9-49be-949d-07f93048e821,product_viewed,54,sim-u54-s2,17,,synthetic,1,2026-03-29T20:47:19.303639+00:00,"{""category_id"": 6}"
3c9293bc-0849-4e6a-bde5-bc42246344d4,chat_started,19,sim-u19-s2,,start session,synthetic,1,2026-03-29T22:42:25.303639+00:00,"{""channel"": ""web""}"
a09e74c7-b6e5-4ac8-9ae4-d2f8d61de00c,search_performed,19,sim-u19-s2,,ergonomic desk,synthetic,1,2026-03-29T22:43:58.303639+00:00,"{""search_query"": ""ergonomic desk""}"
3bf4a5bd-8d8f-4d29-a256-02f21f880c64,product_clicked,19,sim-u19-s2,15,,synthetic,2,2026-03-29T22:45:40.303639+00:00,"{""category_id"": 5}"
0905fcd3-42e6-4753-82ff-701fe038139c,product_viewed,19,sim-u19-s2,15,,synthetic,1,2026-03-29T22:47:13.303639+00:00,"{""category_id"": 5}"
ba21fc93-71a0-4845-95cf-497244fc9023,cart_viewed,19,sim-u19-s2,,open cart,synthetic,1,2026-03-29T22:47:55.303639+00:00,{}
3bb43064-b4e6-4c1b-a5f3-fa767dd49ca9,cart_item_added,19,sim-u19-s2,15,,synthetic,4,2026-03-29T22:50:41.303639+00:00,"{""category_id"": 5}"
78a40e2a-f531-4140-bcd7-ba659184151b,cart_item_quantity_updated,19,sim-u19-s2,15,,synthetic,3,2026-03-29T22:51:10.303639+00:00,"{""category_id"": 5, ""quantity"": 4}"
a48c4339-ab48-4e4e-93ec-1f5f45c581e0,checkout_started,19,sim-u19-s2,,checkout,synthetic,4,2026-03-29T22:52:14.303639+00:00,{}
bec7e992-d74e-4e0d-aa7d-b2e6e47aff7f,order_created,19,sim-u19-s2,15,,synthetic,5,2026-03-29T22:54:20.303639+00:00,"{""category_id"": 5}"
5d9451c5-efcf-4e8b-9767-44739df6c387,order_cancelled,19,sim-u19-s2,15,,synthetic,-2,2026-03-29T22:55:25.303639+00:00,"{""category_id"": 5}"
7d363fbb-91a3-4c8f-83bb-4cf1ae967f22,search_performed,19,sim-u19-s2,,mechanical keyboard,synthetic,1,2026-03-29T22:57:51.303639+00:00,"{""search_query"": ""mechanical keyboard""}"
68981372-619d-45f9-8ddc-f5a3bf500ce8,product_clicked,19,sim-u19-s2,34,,synthetic,2,2026-03-29T22:58:58.303639+00:00,"{""category_id"": 15}"
ebde47e3-cc55-45b7-886d-13ebbffa23fb,product_viewed,19,sim-u19-s2,34,,synthetic,1,2026-03-29T23:00:32.303639+00:00,"{""category_id"": 15}"
501c67f3-55c4-4168-b246-5c1f520a98a7,chat_message_sent,19,sim-u19-s2,34,Tu van cho toi mot san pham phu hop nhu cau,synthetic,2,2026-03-29T23:02:17.303639+00:00,"{""category_id"": 15, ""intent"": ""advice""}"
ae6ce565-827c-40ac-b997-db89e74b75b3,chat_started,71,sim-u71-s2,,start session,synthetic,1,2026-03-30T03:29:31.303639+00:00,"{""channel"": ""web""}"
6b4391cb-6619-4852-b027-f602a468d93d,search_performed,71,sim-u71-s2,,office chair,synthetic,1,2026-03-30T03:31:53.303639+00:00,"{""search_query"": ""office chair""}"
bea00bb8-5ad2-4c2e-a417-a748c79270ae,product_clicked,71,sim-u71-s2,35,,synthetic,2,2026-03-30T03:34:10.303639+00:00,"{""category_id"": 15}"
f6d7816a-f280-4f35-8a7d-da4afff26546,product_viewed,71,sim-u71-s2,35,,synthetic,1,2026-03-30T03:36:13.303639+00:00,"{""category_id"": 15}"
5913bcc7-cf80-47ec-a117-482f1c3c1792,chat_message_sent,71,sim-u71-s2,,Co goi y san pham thay the khong,synthetic,2,2026-03-30T03:37:50.303639+00:00,"{""intent"": ""followup""}"
264f5b79-88b4-4a8c-abc1-fa511148f3c4,chat_started,22,sim-u22-s3,,start session,synthetic,1,2026-03-30T05:04:08.303639+00:00,"{""channel"": ""web""}"
055e252e-9971-4d64-93f0-bdc8e853d9fa,search_performed,22,sim-u22-s3,,gaming keyboard,synthetic,1,2026-03-30T05:06:42.303639+00:00,"{""search_query"": ""gaming keyboard""}"
ffc9d526-54eb-4c11-b3e1-20ba4c95d7de,product_clicked,22,sim-u22-s3,6,,synthetic,2,2026-03-30T05:07:40.303639+00:00,"{""category_id"": 1}"
07e1d619-3baa-4e58-8b69-c0e4e0930434,product_viewed,22,sim-u22-s3,6,,synthetic,1,2026-03-30T05:09:01.303639+00:00,"{""category_id"": 1}"
10f0642a-06c7-4e77-9997-55634ea45d06,cart_viewed,22,sim-u22-s3,,open cart,synthetic,1,2026-03-30T05:11:35.303639+00:00,{}
1bb0a5d5-abd6-44c0-97ee-d34f93b8dd85,cart_item_added,22,sim-u22-s3,6,,synthetic,4,2026-03-30T05:12:59.303639+00:00,"{""category_id"": 1}"
2dccc6ad-13cc-4a1c-9563-eaf6871d3d2d,checkout_started,22,sim-u22-s3,,checkout,synthetic,4,2026-03-30T05:15:00.303639+00:00,{}
7abc796f-0344-44e7-b45b-83e09ae4a90f,order_created,22,sim-u22-s3,6,,synthetic,5,2026-03-30T05:15:40.303639+00:00,"{""category_id"": 1}"
32720727-cc6f-46c7-b5a4-45715f150c3a,order_paid,22,sim-u22-s3,6,,synthetic,6,2026-03-30T05:17:43.303639+00:00,"{""category_id"": 1}"
56f3fa94-de0b-4add-8f70-3c4af4049c78,order_completed,22,sim-u22-s3,6,,synthetic,6,2026-03-30T05:20:00.303639+00:00,"{""category_id"": 1}"
fc89cf62-5edb-4bb2-ab8d-b074c5cebd1f,chat_message_sent,22,sim-u22-s3,6,San pham nay co uu diem gi,synthetic,2,2026-03-30T05:21:36.303639+00:00,"{""category_id"": 1, ""intent"": ""advice""}"
4bf56b7a-a333-4297-8661-81959b5a692b,chat_started,8,sim-u8-s3,,start session,synthetic,1,2026-03-30T05:50:33.303639+00:00,"{""channel"": ""web""}"
3dcfa700-b16e-425d-8715-08360468caa7,search_performed,8,sim-u8-s3,,mechanical keyboard,synthetic,1,2026-03-30T05:52:58.303639+00:00,"{""search_query"": ""mechanical keyboard""}"
1a465be1-7bca-45aa-99a3-981d31d18b8f,product_clicked,8,sim-u8-s3,17,,synthetic,2,2026-03-30T05:53:41.303639+00:00,"{""category_id"": 6}"
7d8a468d-3069-4402-88d0-258134ddbc8d,chat_started,88,sim-u88-s3,,start session,synthetic,1,2026-03-30T05:55:00.303639+00:00,"{""channel"": ""web""}"
18b1912e-f60b-4246-bc39-b253e9583b28,product_viewed,8,sim-u8-s3,17,,synthetic,1,2026-03-30T05:56:01.303639+00:00,"{""category_id"": 6}"
8fd09613-c678-42ce-b06a-dbdee48372b1,search_performed,88,sim-u88-s3,,mechanical keyboard,synthetic,1,2026-03-30T05:56:22.303639+00:00,"{""search_query"": ""mechanical keyboard""}"
e73359df-b026-4b5c-8882-5c6680130ebf,product_clicked,88,sim-u88-s3,31,,synthetic,2,2026-03-30T05:56:50.303639+00:00,"{""category_id"": 13}"
7b671ffd-4cf1-488c-a87f-017c86e20220,product_viewed,88,sim-u88-s3,31,,synthetic,1,2026-03-30T05:57:40.303639+00:00,"{""category_id"": 13}"
3db76a52-6fe8-4add-8a18-09d4d766e729,cart_viewed,8,sim-u8-s3,,open cart,synthetic,1,2026-03-30T05:57:46.303639+00:00,{}
16081bb6-f914-43ae-a51c-e306aab9a7ae,cart_item_added,8,sim-u8-s3,17,,synthetic,4,2026-03-30T05:59:28.303639+00:00,"{""category_id"": 6}"
76a77afc-b370-49e1-85f6-e5c405beae3b,cart_viewed,88,sim-u88-s3,,open cart,synthetic,1,2026-03-30T06:00:05.303639+00:00,{}
61c590b7-9713-44fc-8f78-835fafa3455e,checkout_started,8,sim-u8-s3,,checkout,synthetic,4,2026-03-30T06:01:12.303639+00:00,{}
141774ca-23e6-48a2-9b34-33375395cfe1,cart_item_added,88,sim-u88-s3,31,,synthetic,4,2026-03-30T06:01:42.303639+00:00,"{""category_id"": 13}"
c84e41fa-aa77-4aa7-be3e-d5db56609b8f,order_created,8,sim-u8-s3,17,,synthetic,5,2026-03-30T06:03:17.303639+00:00,"{""category_id"": 6}"
8dc3b6e8-2899-4b5d-8333-2e27913a1b5d,checkout_started,88,sim-u88-s3,,checkout,synthetic,4,2026-03-30T06:03:38.303639+00:00,{}
997453dc-0b3b-4fee-91b0-d0e25a8c811b,order_created,88,sim-u88-s3,31,,synthetic,5,2026-03-30T06:04:20.303639+00:00,"{""category_id"": 13}"
ac106475-a09e-4da5-baaa-cc00d31ee40f,order_paid,8,sim-u8-s3,17,,synthetic,6,2026-03-30T06:04:50.303639+00:00,"{""category_id"": 6}"
7f99fe45-8476-4b73-b624-87f502e4e001,order_paid,88,sim-u88-s3,31,,synthetic,6,2026-03-30T06:06:17.303639+00:00,"{""category_id"": 13}"
721dd699-8c9c-4b93-8539-e64941b8cd4e,order_completed,8,sim-u8-s3,17,,synthetic,6,2026-03-30T06:06:52.303639+00:00,"{""category_id"": 6}"
ed000b2f-65de-4063-b192-3f42c4119382,order_completed,88,sim-u88-s3,31,,synthetic,6,2026-03-30T06:07:47.303639+00:00,"{""category_id"": 13}"
3ffc8e98-0fd8-4aeb-9bdc-5c691de788c1,chat_message_sent,8,sim-u8-s3,,Tu van cho toi mot san pham phu hop nhu cau,synthetic,2,2026-03-30T06:09:08.303639+00:00,"{""intent"": ""followup""}"
38c6ede3-1d0e-436b-b435-d4dc0b00e3d5,chat_message_sent,88,sim-u88-s3,31,Co goi y san pham thay the khong,synthetic,2,2026-03-30T06:09:41.303639+00:00,"{""category_id"": 13, ""intent"": ""advice""}"
caaec07d-7716-4dcd-823f-77fe394e761c,search_performed,88,sim-u88-s3,,gaming keyboard,synthetic,1,2026-03-30T06:10:30.303639+00:00,"{""search_query"": ""gaming keyboard""}"
ba18819e-ec37-457f-87a6-38d1a0ac6fb4,product_clicked,88,sim-u88-s3,35,,synthetic,2,2026-03-30T06:11:11.303639+00:00,"{""category_id"": 15}"
00d41e21-3275-4051-aa2a-fadf1470875f,product_viewed,88,sim-u88-s3,35,,synthetic,1,2026-03-30T06:12:02.303639+00:00,"{""category_id"": 15}"
61f4dae5-93f1-4699-92db-8980ab18ea98,cart_viewed,88,sim-u88-s3,,open cart,synthetic,1,2026-03-30T06:14:32.303639+00:00,{}
c1b5899a-fed4-46f6-ad31-2eb0cf8604da,cart_item_added,88,sim-u88-s3,35,,synthetic,4,2026-03-30T06:15:49.303639+00:00,"{""category_id"": 15}"
e78fb9b7-2ff9-4881-9bef-a0b25efea78e,cart_item_quantity_updated,88,sim-u88-s3,35,,synthetic,3,2026-03-30T06:18:35.303639+00:00,"{""category_id"": 15, ""quantity"": 4}"
5ff8c46a-cc8a-402d-91de-98390c4925bf,checkout_started,88,sim-u88-s3,,checkout,synthetic,4,2026-03-30T06:19:19.303639+00:00,{}
4e8fab97-1c6f-4764-aac7-4f372c8b9f5f,order_created,88,sim-u88-s3,35,,synthetic,5,2026-03-30T06:22:10.303639+00:00,"{""category_id"": 15}"
929a0a6d-8be8-4a74-a52b-337df5a28522,order_paid,88,sim-u88-s3,35,,synthetic,6,2026-03-30T06:24:33.303639+00:00,"{""category_id"": 15}"
a88c4607-b2ec-4fa3-84d7-47a5281441a2,order_completed,88,sim-u88-s3,35,,synthetic,6,2026-03-30T06:26:44.303639+00:00,"{""category_id"": 15}"
aa06cf8e-6c61-46ba-99c7-08cb5e97ff69,chat_message_sent,88,sim-u88-s3,35,San pham nay co uu diem gi,synthetic,2,2026-03-30T06:27:29.303639+00:00,"{""category_id"": 15, ""intent"": ""advice""}"
6b5bced4-ec20-491f-b579-f7a0e5faef6a,chat_started,80,sim-u80-s2,,start session,synthetic,1,2026-03-30T06:53:18.303639+00:00,"{""channel"": ""web""}"
a58e603b-a91c-4e38-8957-19b172b25b1d,search_performed,80,sim-u80-s2,,mechanical keyboard,synthetic,1,2026-03-30T06:55:22.303639+00:00,"{""search_query"": ""mechanical keyboard""}"
76d2606a-0733-4e8e-bac1-8491f452fb2b,product_clicked,80,sim-u80-s2,21,,synthetic,2,2026-03-30T06:57:16.303639+00:00,"{""category_id"": 8}"
7de5abed-c5eb-4f16-b4c5-25e825088c7d,chat_started,37,sim-u37-s1,,start session,synthetic,1,2026-03-30T06:59:34.303639+00:00,"{""channel"": ""web""}"
19fc6993-f8aa-44b0-84e5-7b4562489bff,product_viewed,80,sim-u80-s2,21,,synthetic,1,2026-03-30T06:59:43.303639+00:00,"{""category_id"": 8}"
52846029-7e3d-4af9-b922-3f1e3d023ed7,cart_viewed,80,sim-u80-s2,,open cart,synthetic,1,2026-03-30T07:01:40.303639+00:00,{}
45c979ee-c41f-4cfe-aa9a-1d45bdcfc68f,search_performed,37,sim-u37-s1,,ergonomic desk,synthetic,1,2026-03-30T07:01:57.303639+00:00,"{""search_query"": ""ergonomic desk""}"
cfe59e33-e52f-4541-8b14-2e31361b46fa,cart_item_added,80,sim-u80-s2,21,,synthetic,4,2026-03-30T07:02:06.303639+00:00,"{""category_id"": 8}"
63217177-2a2a-4c02-b013-0aab7062ec58,cart_item_quantity_updated,80,sim-u80-s2,21,,synthetic,3,2026-03-30T07:03:33.303639+00:00,"{""category_id"": 8, ""quantity"": 2}"
6fa42c19-5886-4b4d-b43e-3b98301f7961,product_clicked,37,sim-u37-s1,12,,synthetic,2,2026-03-30T07:03:45.303639+00:00,"{""category_id"": 4}"
747145d6-139b-4fa0-b84d-f702e167d4f4,checkout_started,80,sim-u80-s2,,checkout,synthetic,4,2026-03-30T07:05:24.303639+00:00,{}
4cd5ece0-0d0b-4b3b-aab1-0bfa6c16af43,product_viewed,37,sim-u37-s1,12,,synthetic,1,2026-03-30T07:05:43.303639+00:00,"{""category_id"": 4}"
fc531b8d-a045-442a-b3be-d1baa1ad8d85,order_created,80,sim-u80-s2,21,,synthetic,5,2026-03-30T07:06:05.303639+00:00,"{""category_id"": 8}"
0a3b012b-b48a-4703-a5d8-59a9f7a77c2c,cart_viewed,37,sim-u37-s1,,open cart,synthetic,1,2026-03-30T07:08:25.303639+00:00,{}
ed1bebee-9477-4e91-a53a-43dae5be5e48,order_paid,80,sim-u80-s2,21,,synthetic,6,2026-03-30T07:08:33.303639+00:00,"{""category_id"": 8}"
2dbf188a-51d6-416a-b0c6-7561f712d3c5,order_completed,80,sim-u80-s2,21,,synthetic,6,2026-03-30T07:11:04.303639+00:00,"{""category_id"": 8}"
8a228eef-b811-4766-acce-17858d121189,cart_item_added,37,sim-u37-s1,12,,synthetic,4,2026-03-30T07:11:21.303639+00:00,"{""category_id"": 4}"
f930802a-861a-481c-9ce4-53f14b035c42,chat_started,50,sim-u50-s1,,start session,synthetic,1,2026-03-30T07:11:35.303639+00:00,"{""channel"": ""web""}"
556a435c-6afa-4e30-bf88-6c29eaba3042,cart_item_quantity_updated,37,sim-u37-s1,12,,synthetic,3,2026-03-30T07:12:21.303639+00:00,"{""category_id"": 4, ""quantity"": 4}"
71c1b26b-f596-4529-a9c4-13df470f4c17,chat_message_sent,80,sim-u80-s2,21,Tu van cho toi mot san pham phu hop nhu cau,synthetic,2,2026-03-30T07:12:34.303639+00:00,"{""category_id"": 8, ""intent"": ""advice""}"
8dd452b6-6b7c-45d3-8bec-79811ecc9567,search_performed,50,sim-u50-s1,,mechanical keyboard,synthetic,1,2026-03-30T07:12:56.303639+00:00,"{""search_query"": ""mechanical keyboard""}"
87e4ddd7-c1b2-4802-b92a-cecc0e93cf59,search_performed,80,sim-u80-s2,,ergonomic desk,synthetic,1,2026-03-30T07:13:19.303639+00:00,"{""search_query"": ""ergonomic desk""}"
2d790997-771e-4fbd-a184-76484ed5ff84,product_clicked,80,sim-u80-s2,6,,synthetic,2,2026-03-30T07:14:09.303639+00:00,"{""category_id"": 1}"
0f13a7dd-8251-4a36-a74e-06df41b3cc20,checkout_started,37,sim-u37-s1,,checkout,synthetic,4,2026-03-30T07:14:41.303639+00:00,{}
5f41c0d5-571a-4803-8a9b-b2e02f48cfce,product_viewed,80,sim-u80-s2,6,,synthetic,1,2026-03-30T07:14:47.303639+00:00,"{""category_id"": 1}"
a0e0ae43-08fe-4fdb-a7a3-1a729c6949cb,product_clicked,50,sim-u50-s1,28,,synthetic,2,2026-03-30T07:15:42.303639+00:00,"{""category_id"": 12}"
33c49e9f-85c9-491a-a778-af1b1483faf2,product_viewed,50,sim-u50-s1,28,,synthetic,1,2026-03-30T07:16:41.303639+00:00,"{""category_id"": 12}"
7825361b-fd02-4118-8206-66097182eba8,order_created,37,sim-u37-s1,12,,synthetic,5,2026-03-30T07:17:07.303639+00:00,"{""category_id"": 4}"
742bb004-aa7c-4f55-b595-ae37467f09d1,cart_viewed,80,sim-u80-s2,,open cart,synthetic,1,2026-03-30T07:17:26.303639+00:00,{}
8e0c7212-7502-407d-bcfb-03bdf1bc1d96,order_cancelled,37,sim-u37-s1,12,,synthetic,-2,2026-03-30T07:17:46.303639+00:00,"{""category_id"": 4}"
dd228937-deae-4b45-aff5-2ee96efccc2b,cart_viewed,50,sim-u50-s1,,open cart,synthetic,1,2026-03-30T07:18:20.303639+00:00,{}
bef838a6-39d3-4d54-a0a9-189082813522,cart_item_added,80,sim-u80-s2,6,,synthetic,4,2026-03-30T07:18:37.303639+00:00,"{""category_id"": 1}"
0ef47a76-d9aa-48a9-9d5e-bdefed6259d1,search_performed,37,sim-u37-s1,,ergonomic desk,synthetic,1,2026-03-30T07:19:30.303639+00:00,"{""search_query"": ""ergonomic desk""}"
a08ff619-2f83-4934-802b-9957af8a97a6,cart_item_quantity_updated,80,sim-u80-s2,6,,synthetic,3,2026-03-30T07:20:21.303639+00:00,"{""category_id"": 1, ""quantity"": 4}"
d5d72660-b7e2-4e6c-985e-2f57bf9b86a5,product_clicked,37,sim-u37-s1,25,,synthetic,2,2026-03-30T07:21:01.303639+00:00,"{""category_id"": 10}"
1102c158-de03-4e10-be92-2de64cceed94,cart_item_added,50,sim-u50-s1,28,,synthetic,4,2026-03-30T07:21:14.303639+00:00,"{""category_id"": 12}"
bb61e742-1f3f-4ae9-9499-43129b2e59a5,product_viewed,37,sim-u37-s1,25,,synthetic,1,2026-03-30T07:21:33.303639+00:00,"{""category_id"": 10}"
26789a67-17ed-47fa-9833-7295ec7c809d,checkout_started,80,sim-u80-s2,,checkout,synthetic,4,2026-03-30T07:21:51.303639+00:00,{}
f187f7b2-9e63-4d72-b52f-dead5714ce0d,cart_item_quantity_updated,50,sim-u50-s1,28,,synthetic,3,2026-03-30T07:22:07.303639+00:00,"{""category_id"": 12, ""quantity"": 4}"
2150d71d-d32f-44a7-be25-45aafcd100d8,order_created,80,sim-u80-s2,6,,synthetic,5,2026-03-30T07:22:59.303639+00:00,"{""category_id"": 1}"
bc9c54a8-ceec-4698-893a-35467405965e,cart_item_removed,50,sim-u50-s1,28,,synthetic,1,2026-03-30T07:23:02.303639+00:00,"{""category_id"": 12}"
fec67f2c-e65f-44bc-a93a-e71647ba6b73,order_paid,80,sim-u80-s2,6,,synthetic,6,2026-03-30T07:23:54.303639+00:00,"{""category_id"": 1}"
f5440d07-8222-4dd1-83d9-18b5d9ee8512,cart_viewed,37,sim-u37-s1,,open cart,synthetic,1,2026-03-30T07:24:13.303639+00:00,{}
126ffcb8-e3ac-4114-b6f6-291174097fa4,checkout_started,50,sim-u50-s1,,checkout,synthetic,4,2026-03-30T07:25:50.303639+00:00,{}
3d40e862-eeeb-4729-8221-a5ebfe008097,cart_item_added,37,sim-u37-s1,25,,synthetic,4,2026-03-30T07:26:09.303639+00:00,"{""category_id"": 10}"
52d999cd-0ac3-470c-8753-a296709b766f,order_completed,80,sim-u80-s2,6,,synthetic,6,2026-03-30T07:26:33.303639+00:00,"{""category_id"": 1}"
3220c78d-9694-45cc-a203-a670bfd537a4,cart_item_quantity_updated,37,sim-u37-s1,25,,synthetic,3,2026-03-30T07:26:49.303639+00:00,"{""category_id"": 10, ""quantity"": 2}"
814a44fb-368b-4c44-95b0-a7dc2e3f0c03,order_created,50,sim-u50-s1,28,,synthetic,5,2026-03-30T07:28:28.303639+00:00,"{""category_id"": 12}"
35160b72-b481-43d9-be5f-9d1f880ba63c,checkout_started,37,sim-u37-s1,,checkout,synthetic,4,2026-03-30T07:29:35.303639+00:00,{}
e4a87f36-e277-4931-8b6f-51255d9c6a7b,order_paid,50,sim-u50-s1,28,,synthetic,6,2026-03-30T07:29:39.303639+00:00,"{""category_id"": 12}"
8773be24-7f4a-4d48-8f71-176ec0799e91,order_completed,50,sim-u50-s1,28,,synthetic,6,2026-03-30T07:30:34.303639+00:00,"{""category_id"": 12}"
c20a45d8-5241-49a1-9b47-c3ce7dc5df66,order_created,37,sim-u37-s1,25,,synthetic,5,2026-03-30T07:31:49.303639+00:00,"{""category_id"": 10}"
08419cc2-8ecd-4098-994e-5642dc6bcd85,chat_message_sent,50,sim-u50-s1,28,San pham nay co uu diem gi,synthetic,2,2026-03-30T07:32:44.303639+00:00,"{""category_id"": 12, ""intent"": ""advice""}"
eb253cfc-23d6-4ccf-b091-a305249af4e1,order_paid,37,sim-u37-s1,25,,synthetic,6,2026-03-30T07:34:16.303639+00:00,"{""category_id"": 10}"
1f427d10-f0c2-45dd-bfc1-433dee01a35f,search_performed,50,sim-u50-s1,,office chair,synthetic,1,2026-03-30T07:35:28.303639+00:00,"{""search_query"": ""office chair""}"
024bb347-1316-4b83-884c-b10eda468ba5,product_clicked,50,sim-u50-s1,6,,synthetic,2,2026-03-30T07:36:28.303639+00:00,"{""category_id"": 1}"
b4225a8f-96f9-49ab-b248-e1d8df44f722,order_completed,37,sim-u37-s1,25,,synthetic,6,2026-03-30T07:36:30.303639+00:00,"{""category_id"": 10}"
8788f111-4781-4297-93f1-911029a237ac,chat_message_sent,37,sim-u37-s1,25,Co goi y san pham thay the khong,synthetic,2,2026-03-30T07:36:54.303639+00:00,"{""category_id"": 10, ""intent"": ""advice""}"
7005bc8c-19a8-494f-818c-ff6403ce63eb,product_viewed,50,sim-u50-s1,6,,synthetic,1,2026-03-30T07:38:09.303639+00:00,"{""category_id"": 1}"
4b6fb44a-380a-43fd-9e9e-9fde38adb849,search_performed,37,sim-u37-s1,,mechanical keyboard,synthetic,1,2026-03-30T07:38:59.303639+00:00,"{""search_query"": ""mechanical keyboard""}"
91368eab-b21d-4f65-9b15-873db2292cdb,product_clicked,37,sim-u37-s1,32,,synthetic,2,2026-03-30T07:39:28.303639+00:00,"{""category_id"": 14}"
ebd21868-8569-48c3-85ac-0f735cd210e2,cart_viewed,50,sim-u50-s1,,open cart,synthetic,1,2026-03-30T07:40:45.303639+00:00,{}
5644f2cf-2563-4020-8351-ce82f4afe855,cart_item_added,50,sim-u50-s1,6,,synthetic,4,2026-03-30T07:41:35.303639+00:00,"{""category_id"": 1}"
0680c3f3-db1f-447e-aa04-d507535f2718,cart_item_quantity_updated,50,sim-u50-s1,6,,synthetic,3,2026-03-30T07:42:02.303639+00:00,"{""category_id"": 1, ""quantity"": 2}"
6e1c4e80-0c36-4650-91fa-cd3ba16890c5,product_viewed,37,sim-u37-s1,32,,synthetic,1,2026-03-30T07:42:10.303639+00:00,"{""category_id"": 14}"
6dc26c1e-84e8-4470-b207-f87b76c683a1,cart_viewed,37,sim-u37-s1,,open cart,synthetic,1,2026-03-30T07:42:53.303639+00:00,{}
a451031b-a55d-4727-adbd-132e8357130d,checkout_started,50,sim-u50-s1,,checkout,synthetic,4,2026-03-30T07:44:07.303639+00:00,{}
245f2130-8c5d-4ef0-b3a8-0ac9c476fd08,cart_item_added,37,sim-u37-s1,32,,synthetic,4,2026-03-30T07:45:47.303639+00:00,"{""category_id"": 14}"
e2266deb-7e3f-46b3-a1d6-9efd18aa1272,order_created,50,sim-u50-s1,6,,synthetic,5,2026-03-30T07:46:12.303639+00:00,"{""category_id"": 1}"
b0e11d35-a71a-4b34-ae44-7c480b2d51b5,order_paid,50,sim-u50-s1,6,,synthetic,6,2026-03-30T07:47:42.303639+00:00,"{""category_id"": 1}"
176a968c-278a-4933-8a0b-25d68ccb77c4,checkout_started,37,sim-u37-s1,,checkout,synthetic,4,2026-03-30T07:48:17.303639+00:00,{}
53f30a44-e357-415b-b67a-6248d47a18e2,order_completed,50,sim-u50-s1,6,,synthetic,6,2026-03-30T07:48:40.303639+00:00,"{""category_id"": 1}"
fa50f7f8-60ea-4f7c-aead-6f991d622915,search_performed,50,sim-u50-s1,,office chair,synthetic,1,2026-03-30T07:49:47.303639+00:00,"{""search_query"": ""office chair""}"
255dded1-452d-454f-8fa8-07ef3bd67afe,product_clicked,50,sim-u50-s1,32,,synthetic,2,2026-03-30T07:50:13.303639+00:00,"{""category_id"": 14}"
b398dc1a-d1c9-4a7a-9b7b-70d378f8f943,order_created,37,sim-u37-s1,32,,synthetic,5,2026-03-30T07:51:00.303639+00:00,"{""category_id"": 14}"
23a5e6e4-6132-4f13-a3c1-2b3fe3079f98,product_viewed,50,sim-u50-s1,32,,synthetic,1,2026-03-30T07:53:09.303639+00:00,"{""category_id"": 14}"
392f4c24-8611-4497-8a20-b14784d77dfe,order_paid,37,sim-u37-s1,32,,synthetic,6,2026-03-30T07:53:16.303639+00:00,"{""category_id"": 14}"
f4eede6a-568b-46cf-a6a8-ed0fac2375dc,order_completed,37,sim-u37-s1,32,,synthetic,6,2026-03-30T07:55:03.303639+00:00,"{""category_id"": 14}"
d5f75325-ec30-493f-8af1-d81d5d218565,cart_viewed,50,sim-u50-s1,,open cart,synthetic,1,2026-03-30T07:56:04.303639+00:00,{}
3446c675-95d8-4229-be12-4f66fbe5b710,chat_message_sent,37,sim-u37-s1,32,Tu van cho toi mot san pham phu hop nhu cau,synthetic,2,2026-03-30T07:56:20.303639+00:00,"{""category_id"": 14, ""intent"": ""advice""}"
1116f333-0947-4434-aaa7-8f3f94bc9dca,cart_item_added,50,sim-u50-s1,32,,synthetic,4,2026-03-30T07:58:49.303639+00:00,"{""category_id"": 14}"
4751170f-8dc0-4d0a-b50e-b150f2f4e502,checkout_started,50,sim-u50-s1,,checkout,synthetic,4,2026-03-30T08:00:08.303639+00:00,{}
e6a805f7-c936-4b4f-9e03-4931708c69b5,order_created,50,sim-u50-s1,32,,synthetic,5,2026-03-30T08:00:34.303639+00:00,"{""category_id"": 14}"
e01fe2ed-0f8b-43f0-92b6-dd2073f115db,order_paid,50,sim-u50-s1,32,,synthetic,6,2026-03-30T08:02:56.303639+00:00,"{""category_id"": 14}"
d3b7b414-f502-4c0f-9aa0-0c26eff2a0f7,order_completed,50,sim-u50-s1,32,,synthetic,6,2026-03-30T08:03:50.303639+00:00,"{""category_id"": 14}"
c0f842d1-afab-4eb1-b9ef-90882d5dd0ac,chat_message_sent,50,sim-u50-s1,32,Co goi y san pham thay the khong,synthetic,2,2026-03-30T08:05:45.303639+00:00,"{""category_id"": 14, ""intent"": ""advice""}"
2d0a6c22-0b95-464a-9897-43035e474305,chat_started,52,sim-u52-s3,,start session,synthetic,1,2026-03-30T09:17:31.303639+00:00,"{""channel"": ""web""}"
ddabbc9b-7dd2-4a82-9469-aff58936e187,search_performed,52,sim-u52-s3,,noise cancelling headset,synthetic,1,2026-03-30T09:19:18.303639+00:00,"{""search_query"": ""noise cancelling headset""}"
6c55fdda-9d94-4bf1-9561-dda93bc8b01f,product_clicked,52,sim-u52-s3,14,,synthetic,2,2026-03-30T09:21:19.303639+00:00,"{""category_id"": 5}"
17b1d0dd-59eb-4fc3-b76e-4162cac36922,product_viewed,52,sim-u52-s3,14,,synthetic,1,2026-03-30T09:24:04.303639+00:00,"{""category_id"": 5}"
474f20a9-a63c-4500-86b3-fe26bb5da44d,cart_viewed,52,sim-u52-s3,,open cart,synthetic,1,2026-03-30T09:24:31.303639+00:00,{}
15892543-acda-49b9-ae70-a7264337cb68,cart_item_added,52,sim-u52-s3,14,,synthetic,4,2026-03-30T09:25:35.303639+00:00,"{""category_id"": 5}"
77a5a130-17f3-4393-ac07-e6b57be7d30b,cart_item_quantity_updated,52,sim-u52-s3,14,,synthetic,3,2026-03-30T09:27:57.303639+00:00,"{""category_id"": 5, ""quantity"": 3}"
89133be0-8264-4d6f-b847-a5997c07ca2e,checkout_started,52,sim-u52-s3,,checkout,synthetic,4,2026-03-30T09:28:26.303639+00:00,{}
db5ef4d7-a07f-44c4-bf21-555270c4fbb9,order_created,52,sim-u52-s3,14,,synthetic,5,2026-03-30T09:29:20.303639+00:00,"{""category_id"": 5}"
379a6890-7f2f-4831-985a-bf512032be23,order_paid,52,sim-u52-s3,14,,synthetic,6,2026-03-30T09:32:20.303639+00:00,"{""category_id"": 5}"
a6f2ae05-bf11-4523-be35-b8f23434dbc4,order_completed,52,sim-u52-s3,14,,synthetic,6,2026-03-30T09:34:37.303639+00:00,"{""category_id"": 5}"
5b07f3e4-5dd9-4d76-a14e-8a25ed9cc7fa,chat_message_sent,52,sim-u52-s3,,Nen chon mau nao cho cong viec van phong,synthetic,2,2026-03-30T09:36:55.303639+00:00,"{""intent"": ""followup""}"
80b64d48-8bb4-4118-8595-c06764b02bcf,chat_started,96,sim-u96-s3,,start session,synthetic,1,2026-03-30T15:11:36.303639+00:00,"{""channel"": ""web""}"
8430c4fc-9b73-493d-b698-1ab6138d5300,search_performed,96,sim-u96-s3,,wireless mouse,synthetic,1,2026-03-30T15:12:52.303639+00:00,"{""search_query"": ""wireless mouse""}"
83683f36-b644-4325-8ec5-90eb09ee3368,product_clicked,96,sim-u96-s3,16,,synthetic,2,2026-03-30T15:14:52.303639+00:00,"{""category_id"": 6}"
347a90a3-0bb0-4f4f-b2a2-767b85d3bc03,product_viewed,96,sim-u96-s3,16,,synthetic,1,2026-03-30T15:15:59.303639+00:00,"{""category_id"": 6}"
e6a9879e-59ea-474a-988a-148115996985,search_performed,96,sim-u96-s3,,gaming keyboard,synthetic,1,2026-03-30T15:18:18.303639+00:00,"{""search_query"": ""gaming keyboard""}"
bdfdd86f-4f43-4bff-8873-4e16822a550e,product_clicked,96,sim-u96-s3,16,,synthetic,2,2026-03-30T15:20:40.303639+00:00,"{""category_id"": 6}"
aeba503f-08ed-43fc-8187-84786941c532,product_viewed,96,sim-u96-s3,16,,synthetic,1,2026-03-30T15:22:20.303639+00:00,"{""category_id"": 6}"
b8497ecd-f1ac-4f23-827a-a5cdecef6fee,cart_viewed,96,sim-u96-s3,,open cart,synthetic,1,2026-03-30T15:24:23.303639+00:00,{}
cf5156d0-3952-40a4-ad55-a9e5cc726c54,cart_item_added,96,sim-u96-s3,16,,synthetic,4,2026-03-30T15:26:20.303639+00:00,"{""category_id"": 6}"
a784d106-0f77-404a-a44d-3e805a06ee8a,cart_item_quantity_updated,96,sim-u96-s3,16,,synthetic,3,2026-03-30T15:28:28.303639+00:00,"{""category_id"": 6, ""quantity"": 3}"
757b2f18-4ce9-4470-9c50-9aefe76c704d,cart_item_removed,96,sim-u96-s3,16,,synthetic,1,2026-03-30T15:29:15.303639+00:00,"{""category_id"": 6}"
02a747ed-7fcc-401b-868c-e433826d363e,checkout_started,96,sim-u96-s3,,checkout,synthetic,4,2026-03-30T15:30:01.303639+00:00,{}
b0d46dc8-e847-4425-bb1a-bd0951b497b9,order_created,96,sim-u96-s3,16,,synthetic,5,2026-03-30T15:30:40.303639+00:00,"{""category_id"": 6}"
f6f032cf-7021-4629-a563-a7943a20ded9,order_paid,96,sim-u96-s3,16,,synthetic,6,2026-03-30T15:32:25.303639+00:00,"{""category_id"": 6}"
4ae5730a-7f4c-4150-8eef-e8e86f12991d,order_completed,96,sim-u96-s3,16,,synthetic,6,2026-03-30T15:32:52.303639+00:00,"{""category_id"": 6}"
5394184c-2552-4a02-b9a1-448dcee73442,chat_message_sent,96,sim-u96-s3,16,San pham nay co uu diem gi,synthetic,2,2026-03-30T15:35:30.303639+00:00,"{""category_id"": 6, ""intent"": ""advice""}"
81cfc076-5608-46c5-b045-2e7526350dc2,chat_started,4,sim-u4-s3,,start session,synthetic,1,2026-03-30T17:31:52.303639+00:00,"{""channel"": ""web""}"
8fbc3401-d614-43d0-b574-c063698424a2,search_performed,4,sim-u4-s3,,monitor 27 inch,synthetic,1,2026-03-30T17:34:33.303639+00:00,"{""search_query"": ""monitor 27 inch""}"
f2f52b50-6d6a-41d6-b795-9845701ff539,product_clicked,4,sim-u4-s3,23,,synthetic,2,2026-03-30T17:35:25.303639+00:00,"{""category_id"": 9}"
97a1aea1-3bbd-4fa0-bf4f-79babd3ba1f3,product_viewed,4,sim-u4-s3,23,,synthetic,1,2026-03-30T17:36:34.303639+00:00,"{""category_id"": 9}"
ef756dfa-8211-411f-8867-4abc3681e6a0,cart_viewed,4,sim-u4-s3,,open cart,synthetic,1,2026-03-30T17:38:31.303639+00:00,{}
b2bf18dd-253a-4715-ab1d-11baea894908,cart_item_added,4,sim-u4-s3,23,,synthetic,4,2026-03-30T17:39:35.303639+00:00,"{""category_id"": 9}"
84aec711-a91a-4564-8933-79d27c66fc7c,checkout_started,4,sim-u4-s3,,checkout,synthetic,4,2026-03-30T17:42:15.303639+00:00,{}
9b21e8c6-ae21-4d6d-9061-60d5e5d84e8e,order_created,4,sim-u4-s3,23,,synthetic,5,2026-03-30T17:42:35.303639+00:00,"{""category_id"": 9}"
7a6fbf79-56df-4152-bb0d-1d121180b5be,order_paid,4,sim-u4-s3,23,,synthetic,6,2026-03-30T17:43:48.303639+00:00,"{""category_id"": 9}"
5f834f1f-23e7-4598-b919-0917c5e52fde,order_completed,4,sim-u4-s3,23,,synthetic,6,2026-03-30T17:45:58.303639+00:00,"{""category_id"": 9}"
e144046c-e95b-4b91-9e9b-7bbb958716a0,search_performed,4,sim-u4-s3,,noise cancelling headset,synthetic,1,2026-03-30T17:48:17.303639+00:00,"{""search_query"": ""noise cancelling headset""}"
0e3b3d1b-4bd0-4f5a-b83e-448d2265d4dc,product_clicked,4,sim-u4-s3,16,,synthetic,2,2026-03-30T17:50:30.303639+00:00,"{""category_id"": 6}"
79b0e8ea-7470-45ea-b82b-dc3405f94f74,product_viewed,4,sim-u4-s3,16,,synthetic,1,2026-03-30T17:52:43.303639+00:00,"{""category_id"": 6}"
080ea335-3d40-4e46-8377-4debe248c2ce,cart_viewed,4,sim-u4-s3,,open cart,synthetic,1,2026-03-30T17:55:13.303639+00:00,{}
825004ff-0c84-4a30-830b-4221faff0e58,cart_item_added,4,sim-u4-s3,16,,synthetic,4,2026-03-30T17:57:34.303639+00:00,"{""category_id"": 6}"
3396bc6c-9d09-4c02-bf9c-4667fba06cfe,checkout_started,4,sim-u4-s3,,checkout,synthetic,4,2026-03-30T17:58:37.303639+00:00,{}
192bbcee-41b9-43cc-9c7d-e6c97968cf44,order_created,4,sim-u4-s3,16,,synthetic,5,2026-03-30T17:59:18.303639+00:00,"{""category_id"": 6}"
b6dae002-a939-46b1-9173-aa382c1eaf5a,order_paid,4,sim-u4-s3,16,,synthetic,6,2026-03-30T18:02:16.303639+00:00,"{""category_id"": 6}"
84ec6c4c-f559-475e-84f9-12c9cf840396,order_completed,4,sim-u4-s3,16,,synthetic,6,2026-03-30T18:04:01.303639+00:00,"{""category_id"": 6}"
6bc38db1-577d-4998-8d30-68c4f3134eb6,chat_message_sent,4,sim-u4-s3,16,San pham nay co uu diem gi,synthetic,2,2026-03-30T18:05:40.303639+00:00,"{""category_id"": 6, ""intent"": ""advice""}"
954b446b-2d1a-4c6a-b150-c06be9762c92,chat_started,78,sim-u78-s2,,start session,synthetic,1,2026-03-30T20:02:19.303639+00:00,"{""channel"": ""web""}"
3dd7be77-9e6c-4359-80b6-e4c8310dde44,search_performed,78,sim-u78-s2,,gaming keyboard,synthetic,1,2026-03-30T20:05:19.303639+00:00,"{""search_query"": ""gaming keyboard""}"
d6807e00-7b9a-4d7f-a427-f896a6f11b0a,product_clicked,78,sim-u78-s2,21,,synthetic,2,2026-03-30T20:07:33.303639+00:00,"{""category_id"": 8}"
2427644c-c764-422f-a521-d23b2692a032,product_viewed,78,sim-u78-s2,21,,synthetic,1,2026-03-30T20:10:21.303639+00:00,"{""category_id"": 8}"
19a5d61e-cdb0-4222-be55-53a2881cc6e0,cart_viewed,78,sim-u78-s2,,open cart,synthetic,1,2026-03-30T20:10:56.303639+00:00,{}
b337a535-b369-484c-8941-9ed287f7b3b8,cart_item_added,78,sim-u78-s2,21,,synthetic,4,2026-03-30T20:11:24.303639+00:00,"{""category_id"": 8}"
68ce419c-3e91-4509-87ad-f76c90bc1a4d,cart_item_quantity_updated,78,sim-u78-s2,21,,synthetic,3,2026-03-30T20:12:00.303639+00:00,"{""category_id"": 8, ""quantity"": 4}"
ffbcc958-3561-434d-b621-ffed62616fcd,checkout_started,78,sim-u78-s2,,checkout,synthetic,4,2026-03-30T20:12:35.303639+00:00,{}
44689fe1-3676-4aba-b9d6-448ed569f080,order_created,78,sim-u78-s2,21,,synthetic,5,2026-03-30T20:14:48.303639+00:00,"{""category_id"": 8}"
9daae5d7-a368-4294-94a3-e6e2a6ef0a1c,order_paid,78,sim-u78-s2,21,,synthetic,6,2026-03-30T20:17:44.303639+00:00,"{""category_id"": 8}"
775f0ab0-8db2-420f-b0be-4d5b7f819c42,order_completed,78,sim-u78-s2,21,,synthetic,6,2026-03-30T20:20:44.303639+00:00,"{""category_id"": 8}"
8cf1c1a0-9126-443d-be63-7f918fc538fa,chat_message_sent,78,sim-u78-s2,21,Tu van cho toi mot san pham phu hop nhu cau,synthetic,2,2026-03-30T20:21:18.303639+00:00,"{""category_id"": 8, ""intent"": ""advice""}"
d3f23302-7d04-4b3b-b1b7-26f4dbd27ffc,search_performed,78,sim-u78-s2,,wireless mouse,synthetic,1,2026-03-30T20:22:53.303639+00:00,"{""search_query"": ""wireless mouse""}"
2414c766-f82a-49a3-ab86-5b489e6e008f,product_clicked,78,sim-u78-s2,18,,synthetic,2,2026-03-30T20:24:50.303639+00:00,"{""category_id"": 7}"
cf3560b0-20c5-4ba8-991d-4741df77d48a,product_viewed,78,sim-u78-s2,18,,synthetic,1,2026-03-30T20:26:52.303639+00:00,"{""category_id"": 7}"
3caf44d0-06a5-4af3-9a31-19b918b5da8e,cart_viewed,78,sim-u78-s2,,open cart,synthetic,1,2026-03-30T20:28:57.303639+00:00,{}
e856c0a8-2fdf-4545-b1b3-4679b413e618,cart_item_added,78,sim-u78-s2,18,,synthetic,4,2026-03-30T20:30:16.303639+00:00,"{""category_id"": 7}"
3351536d-a1e3-4328-848a-553760927c9d,checkout_started,78,sim-u78-s2,,checkout,synthetic,4,2026-03-30T20:33:15.303639+00:00,{}
9a545279-87ed-4123-963a-55cf0e14e9f0,order_created,78,sim-u78-s2,18,,synthetic,5,2026-03-30T20:33:37.303639+00:00,"{""category_id"": 7}"
1f3b35a6-648e-4a3e-a6b2-5ac97f602ee4,order_paid,78,sim-u78-s2,18,,synthetic,6,2026-03-30T20:35:55.303639+00:00,"{""category_id"": 7}"
a502b2d3-e217-4227-85ab-5269bdc0eeb6,order_completed,78,sim-u78-s2,18,,synthetic,6,2026-03-30T20:38:04.303639+00:00,"{""category_id"": 7}"
dbdb1274-ae7b-4d95-abe3-b5d4d5e3745b,search_performed,78,sim-u78-s2,,gaming keyboard,synthetic,1,2026-03-30T20:39:50.303639+00:00,"{""search_query"": ""gaming keyboard""}"
bad7b812-fba0-4b3c-9ea1-c10963756575,product_clicked,78,sim-u78-s2,16,,synthetic,2,2026-03-30T20:40:16.303639+00:00,"{""category_id"": 6}"
0db70c1f-6268-428e-aaca-e11712c3ea4a,product_viewed,78,sim-u78-s2,16,,synthetic,1,2026-03-30T20:42:32.303639+00:00,"{""category_id"": 6}"
8f5b48f6-30a9-4119-a5a3-8c7f9ac8098c,cart_viewed,78,sim-u78-s2,,open cart,synthetic,1,2026-03-30T20:45:22.303639+00:00,{}
da9c8898-346d-4065-a544-f06a3dfc1745,cart_item_added,78,sim-u78-s2,16,,synthetic,4,2026-03-30T20:46:31.303639+00:00,"{""category_id"": 6}"
f35e01b4-ef76-40b8-a367-8ca651d67c7d,cart_item_quantity_updated,78,sim-u78-s2,16,,synthetic,3,2026-03-30T20:49:23.303639+00:00,"{""category_id"": 6, ""quantity"": 2}"
34393600-25cf-4df9-8f7f-f3bdc8f72e7c,checkout_started,78,sim-u78-s2,,checkout,synthetic,4,2026-03-30T20:52:14.303639+00:00,{}
35fce7cc-86cd-495a-a760-c3cd37010249,order_created,78,sim-u78-s2,16,,synthetic,5,2026-03-30T20:53:23.303639+00:00,"{""category_id"": 6}"
a422e5d7-dcaa-402b-aa66-e48ca779f302,order_cancelled,78,sim-u78-s2,16,,synthetic,-2,2026-03-30T20:54:15.303639+00:00,"{""category_id"": 6}"
2b67788d-c59c-4906-b684-b30ad9a41f27,chat_message_sent,78,sim-u78-s2,16,Nen chon mau nao cho cong viec van phong,synthetic,2,2026-03-30T20:56:05.303639+00:00,"{""category_id"": 6, ""intent"": ""advice""}"
a854f369-65b2-48e1-bebb-c13fa6dddae6,chat_started,97,sim-u97-s2,,start session,synthetic,1,2026-03-30T21:26:10.303639+00:00,"{""channel"": ""web""}"
2678d2da-d6b4-4d41-a422-80589d25e3d6,search_performed,97,sim-u97-s2,,office chair,synthetic,1,2026-03-30T21:26:54.303639+00:00,"{""search_query"": ""office chair""}"
5692f9f7-9232-4e20-aac2-c1c385cd842c,product_clicked,97,sim-u97-s2,24,,synthetic,2,2026-03-30T21:28:38.303639+00:00,"{""category_id"": 10}"
b456f16e-b167-4c1d-890c-d6a556e6ae44,product_viewed,97,sim-u97-s2,24,,synthetic,1,2026-03-30T21:30:42.303639+00:00,"{""category_id"": 10}"
818634e0-be7e-467b-8e9b-81f016ea797c,chat_message_sent,97,sim-u97-s2,24,San pham nay co uu diem gi,synthetic,2,2026-03-30T21:31:08.303639+00:00,"{""category_id"": 10, ""intent"": ""advice""}"
65d5955e-e55a-450f-bc8e-fa1969df34ee,search_performed,97,sim-u97-s2,,mechanical keyboard,synthetic,1,2026-03-30T21:33:30.303639+00:00,"{""search_query"": ""mechanical keyboard""}"
5548c722-da87-41b1-b517-caa5c02bb050,product_clicked,97,sim-u97-s2,17,,synthetic,2,2026-03-30T21:36:20.303639+00:00,"{""category_id"": 6}"
f4eb368f-62e4-4670-ba59-6fdf1e70bb45,product_viewed,97,sim-u97-s2,17,,synthetic,1,2026-03-30T21:36:49.303639+00:00,"{""category_id"": 6}"
556dc210-7480-4a91-bc23-2e7be32758e0,cart_viewed,97,sim-u97-s2,,open cart,synthetic,1,2026-03-30T21:37:47.303639+00:00,{}
219614a3-6a69-466e-a201-53d61a50f45b,cart_item_added,97,sim-u97-s2,17,,synthetic,4,2026-03-30T21:40:05.303639+00:00,"{""category_id"": 6}"
66556bc1-910c-442e-8b7b-8675f3ab021f,cart_item_quantity_updated,97,sim-u97-s2,17,,synthetic,3,2026-03-30T21:40:48.303639+00:00,"{""category_id"": 6, ""quantity"": 4}"
b0efc59e-9c83-4a6b-a74b-9ceb6a30644e,checkout_started,97,sim-u97-s2,,checkout,synthetic,4,2026-03-30T21:42:07.303639+00:00,{}
b41c989a-b8db-4655-b830-ec82697569b6,order_created,97,sim-u97-s2,17,,synthetic,5,2026-03-30T21:43:22.303639+00:00,"{""category_id"": 6}"
0f07465a-b1f2-4ab6-adfa-44aa437f428c,order_paid,97,sim-u97-s2,17,,synthetic,6,2026-03-30T21:44:18.303639+00:00,"{""category_id"": 6}"
e89096fc-88f5-468b-ac85-036a2bc2b378,order_completed,97,sim-u97-s2,17,,synthetic,6,2026-03-30T21:45:19.303639+00:00,"{""category_id"": 6}"
9a8e321d-8aed-4fef-bb11-1851d074c29f,search_performed,97,sim-u97-s2,,laptop stand,synthetic,1,2026-03-30T21:48:14.303639+00:00,"{""search_query"": ""laptop stand""}"
5fe6802f-9383-4b66-b238-e0476db0c867,product_clicked,97,sim-u97-s2,19,,synthetic,2,2026-03-30T21:50:47.303639+00:00,"{""category_id"": 7}"
50cb6593-889f-4275-8850-3882b1266a4a,product_viewed,97,sim-u97-s2,19,,synthetic,1,2026-03-30T21:52:34.303639+00:00,"{""category_id"": 7}"
31f8db16-0c50-44a2-9094-04481d3cb739,cart_viewed,97,sim-u97-s2,,open cart,synthetic,1,2026-03-30T21:53:27.303639+00:00,{}
e97a4ddd-bbc0-4d88-9a43-b10788d35565,cart_item_added,97,sim-u97-s2,19,,synthetic,4,2026-03-30T21:55:13.303639+00:00,"{""category_id"": 7}"
d0477603-33db-4c04-b57d-866feafecc86,cart_item_quantity_updated,97,sim-u97-s2,19,,synthetic,3,2026-03-30T21:57:23.303639+00:00,"{""category_id"": 7, ""quantity"": 4}"
b76a0b31-a341-4b0e-ad98-4a9b5861c739,cart_item_removed,97,sim-u97-s2,19,,synthetic,1,2026-03-30T21:59:22.303639+00:00,"{""category_id"": 7}"
3dcfb7ef-af1f-4a9f-8eb0-9fd9ff75c2d1,checkout_started,97,sim-u97-s2,,checkout,synthetic,4,2026-03-30T22:00:43.303639+00:00,{}
ef742527-494b-43ff-bfcf-1b8cc8cecf28,order_created,97,sim-u97-s2,19,,synthetic,5,2026-03-30T22:01:56.303639+00:00,"{""category_id"": 7}"
04b2558b-b1a0-41fb-a5b7-55eef3d075b5,order_cancelled,97,sim-u97-s2,19,,synthetic,-2,2026-03-30T22:04:51.303639+00:00,"{""category_id"": 7}"
625e9cdd-e4d2-4fea-943a-ab8584775f3a,chat_message_sent,97,sim-u97-s2,19,San pham nay co uu diem gi,synthetic,2,2026-03-30T22:07:36.303639+00:00,"{""category_id"": 7, ""intent"": ""advice""}"
ed50b40a-1c43-491f-9feb-ed3491fcea0a,chat_started,16,sim-u16-s3,,start session,synthetic,1,2026-03-30T22:37:25.303639+00:00,"{""channel"": ""web""}"
8788fccd-de0d-4b28-a74b-561021a9558f,search_performed,16,sim-u16-s3,,usb c hub,synthetic,1,2026-03-30T22:37:53.303639+00:00,"{""search_query"": ""usb c hub""}"
6e0e1c3a-4ff8-436e-be92-eb7d154843ad,product_clicked,16,sim-u16-s3,14,,synthetic,2,2026-03-30T22:38:45.303639+00:00,"{""category_id"": 5}"
5dbe7e8a-5d78-4aaf-8f35-557af98a1a1a,product_viewed,16,sim-u16-s3,14,,synthetic,1,2026-03-30T22:39:22.303639+00:00,"{""category_id"": 5}"
53f3d886-0493-49df-aac0-6e34658b3627,cart_viewed,16,sim-u16-s3,,open cart,synthetic,1,2026-03-30T22:41:15.303639+00:00,{}
09a4644e-5add-4b4f-8fa0-d23a56df6111,cart_item_added,16,sim-u16-s3,14,,synthetic,4,2026-03-30T22:43:07.303639+00:00,"{""category_id"": 5}"
5e4a8121-ee6f-42be-aeaa-371ff0f69ce4,cart_item_quantity_updated,16,sim-u16-s3,14,,synthetic,3,2026-03-30T22:43:35.303639+00:00,"{""category_id"": 5, ""quantity"": 4}"
4c1fc8c2-ab2f-43b4-89f4-4ee734288ebb,checkout_started,16,sim-u16-s3,,checkout,synthetic,4,2026-03-30T22:45:50.303639+00:00,{}
8e6e0459-2af8-4216-a196-8a0cf68f404e,order_created,16,sim-u16-s3,14,,synthetic,5,2026-03-30T22:47:44.303639+00:00,"{""category_id"": 5}"
1de97dc7-4446-4fe7-a2d9-afbf0b803a74,order_paid,16,sim-u16-s3,14,,synthetic,6,2026-03-30T22:48:23.303639+00:00,"{""category_id"": 5}"
a295b70d-9876-4371-9aaf-9039b4277165,order_completed,16,sim-u16-s3,14,,synthetic,6,2026-03-30T22:51:09.303639+00:00,"{""category_id"": 5}"
cf40a2ff-79ea-4271-8093-43f5dbcd9672,chat_message_sent,16,sim-u16-s3,14,Nen chon mau nao cho cong viec van phong,synthetic,2,2026-03-30T22:53:10.303639+00:00,"{""category_id"": 5, ""intent"": ""advice""}"
4c49c73e-02a2-4a77-9c3f-8efdad1c165f,search_performed,16,sim-u16-s3,,monitor 27 inch,synthetic,1,2026-03-30T22:54:33.303639+00:00,"{""search_query"": ""monitor 27 inch""}"
29c2528a-6445-4e01-b0fb-63e5d410ed37,product_clicked,16,sim-u16-s3,25,,synthetic,2,2026-03-30T22:55:22.303639+00:00,"{""category_id"": 10}"
fa1e8c1d-104b-4ce8-84cb-c56ca98e69ae,product_viewed,16,sim-u16-s3,25,,synthetic,1,2026-03-30T22:55:48.303639+00:00,"{""category_id"": 10}"
62ad1e5a-092d-4771-807a-dcd6ca88ef3f,cart_viewed,16,sim-u16-s3,,open cart,synthetic,1,2026-03-30T22:58:15.303639+00:00,{}
a19be821-fb32-44d5-a5e1-e44c1f1c38de,cart_item_added,16,sim-u16-s3,25,,synthetic,4,2026-03-30T23:00:47.303639+00:00,"{""category_id"": 10}"
af7e0a4a-68a2-4db3-bab1-aa0147d4ae26,cart_item_quantity_updated,16,sim-u16-s3,25,,synthetic,3,2026-03-30T23:01:37.303639+00:00,"{""category_id"": 10, ""quantity"": 4}"
edfa6211-4c8d-4413-8861-fc66d6c8200d,checkout_started,16,sim-u16-s3,,checkout,synthetic,4,2026-03-30T23:03:03.303639+00:00,{}
ffa7f648-ee9c-4150-aa51-fa82f766bc1c,order_created,16,sim-u16-s3,25,,synthetic,5,2026-03-30T23:05:17.303639+00:00,"{""category_id"": 10}"
6495f651-1753-48c8-b955-30ba9bf303f8,order_paid,16,sim-u16-s3,25,,synthetic,6,2026-03-30T23:08:13.303639+00:00,"{""category_id"": 10}"
bce90d20-c38b-4619-bd0b-e7129038e357,order_completed,16,sim-u16-s3,25,,synthetic,6,2026-03-30T23:09:46.303639+00:00,"{""category_id"": 10}"
c325425a-3ea4-4e7d-9c6d-4e501c07f49d,chat_message_sent,16,sim-u16-s3,25,Co goi y san pham thay the khong,synthetic,2,2026-03-30T23:10:57.303639+00:00,"{""category_id"": 10, ""intent"": ""advice""}"
96ef387e-d3b6-4f8a-8934-ff3cf9df62f9,search_performed,16,sim-u16-s3,,office chair,synthetic,1,2026-03-30T23:11:35.303639+00:00,"{""search_query"": ""office chair""}"
0189cddd-19d0-4bef-87b5-d58f2a2d988f,product_clicked,16,sim-u16-s3,32,,synthetic,2,2026-03-30T23:13:50.303639+00:00,"{""category_id"": 14}"
f97a1161-1994-489a-91d5-a0088ad93bce,product_viewed,16,sim-u16-s3,32,,synthetic,1,2026-03-30T23:14:54.303639+00:00,"{""category_id"": 14}"
b532b900-6f30-4db2-88e4-805998a67aa0,chat_message_sent,16,sim-u16-s3,32,Tu van cho toi mot san pham phu hop nhu cau,synthetic,2,2026-03-30T23:16:35.303639+00:00,"{""category_id"": 14, ""intent"": ""advice""}"
e0ec9f1d-452b-4460-b11d-09ee134fd94c,chat_started,21,sim-u21-s3,,start session,synthetic,1,2026-03-30T23:30:28.303639+00:00,"{""channel"": ""web""}"
28e1d37f-9797-4660-846e-9d41bd0fdfba,search_performed,21,sim-u21-s3,,noise cancelling headset,synthetic,1,2026-03-30T23:31:08.303639+00:00,"{""search_query"": ""noise cancelling headset""}"
76c0fbf1-e8dd-4cf3-814e-676c40d50330,product_clicked,21,sim-u21-s3,29,,synthetic,2,2026-03-30T23:33:23.303639+00:00,"{""category_id"": 12}"
6a4514bf-c046-47e7-b3a9-46fce6590b25,product_viewed,21,sim-u21-s3,29,,synthetic,1,2026-03-30T23:35:17.303639+00:00,"{""category_id"": 12}"
2bbd2f0a-3123-4651-8e87-e24198e37166,cart_viewed,21,sim-u21-s3,,open cart,synthetic,1,2026-03-30T23:36:25.303639+00:00,{}
4fa2a2a6-6a11-4597-b675-4d2bcb5dd7f1,cart_item_added,21,sim-u21-s3,29,,synthetic,4,2026-03-30T23:36:58.303639+00:00,"{""category_id"": 12}"
0fbb752f-1eaa-4b78-b305-0dfff5078ef9,cart_item_quantity_updated,21,sim-u21-s3,29,,synthetic,3,2026-03-30T23:39:52.303639+00:00,"{""category_id"": 12, ""quantity"": 4}"
400f2996-23d0-4337-8599-383118ef92c4,checkout_started,21,sim-u21-s3,,checkout,synthetic,4,2026-03-30T23:40:30.303639+00:00,{}
9855f843-9463-4754-8967-09b6393a957e,order_created,21,sim-u21-s3,29,,synthetic,5,2026-03-30T23:41:38.303639+00:00,"{""category_id"": 12}"
3f70b199-8f6b-4c1e-80e8-ec610f54c020,order_paid,21,sim-u21-s3,29,,synthetic,6,2026-03-30T23:44:28.303639+00:00,"{""category_id"": 12}"
94656104-4099-488d-964c-f4fd3e7991ae,order_completed,21,sim-u21-s3,29,,synthetic,6,2026-03-30T23:47:11.303639+00:00,"{""category_id"": 12}"
72c95447-9a25-48a5-a60c-d225dc7de998,chat_message_sent,21,sim-u21-s3,29,San pham nay co uu diem gi,synthetic,2,2026-03-30T23:48:56.303639+00:00,"{""category_id"": 12, ""intent"": ""advice""}"
11b8af10-8876-455e-8c36-84813f5efcc4,search_performed,21,sim-u21-s3,,wireless mouse,synthetic,1,2026-03-30T23:50:10.303639+00:00,"{""search_query"": ""wireless mouse""}"
051ed605-a757-4cff-a6be-0e2267e64707,product_clicked,21,sim-u21-s3,26,,synthetic,2,2026-03-30T23:51:18.303639+00:00,"{""category_id"": 11}"
71962d7f-279e-45c4-bd73-efcebfd9684b,product_viewed,21,sim-u21-s3,26,,synthetic,1,2026-03-30T23:52:08.303639+00:00,"{""category_id"": 11}"
24369a66-bc9f-418b-8564-6013ed21166b,cart_viewed,21,sim-u21-s3,,open cart,synthetic,1,2026-03-30T23:54:30.303639+00:00,{}
91a82922-874e-4358-941e-4c86412ed689,cart_item_added,21,sim-u21-s3,26,,synthetic,4,2026-03-30T23:55:52.303639+00:00,"{""category_id"": 11}"
7b972f53-d763-4b66-bd75-01c56b446411,checkout_started,21,sim-u21-s3,,checkout,synthetic,4,2026-03-30T23:57:53.303639+00:00,{}
3b971acc-440e-4dc8-b929-ce54b4eee8c9,order_created,21,sim-u21-s3,26,,synthetic,5,2026-03-30T23:59:14.303639+00:00,"{""category_id"": 11}"
050b1128-ed82-4524-8299-1dd71d1f0d49,order_paid,21,sim-u21-s3,26,,synthetic,6,2026-03-31T00:00:46.303639+00:00,"{""category_id"": 11}"
91b309af-29c9-4f9c-b459-302510ddd9ba,order_completed,21,sim-u21-s3,26,,synthetic,6,2026-03-31T00:02:43.303639+00:00,"{""category_id"": 11}"
32afbaa9-5c35-4b59-9f60-7646b3ac776c,chat_message_sent,21,sim-u21-s3,26,Nen chon mau nao cho cong viec van phong,synthetic,2,2026-03-31T00:04:21.303639+00:00,"{""category_id"": 11, ""intent"": ""advice""}"
3ec7773c-3977-4975-9212-ba7cebed59f3,chat_started,99,sim-u99-s2,,start session,synthetic,1,2026-03-31T06:48:10.303639+00:00,"{""channel"": ""web""}"
1f23571f-cf1c-46c6-9e41-5f72dd33d89c,search_performed,99,sim-u99-s2,,usb c hub,synthetic,1,2026-03-31T06:50:38.303639+00:00,"{""search_query"": ""usb c hub""}"
6a1e6816-5665-4dba-978c-a846c70506c7,product_clicked,99,sim-u99-s2,15,,synthetic,2,2026-03-31T06:53:26.303639+00:00,"{""category_id"": 5}"
87f07b7f-5749-48a9-b868-ed29596d36f1,product_viewed,99,sim-u99-s2,15,,synthetic,1,2026-03-31T06:53:54.303639+00:00,"{""category_id"": 5}"
a5de67af-15b9-4071-8fe1-f049b0d31e3e,cart_viewed,99,sim-u99-s2,,open cart,synthetic,1,2026-03-31T06:56:01.303639+00:00,{}
0c64ff12-43bc-40b1-9530-f8b5fc573cff,cart_item_added,99,sim-u99-s2,15,,synthetic,4,2026-03-31T06:57:15.303639+00:00,"{""category_id"": 5}"
91a4c591-d4a3-40f9-9340-109bc34b2b06,cart_item_quantity_updated,99,sim-u99-s2,15,,synthetic,3,2026-03-31T06:59:56.303639+00:00,"{""category_id"": 5, ""quantity"": 3}"
86c9c8ee-beb0-4bea-a9a7-0473c3e1864e,checkout_started,99,sim-u99-s2,,checkout,synthetic,4,2026-03-31T07:01:06.303639+00:00,{}
50f803e3-8f94-4efa-923b-0ecd8bdeaca0,order_created,99,sim-u99-s2,15,,synthetic,5,2026-03-31T07:03:26.303639+00:00,"{""category_id"": 5}"
e8b45624-387c-4aea-b41e-69a93f929242,order_cancelled,99,sim-u99-s2,15,,synthetic,-2,2026-03-31T07:05:15.303639+00:00,"{""category_id"": 5}"
50b5abc4-52dc-4cd8-81cc-902b3df09f51,chat_message_sent,99,sim-u99-s2,,Co goi y san pham thay the khong,synthetic,2,2026-03-31T07:07:20.303639+00:00,"{""intent"": ""followup""}"
6492af03-5379-4076-894b-2eb31119ba04,chat_started,42,sim-u42-s2,,start session,synthetic,1,2026-03-31T07:34:45.303639+00:00,"{""channel"": ""web""}"
5e7e5b83-bad4-4bec-b6fa-ef0fb6ba8bab,search_performed,42,sim-u42-s2,,ergonomic desk,synthetic,1,2026-03-31T07:36:39.303639+00:00,"{""search_query"": ""ergonomic desk""}"
25380b8c-842e-4911-b317-fa09f5903d39,product_clicked,42,sim-u42-s2,27,,synthetic,2,2026-03-31T07:37:19.303639+00:00,"{""category_id"": 11}"
18c15106-f1dd-496c-ad8e-6d501097f124,product_viewed,42,sim-u42-s2,27,,synthetic,1,2026-03-31T07:40:14.303639+00:00,"{""category_id"": 11}"
0f53865d-096d-4b76-83e5-79319987d383,cart_viewed,42,sim-u42-s2,,open cart,synthetic,1,2026-03-31T07:42:12.303639+00:00,{}
b15743e5-9a17-42fc-8fdc-3d442f3243df,cart_item_added,42,sim-u42-s2,27,,synthetic,4,2026-03-31T07:44:14.303639+00:00,"{""category_id"": 11}"
e6d81225-043b-4d32-aa0a-32f69362db9f,checkout_started,42,sim-u42-s2,,checkout,synthetic,4,2026-03-31T07:47:06.303639+00:00,{}
bc0d54aa-6955-4c76-9c24-b997c4f02ad3,chat_started,57,sim-u57-s3,,start session,synthetic,1,2026-03-31T07:47:36.303639+00:00,"{""channel"": ""web""}"
e1c49abf-004b-4f77-bd13-510226bc4a18,order_created,42,sim-u42-s2,27,,synthetic,5,2026-03-31T07:47:40.303639+00:00,"{""category_id"": 11}"
c9b60a39-9a21-4113-91ff-cf693ef4948c,chat_started,24,sim-u24-s2,,start session,synthetic,1,2026-03-31T07:48:01.303639+00:00,"{""channel"": ""web""}"
833683ec-59f6-44af-b5c2-268891201324,order_cancelled,42,sim-u42-s2,27,,synthetic,-2,2026-03-31T07:48:44.303639+00:00,"{""category_id"": 11}"
81a2ade4-fc89-4975-b80d-9d62f2f9153b,chat_message_sent,42,sim-u42-s2,27,Co goi y san pham thay the khong,synthetic,2,2026-03-31T07:49:06.303639+00:00,"{""category_id"": 11, ""intent"": ""advice""}"
21ca7136-0d78-4246-9394-74a0d9967e67,search_performed,24,sim-u24-s2,,office chair,synthetic,1,2026-03-31T07:49:38.303639+00:00,"{""search_query"": ""office chair""}"
b5216fa9-24a7-4e0d-ad27-0a714ff6d3df,search_performed,57,sim-u57-s3,,ergonomic desk,synthetic,1,2026-03-31T07:49:45.303639+00:00,"{""search_query"": ""ergonomic desk""}"
7bdb2db4-7020-4948-a04c-b902f58808a4,product_clicked,24,sim-u24-s2,32,,synthetic,2,2026-03-31T07:49:59.303639+00:00,"{""category_id"": 14}"
dffb02b4-0229-48d4-a198-24c76685a709,product_clicked,57,sim-u57-s3,33,,synthetic,2,2026-03-31T07:51:31.303639+00:00,"{""category_id"": 14}"
64113178-d2da-4e0c-ae6f-0a5ac08622be,product_viewed,24,sim-u24-s2,32,,synthetic,1,2026-03-31T07:52:00.303639+00:00,"{""category_id"": 14}"
5254bc1d-90aa-404d-9370-677e030d21ff,product_viewed,57,sim-u57-s3,33,,synthetic,1,2026-03-31T07:53:33.303639+00:00,"{""category_id"": 14}"
2db00931-208b-4b2f-afa3-3e5c6cb27f3b,cart_viewed,24,sim-u24-s2,,open cart,synthetic,1,2026-03-31T07:54:58.303639+00:00,{}
7d874a83-9445-436a-8020-461a6d0bcb6a,cart_viewed,57,sim-u57-s3,,open cart,synthetic,1,2026-03-31T07:56:20.303639+00:00,{}
5e4e11ef-eb6a-4efd-9b4f-9a79674ad57b,cart_item_added,24,sim-u24-s2,32,,synthetic,4,2026-03-31T07:56:55.303639+00:00,"{""category_id"": 14}"
3b245381-5dcd-442c-8df3-5382543f308a,checkout_started,24,sim-u24-s2,,checkout,synthetic,4,2026-03-31T07:58:40.303639+00:00,{}
86f946a3-725c-4bbf-9af2-8285fa31f7df,cart_item_added,57,sim-u57-s3,33,,synthetic,4,2026-03-31T07:58:59.303639+00:00,"{""category_id"": 14}"
ba38b3f9-009c-4584-a726-1de3955f8580,cart_item_quantity_updated,57,sim-u57-s3,33,,synthetic,3,2026-03-31T07:59:30.303639+00:00,"{""category_id"": 14, ""quantity"": 2}"
83d4410c-5db9-44a0-9419-20e93561ae3c,order_created,24,sim-u24-s2,32,,synthetic,5,2026-03-31T08:00:50.303639+00:00,"{""category_id"": 14}"
f6bd4ba8-4c1b-46e5-bbb5-c4f511ec7db0,checkout_started,57,sim-u57-s3,,checkout,synthetic,4,2026-03-31T08:01:15.303639+00:00,{}
a28dee1a-fc9e-44c6-bad9-d03493692ea9,order_created,57,sim-u57-s3,33,,synthetic,5,2026-03-31T08:01:51.303639+00:00,"{""category_id"": 14}"
a9b3a1c6-67b2-4a38-8ec4-f28791cbd81d,order_paid,57,sim-u57-s3,33,,synthetic,6,2026-03-31T08:02:47.303639+00:00,"{""category_id"": 14}"
5ed8f3d1-d590-4094-8442-7cff7a86d57f,order_paid,24,sim-u24-s2,32,,synthetic,6,2026-03-31T08:03:42.303639+00:00,"{""category_id"": 14}"
75671ddc-bf6a-481f-ad90-2cc12c389f7a,order_completed,24,sim-u24-s2,32,,synthetic,6,2026-03-31T08:04:36.303639+00:00,"{""category_id"": 14}"
3110db80-2850-438a-b988-31fb4c995869,order_completed,57,sim-u57-s3,33,,synthetic,6,2026-03-31T08:04:53.303639+00:00,"{""category_id"": 14}"
8fc0305b-cad8-4ff0-a8b2-bddc501e07aa,chat_message_sent,24,sim-u24-s2,32,San pham nay co uu diem gi,synthetic,2,2026-03-31T08:06:58.303639+00:00,"{""category_id"": 14, ""intent"": ""advice""}"
ec25a43d-4097-44ae-961d-9a4cbbada54f,chat_message_sent,57,sim-u57-s3,33,Nen chon mau nao cho cong viec van phong,synthetic,2,2026-03-31T08:07:34.303639+00:00,"{""category_id"": 14, ""intent"": ""advice""}"
3a26a80a-8c9f-45a2-8e31-04a81ba3ba91,search_performed,24,sim-u24-s2,,office chair,synthetic,1,2026-03-31T08:08:59.303639+00:00,"{""search_query"": ""office chair""}"
b323e748-b396-4bd7-8ff1-cb1dd7ef2eb4,product_clicked,24,sim-u24-s2,25,,synthetic,2,2026-03-31T08:10:40.303639+00:00,"{""category_id"": 10}"
02370922-6f9e-433d-b275-0a48c732ea58,product_viewed,24,sim-u24-s2,25,,synthetic,1,2026-03-31T08:12:14.303639+00:00,"{""category_id"": 10}"
a0e146a9-e0a1-447d-825a-575b2ac480b4,cart_viewed,24,sim-u24-s2,,open cart,synthetic,1,2026-03-31T08:14:39.303639+00:00,{}
e76b0ed6-9b1e-4554-aca0-35ee2dbb3649,cart_item_added,24,sim-u24-s2,25,,synthetic,4,2026-03-31T08:17:26.303639+00:00,"{""category_id"": 10}"
8615942a-8daf-4a07-a816-4c1b45dd874b,checkout_started,24,sim-u24-s2,,checkout,synthetic,4,2026-03-31T08:18:57.303639+00:00,{}
6e0e69ac-28e0-4bb4-97e6-f35fe1dfcaca,order_created,24,sim-u24-s2,25,,synthetic,5,2026-03-31T08:20:57.303639+00:00,"{""category_id"": 10}"
5fe8c4c4-63a2-45ee-9a39-5d6bbd644561,order_paid,24,sim-u24-s2,25,,synthetic,6,2026-03-31T08:23:41.303639+00:00,"{""category_id"": 10}"
682de83f-a293-45c4-b61b-e41d44f49fe0,order_completed,24,sim-u24-s2,25,,synthetic,6,2026-03-31T08:24:52.303639+00:00,"{""category_id"": 10}"
b9c01a86-5502-47a2-a629-6c31a4471999,chat_message_sent,24,sim-u24-s2,25,San pham nay co uu diem gi,synthetic,2,2026-03-31T08:27:32.303639+00:00,"{""category_id"": 10, ""intent"": ""advice""}"
765fdc15-93f3-4ee0-9d8a-06b3ca47a4ff,chat_started,65,sim-u65-s3,,start session,synthetic,1,2026-03-31T10:55:25.303639+00:00,"{""channel"": ""web""}"
9d432781-60c4-48d8-aaa5-b31bf7e0aff0,search_performed,65,sim-u65-s3,,monitor 27 inch,synthetic,1,2026-03-31T10:57:18.303639+00:00,"{""search_query"": ""monitor 27 inch""}"
a70f6866-9855-4425-a5f0-06bc6d3d69cb,product_clicked,65,sim-u65-s3,16,,synthetic,2,2026-03-31T10:59:29.303639+00:00,"{""category_id"": 6}"
8de9918f-cbaa-451c-a0c5-e25c80c8a64a,product_viewed,65,sim-u65-s3,16,,synthetic,1,2026-03-31T11:00:40.303639+00:00,"{""category_id"": 6}"
ef4a0338-f541-4dfe-8707-cb2b813adf5b,cart_viewed,65,sim-u65-s3,,open cart,synthetic,1,2026-03-31T11:01:19.303639+00:00,{}
d8ee6734-b524-4ce8-8111-02b9ff0555e5,cart_item_added,65,sim-u65-s3,16,,synthetic,4,2026-03-31T11:03:56.303639+00:00,"{""category_id"": 6}"
b4d40535-1853-445a-a84f-d940d0015d0b,cart_item_quantity_updated,65,sim-u65-s3,16,,synthetic,3,2026-03-31T11:04:28.303639+00:00,"{""category_id"": 6, ""quantity"": 3}"
a10615d8-7660-43fb-a931-32e25751c9e2,checkout_started,65,sim-u65-s3,,checkout,synthetic,4,2026-03-31T11:07:14.303639+00:00,{}
bad2dd80-81dd-4129-bb8b-c50fd0f8c6d6,order_created,65,sim-u65-s3,16,,synthetic,5,2026-03-31T11:09:16.303639+00:00,"{""category_id"": 6}"
d1b69040-8267-4e79-a015-3c8f79c52d20,order_paid,65,sim-u65-s3,16,,synthetic,6,2026-03-31T11:12:15.303639+00:00,"{""category_id"": 6}"
786cd446-a3db-413e-b60b-94b948ba164b,order_completed,65,sim-u65-s3,16,,synthetic,6,2026-03-31T11:12:58.303639+00:00,"{""category_id"": 6}"
39bef955-6848-40be-9612-6a8dac07cbd9,chat_message_sent,65,sim-u65-s3,16,Tu van cho toi mot san pham phu hop nhu cau,synthetic,2,2026-03-31T11:15:49.303639+00:00,"{""category_id"": 6, ""intent"": ""advice""}"
62e9ff1b-ff21-4d2d-9c82-04fad058e27d,chat_started,60,sim-u60-s3,,start session,synthetic,1,2026-03-31T15:22:44.303639+00:00,"{""channel"": ""web""}"
fac76e46-625c-4c10-8198-df3b0c6081dd,search_performed,60,sim-u60-s3,,monitor 27 inch,synthetic,1,2026-03-31T15:25:00.303639+00:00,"{""search_query"": ""monitor 27 inch""}"
4f4a030b-f3b0-41d9-beb3-f95e09817d6e,product_clicked,60,sim-u60-s3,24,,synthetic,2,2026-03-31T15:26:02.303639+00:00,"{""category_id"": 10}"
ce3aa209-c1a0-4350-b4f3-2a3997eb064e,product_viewed,60,sim-u60-s3,24,,synthetic,1,2026-03-31T15:29:00.303639+00:00,"{""category_id"": 10}"
4346d37e-cdb9-4db7-a8b2-213d140f0563,chat_message_sent,60,sim-u60-s3,24,Nen chon mau nao cho cong viec van phong,synthetic,2,2026-03-31T15:30:06.303639+00:00,"{""category_id"": 10, ""intent"": ""advice""}"
f3039434-5092-4726-8c89-7389822096b7,chat_started,98,sim-u98-s1,,start session,synthetic,1,2026-03-31T19:20:55.303639+00:00,"{""channel"": ""web""}"
afafe3fb-82ba-4e5f-bcb7-461f99f1f04a,search_performed,98,sim-u98-s1,,office chair,synthetic,1,2026-03-31T19:21:46.303639+00:00,"{""search_query"": ""office chair""}"
ebd869ad-63f2-4e93-8623-df211ec34143,product_clicked,98,sim-u98-s1,6,,synthetic,2,2026-03-31T19:24:31.303639+00:00,"{""category_id"": 1}"
ea5dcd7d-c780-4d13-b0a7-d4f55e96106a,product_viewed,98,sim-u98-s1,6,,synthetic,1,2026-03-31T19:26:55.303639+00:00,"{""category_id"": 1}"
5f72b175-3e87-4026-bc78-f3c51fcfbf6a,cart_viewed,98,sim-u98-s1,,open cart,synthetic,1,2026-03-31T19:28:28.303639+00:00,{}
7f78966b-af7f-428e-b72d-b436a3aeb343,cart_item_added,98,sim-u98-s1,6,,synthetic,4,2026-03-31T19:30:30.303639+00:00,"{""category_id"": 1}"
55338adf-d75e-4709-81dc-49bdf7eac4e9,cart_item_quantity_updated,98,sim-u98-s1,6,,synthetic,3,2026-03-31T19:31:23.303639+00:00,"{""category_id"": 1, ""quantity"": 4}"
1bc91ed1-c817-4ee3-ad10-1a8e1331d448,checkout_started,98,sim-u98-s1,,checkout,synthetic,4,2026-03-31T19:33:54.303639+00:00,{}
08c5eaf4-356e-41a0-9c10-15198141b815,order_created,98,sim-u98-s1,6,,synthetic,5,2026-03-31T19:36:53.303639+00:00,"{""category_id"": 1}"
91f26681-a52c-49db-8496-66435024988c,order_cancelled,98,sim-u98-s1,6,,synthetic,-2,2026-03-31T19:38:48.303639+00:00,"{""category_id"": 1}"
5471591f-22cc-48cd-95d2-d8f02fa940a6,chat_message_sent,98,sim-u98-s1,6,Co goi y san pham thay the khong,synthetic,2,2026-03-31T19:41:17.303639+00:00,"{""category_id"": 1, ""intent"": ""advice""}"
4b9e8125-bf62-4a19-a52c-0c635950907c,search_performed,98,sim-u98-s1,,monitor 27 inch,synthetic,1,2026-03-31T19:41:47.303639+00:00,"{""search_query"": ""monitor 27 inch""}"
7875ba83-6cd0-43a0-928a-abac12c3b3f3,product_clicked,98,sim-u98-s1,21,,synthetic,2,2026-03-31T19:44:45.303639+00:00,"{""category_id"": 8}"
6d7a9343-828c-4051-9898-7704680d2d24,product_viewed,98,sim-u98-s1,21,,synthetic,1,2026-03-31T19:45:19.303639+00:00,"{""category_id"": 8}"
592e3720-aca6-485b-bb42-d03ee1bdb2aa,cart_viewed,98,sim-u98-s1,,open cart,synthetic,1,2026-03-31T19:46:41.303639+00:00,{}
1bc0078a-dbd8-4ff2-b718-ede6d3319f64,cart_item_added,98,sim-u98-s1,21,,synthetic,4,2026-03-31T19:49:24.303639+00:00,"{""category_id"": 8}"
16b938fb-aa5c-4513-abd9-efd13b32ed37,cart_item_quantity_updated,98,sim-u98-s1,21,,synthetic,3,2026-03-31T19:50:58.303639+00:00,"{""category_id"": 8, ""quantity"": 2}"
98b11d41-a28a-4041-b48e-6f51ece1ccbc,checkout_started,98,sim-u98-s1,,checkout,synthetic,4,2026-03-31T19:53:43.303639+00:00,{}
b9199682-6283-402c-8dc0-9801fc4204e1,order_created,98,sim-u98-s1,21,,synthetic,5,2026-03-31T19:55:45.303639+00:00,"{""category_id"": 8}"
6b158345-472a-4209-8b6c-5e0b96dd5d79,order_cancelled,98,sim-u98-s1,21,,synthetic,-2,2026-03-31T19:57:02.303639+00:00,"{""category_id"": 8}"
c6143707-2730-4c4b-ad23-e42baa849f9e,chat_message_sent,98,sim-u98-s1,21,Co goi y san pham thay the khong,synthetic,2,2026-03-31T19:57:45.303639+00:00,"{""category_id"": 8, ""intent"": ""advice""}"
77b2e9a8-ee8c-46cf-b274-1f39adfee170,search_performed,98,sim-u98-s1,,usb c hub,synthetic,1,2026-03-31T20:00:04.303639+00:00,"{""search_query"": ""usb c hub""}"
cf923ced-3180-4cb0-8255-9429667902d9,product_clicked,98,sim-u98-s1,24,,synthetic,2,2026-03-31T20:02:40.303639+00:00,"{""category_id"": 10}"
4c1c085c-29da-46a5-8a4e-b92597328230,product_viewed,98,sim-u98-s1,24,,synthetic,1,2026-03-31T20:04:59.303639+00:00,"{""category_id"": 10}"
78a69416-a64c-44fc-b923-5bf52858839d,cart_viewed,98,sim-u98-s1,,open cart,synthetic,1,2026-03-31T20:06:05.303639+00:00,{}
efbb2916-e81c-44f5-a41b-9914f6f1eb28,cart_item_added,98,sim-u98-s1,24,,synthetic,4,2026-03-31T20:06:52.303639+00:00,"{""category_id"": 10}"
9b4b1d33-233c-42f9-a2d4-d56cc6923acf,checkout_started,98,sim-u98-s1,,checkout,synthetic,4,2026-03-31T20:09:02.303639+00:00,{}
67075232-fe6f-44d2-b8b8-a3a7fb899283,order_created,98,sim-u98-s1,24,,synthetic,5,2026-03-31T20:10:13.303639+00:00,"{""category_id"": 10}"
5c832daa-0476-40c7-8f84-28e54fa99934,order_paid,98,sim-u98-s1,24,,synthetic,6,2026-03-31T20:10:49.303639+00:00,"{""category_id"": 10}"
edf0d6cd-b3fa-4aa4-b5ef-3dfd89088aec,order_completed,98,sim-u98-s1,24,,synthetic,6,2026-03-31T20:12:30.303639+00:00,"{""category_id"": 10}"
61ccd7e4-175b-4674-8d48-fade162c7569,chat_message_sent,98,sim-u98-s1,24,Co goi y san pham thay the khong,synthetic,2,2026-03-31T20:13:44.303639+00:00,"{""category_id"": 10, ""intent"": ""advice""}"
35d0810f-0366-456b-b20c-53c85ccf5f2f,chat_started,20,sim-u20-s1,,start session,synthetic,1,2026-03-31T22:52:56.303639+00:00,"{""channel"": ""web""}"
758a71ff-ca6b-47b5-bb62-a4062b73cdb5,search_performed,20,sim-u20-s1,,laptop stand,synthetic,1,2026-03-31T22:55:16.303639+00:00,"{""search_query"": ""laptop stand""}"
1b745c03-8818-4318-a642-d0a65d4bfdac,product_clicked,20,sim-u20-s1,22,,synthetic,2,2026-03-31T22:57:53.303639+00:00,"{""category_id"": 9}"
a425d8be-abd7-451c-965c-7bbe23a90633,product_viewed,20,sim-u20-s1,22,,synthetic,1,2026-03-31T22:59:08.303639+00:00,"{""category_id"": 9}"
639774fa-5b82-40b5-9ce0-b613bc49d7d3,cart_viewed,20,sim-u20-s1,,open cart,synthetic,1,2026-03-31T23:02:00.303639+00:00,{}
a130f266-9121-430e-a348-c1e7788a0619,cart_item_added,20,sim-u20-s1,22,,synthetic,4,2026-03-31T23:02:40.303639+00:00,"{""category_id"": 9}"
1ee61208-5724-4855-a355-7fab8cc4d750,cart_item_quantity_updated,20,sim-u20-s1,22,,synthetic,3,2026-03-31T23:04:32.303639+00:00,"{""category_id"": 9, ""quantity"": 4}"
440a5c27-d8ca-459b-b0bf-c6e0ee62866f,cart_item_removed,20,sim-u20-s1,22,,synthetic,1,2026-03-31T23:07:16.303639+00:00,"{""category_id"": 9}"
cc7ac6d3-8751-4060-8ad5-f62bd1dda6cc,checkout_started,20,sim-u20-s1,,checkout,synthetic,4,2026-03-31T23:08:04.303639+00:00,{}
cf92c269-5ed0-406b-9705-24a36ffb2b39,order_created,20,sim-u20-s1,22,,synthetic,5,2026-03-31T23:08:39.303639+00:00,"{""category_id"": 9}"
1a0f728c-fa89-4018-bc53-e387b9dcb422,order_paid,20,sim-u20-s1,22,,synthetic,6,2026-03-31T23:11:08.303639+00:00,"{""category_id"": 9}"
39ab60e6-ab3d-46b7-be62-33e09cb23bab,order_completed,20,sim-u20-s1,22,,synthetic,6,2026-03-31T23:12:19.303639+00:00,"{""category_id"": 9}"
ee7b3621-8a0d-4157-b373-21a90fa1af16,chat_message_sent,20,sim-u20-s1,22,San pham nay co uu diem gi,synthetic,2,2026-03-31T23:13:21.303639+00:00,"{""category_id"": 9, ""intent"": ""advice""}"
4707086c-aafe-4a24-856b-b8cfbf8100c6,search_performed,20,sim-u20-s1,,laptop stand,synthetic,1,2026-03-31T23:15:34.303639+00:00,"{""search_query"": ""laptop stand""}"
1a03ad81-6028-481a-9df6-2ea4ccf91662,product_clicked,20,sim-u20-s1,25,,synthetic,2,2026-03-31T23:16:23.303639+00:00,"{""category_id"": 10}"
3bae5b0d-0753-4307-b215-c95388366201,product_viewed,20,sim-u20-s1,25,,synthetic,1,2026-03-31T23:17:35.303639+00:00,"{""category_id"": 10}"
e16be1e3-695f-4d35-b364-3f56de98bee6,cart_viewed,20,sim-u20-s1,,open cart,synthetic,1,2026-03-31T23:20:00.303639+00:00,{}
df718719-8768-4a07-b109-1de1a73aab2e,cart_item_added,20,sim-u20-s1,25,,synthetic,4,2026-03-31T23:20:43.303639+00:00,"{""category_id"": 10}"
b1348eaa-c221-4449-9c97-859d3e75e243,checkout_started,20,sim-u20-s1,,checkout,synthetic,4,2026-03-31T23:21:17.303639+00:00,{}
b4c875a0-6775-4054-ba5c-629c08fcfb03,order_created,20,sim-u20-s1,25,,synthetic,5,2026-03-31T23:23:33.303639+00:00,"{""category_id"": 10}"
0c559bcb-84b9-4805-b17a-814b77e9d58c,order_paid,20,sim-u20-s1,25,,synthetic,6,2026-03-31T23:25:39.303639+00:00,"{""category_id"": 10}"
ca47f413-79f9-41ee-8f7d-11acab8d447b,order_completed,20,sim-u20-s1,25,,synthetic,6,2026-03-31T23:27:55.303639+00:00,"{""category_id"": 10}"
aace4ac0-7f47-476b-9b8e-bf21fd46a905,chat_message_sent,20,sim-u20-s1,25,Co goi y san pham thay the khong,synthetic,2,2026-03-31T23:29:33.303639+00:00,"{""category_id"": 10, ""intent"": ""advice""}"
a34bf837-fc77-4137-953b-828037b32702,chat_started,72,sim-u72-s1,,start session,synthetic,1,2026-04-01T03:24:50.303639+00:00,"{""channel"": ""web""}"
23ac6805-d1cb-4c50-9578-86bba3531682,search_performed,72,sim-u72-s1,,ergonomic desk,synthetic,1,2026-04-01T03:26:25.303639+00:00,"{""search_query"": ""ergonomic desk""}"
f4fe00f3-0dfa-47cf-9b14-f93c57aa73d1,product_clicked,72,sim-u72-s1,28,,synthetic,2,2026-04-01T03:29:10.303639+00:00,"{""category_id"": 12}"
85493ff9-655b-4bb0-8589-37f4c8edbaef,product_viewed,72,sim-u72-s1,28,,synthetic,1,2026-04-01T03:31:10.303639+00:00,"{""category_id"": 12}"
4aa494c2-1c0e-4919-82e9-9dac88b16c11,cart_viewed,72,sim-u72-s1,,open cart,synthetic,1,2026-04-01T03:31:32.303639+00:00,{}
c4f49e6d-9664-4b8d-bafd-438ed74d274f,cart_item_added,72,sim-u72-s1,28,,synthetic,4,2026-04-01T03:32:18.303639+00:00,"{""category_id"": 12}"
cfa0d6bd-83dd-4b3e-8391-344d26ad3562,checkout_started,72,sim-u72-s1,,checkout,synthetic,4,2026-04-01T03:34:24.303639+00:00,{}
c22244e9-cc4a-44a4-a7f9-35460acc098b,order_created,72,sim-u72-s1,28,,synthetic,5,2026-04-01T03:36:50.303639+00:00,"{""category_id"": 12}"
7dd75beb-6944-4a40-b08d-676e2491462d,order_paid,72,sim-u72-s1,28,,synthetic,6,2026-04-01T03:39:42.303639+00:00,"{""category_id"": 12}"
8d2bb28a-61e2-4d2d-8ecd-f465b166bd2e,order_completed,72,sim-u72-s1,28,,synthetic,6,2026-04-01T03:42:23.303639+00:00,"{""category_id"": 12}"
046360c9-3109-45be-bffb-6ff6197e2092,search_performed,72,sim-u72-s1,,usb c hub,synthetic,1,2026-04-01T03:44:25.303639+00:00,"{""search_query"": ""usb c hub""}"
32bc3add-f5e9-4c76-80d2-135e29c867a0,product_clicked,72,sim-u72-s1,34,,synthetic,2,2026-04-01T03:46:49.303639+00:00,"{""category_id"": 15}"
52738171-4fa9-45b7-af33-2543a7515a0e,product_viewed,72,sim-u72-s1,34,,synthetic,1,2026-04-01T03:49:20.303639+00:00,"{""category_id"": 15}"
1bdfcffa-acb4-43b5-8990-110b13ba9de7,cart_viewed,72,sim-u72-s1,,open cart,synthetic,1,2026-04-01T03:52:16.303639+00:00,{}
ce4eeed6-b766-498c-beba-f8b4902574e8,cart_item_added,72,sim-u72-s1,34,,synthetic,4,2026-04-01T03:54:40.303639+00:00,"{""category_id"": 15}"
85abb039-4ea9-4bd4-8aaf-a007876e9187,cart_item_quantity_updated,72,sim-u72-s1,34,,synthetic,3,2026-04-01T03:57:15.303639+00:00,"{""category_id"": 15, ""quantity"": 2}"
48412ec3-d0e4-41b8-8e1e-3b1bfbdef61b,cart_item_removed,72,sim-u72-s1,34,,synthetic,1,2026-04-01T04:00:02.303639+00:00,"{""category_id"": 15}"
cd01d345-1b6b-4207-abb3-89b9ed16504d,checkout_started,72,sim-u72-s1,,checkout,synthetic,4,2026-04-01T04:01:42.303639+00:00,{}
5e078cb2-2032-401d-95fa-f0ae22ef1e85,order_created,72,sim-u72-s1,34,,synthetic,5,2026-04-01T04:04:23.303639+00:00,"{""category_id"": 15}"
e9e6f5be-9bd9-4d5d-b488-177867b908b9,order_paid,72,sim-u72-s1,34,,synthetic,6,2026-04-01T04:06:29.303639+00:00,"{""category_id"": 15}"
fc512562-9694-45dc-85c0-f863f451f9e7,order_completed,72,sim-u72-s1,34,,synthetic,6,2026-04-01T04:08:50.303639+00:00,"{""category_id"": 15}"
4deff7b4-1ba2-4422-80de-74d166a7d920,chat_message_sent,72,sim-u72-s1,34,Nen chon mau nao cho cong viec van phong,synthetic,2,2026-04-01T04:11:04.303639+00:00,"{""category_id"": 15, ""intent"": ""advice""}"
2b77eccd-d76b-4def-a083-c39f969bf0f5,search_performed,72,sim-u72-s1,,mechanical keyboard,synthetic,1,2026-04-01T04:11:29.303639+00:00,"{""search_query"": ""mechanical keyboard""}"
d8d4854b-2dba-4cb6-88f3-44f032170b82,product_clicked,72,sim-u72-s1,13,,synthetic,2,2026-04-01T04:12:30.303639+00:00,"{""category_id"": 4}"
a1d129d9-b721-4e43-92ce-68aeb5a23233,product_viewed,72,sim-u72-s1,13,,synthetic,1,2026-04-01T04:14:03.303639+00:00,"{""category_id"": 4}"
a668403a-ff28-48fa-bec7-7a7343a66be4,cart_viewed,72,sim-u72-s1,,open cart,synthetic,1,2026-04-01T04:16:23.303639+00:00,{}
6cfb2fe0-316d-495c-befa-97bdf8ede731,cart_item_added,72,sim-u72-s1,13,,synthetic,4,2026-04-01T04:18:11.303639+00:00,"{""category_id"": 4}"
d62ae887-2d99-4e02-9ee5-47fa37408dc9,cart_item_quantity_updated,72,sim-u72-s1,13,,synthetic,3,2026-04-01T04:19:27.303639+00:00,"{""category_id"": 4, ""quantity"": 4}"
a12db601-f0a6-4351-98a8-6c35d1ac0017,checkout_started,72,sim-u72-s1,,checkout,synthetic,4,2026-04-01T04:21:13.303639+00:00,{}
19d49bda-b63f-48a3-a3fe-1740fef796aa,order_created,72,sim-u72-s1,13,,synthetic,5,2026-04-01T04:24:07.303639+00:00,"{""category_id"": 4}"
2136226e-e1a4-4df9-9fd0-b5fcd5f1c321,order_cancelled,72,sim-u72-s1,13,,synthetic,-2,2026-04-01T04:26:26.303639+00:00,"{""category_id"": 4}"
a5d78e7f-9ac5-447c-ade8-ed59066b500e,chat_message_sent,72,sim-u72-s1,13,Nen chon mau nao cho cong viec van phong,synthetic,2,2026-04-01T04:28:25.303639+00:00,"{""category_id"": 4, ""intent"": ""advice""}"
3cc76dcd-d720-41d3-ab08-221828bc1e9a,chat_started,51,sim-u51-s3,,start session,synthetic,1,2026-04-01T11:06:03.303639+00:00,"{""channel"": ""web""}"
fa660008-356b-45e8-9339-7a1cb00d03a8,search_performed,51,sim-u51-s3,,wireless mouse,synthetic,1,2026-04-01T11:08:58.303639+00:00,"{""search_query"": ""wireless mouse""}"
5742d5e1-7460-49b3-90ae-28fe86e87f3d,product_clicked,51,sim-u51-s3,10,,synthetic,2,2026-04-01T11:11:24.303639+00:00,"{""category_id"": 3}"
b0c42a47-31a2-4d34-825f-332ef613f23a,product_viewed,51,sim-u51-s3,10,,synthetic,1,2026-04-01T11:12:44.303639+00:00,"{""category_id"": 3}"
5af28195-526f-4b2b-88c9-f18b63489751,cart_viewed,51,sim-u51-s3,,open cart,synthetic,1,2026-04-01T11:15:05.303639+00:00,{}
71f20885-9fdd-4d35-840a-4c27ce691ab9,cart_item_added,51,sim-u51-s3,10,,synthetic,4,2026-04-01T11:17:21.303639+00:00,"{""category_id"": 3}"
7bfd6eb5-75d3-4732-9503-ad92a102fbd2,cart_item_quantity_updated,51,sim-u51-s3,10,,synthetic,3,2026-04-01T11:20:14.303639+00:00,"{""category_id"": 3, ""quantity"": 2}"
deb3f636-8201-4199-be80-11357e313dc5,checkout_started,51,sim-u51-s3,,checkout,synthetic,4,2026-04-01T11:21:36.303639+00:00,{}
4c0bc47a-4c79-46e6-8a4d-2b3ffb910e66,order_created,51,sim-u51-s3,10,,synthetic,5,2026-04-01T11:24:16.303639+00:00,"{""category_id"": 3}"
1bf30399-5112-4c72-91a6-394722a783d4,order_paid,51,sim-u51-s3,10,,synthetic,6,2026-04-01T11:27:16.303639+00:00,"{""category_id"": 3}"
0698b0eb-f872-46d2-ba2e-cff5e6e08fd0,order_completed,51,sim-u51-s3,10,,synthetic,6,2026-04-01T11:29:58.303639+00:00,"{""category_id"": 3}"
75b82dd8-033b-4736-a24f-bdb220f206a1,search_performed,51,sim-u51-s3,,wireless mouse,synthetic,1,2026-04-01T11:31:05.303639+00:00,"{""search_query"": ""wireless mouse""}"
c4133c60-5ccd-4583-9898-1a7f1b6a5fc1,product_clicked,51,sim-u51-s3,29,,synthetic,2,2026-04-01T11:32:02.303639+00:00,"{""category_id"": 12}"
feb1b873-2345-49a6-9284-3708f1945e0c,product_viewed,51,sim-u51-s3,29,,synthetic,1,2026-04-01T11:32:36.303639+00:00,"{""category_id"": 12}"
d8dbdd89-9d27-4da6-88ac-4498dcc795f8,cart_viewed,51,sim-u51-s3,,open cart,synthetic,1,2026-04-01T11:33:05.303639+00:00,{}
b81b0728-6425-42a1-914d-90e72a26a11d,cart_item_added,51,sim-u51-s3,29,,synthetic,4,2026-04-01T11:34:02.303639+00:00,"{""category_id"": 12}"
84de2d17-fef2-450c-ac55-d1c6657d9c98,checkout_started,51,sim-u51-s3,,checkout,synthetic,4,2026-04-01T11:36:56.303639+00:00,{}
5becec9b-a193-4d6a-a5c1-1021e486db54,order_created,51,sim-u51-s3,29,,synthetic,5,2026-04-01T11:38:32.303639+00:00,"{""category_id"": 12}"
3ee0261c-6ffe-4e96-9944-858593a5037d,order_paid,51,sim-u51-s3,29,,synthetic,6,2026-04-01T11:39:14.303639+00:00,"{""category_id"": 12}"
28e605ba-450e-4d4b-b87e-45977272271c,order_completed,51,sim-u51-s3,29,,synthetic,6,2026-04-01T11:39:46.303639+00:00,"{""category_id"": 12}"
db7f9030-1dfd-4906-8705-5e7b3162df1c,chat_message_sent,51,sim-u51-s3,29,San pham nay co uu diem gi,synthetic,2,2026-04-01T11:40:47.303639+00:00,"{""category_id"": 12, ""intent"": ""advice""}"
8ef55a33-fea4-40bd-a84e-feadfea181ec,search_performed,51,sim-u51-s3,,monitor 27 inch,synthetic,1,2026-04-01T11:43:43.303639+00:00,"{""search_query"": ""monitor 27 inch""}"
b36a2049-a0f1-4cd8-8d8f-51897ea5b2f9,product_clicked,51,sim-u51-s3,14,,synthetic,2,2026-04-01T11:46:35.303639+00:00,"{""category_id"": 5}"
e8a424ca-8e06-48a9-ab2e-270bc29507cb,product_viewed,51,sim-u51-s3,14,,synthetic,1,2026-04-01T11:49:21.303639+00:00,"{""category_id"": 5}"
892f48ee-84fe-4610-aa22-5deab3cd3149,cart_viewed,51,sim-u51-s3,,open cart,synthetic,1,2026-04-01T11:50:26.303639+00:00,{}
da65c3dc-531d-4f9f-bac3-8dba3fcad4bb,cart_item_added,51,sim-u51-s3,14,,synthetic,4,2026-04-01T11:52:42.303639+00:00,"{""category_id"": 5}"
34d0894d-c37b-44a7-82e6-d153d96ec047,checkout_started,51,sim-u51-s3,,checkout,synthetic,4,2026-04-01T11:53:11.303639+00:00,{}
a577bab9-7b88-4922-96d9-7d5c79abeef3,order_created,51,sim-u51-s3,14,,synthetic,5,2026-04-01T11:53:54.303639+00:00,"{""category_id"": 5}"
e06b85b1-8bb1-4846-9eec-172ba07ae929,order_paid,51,sim-u51-s3,14,,synthetic,6,2026-04-01T11:55:36.303639+00:00,"{""category_id"": 5}"
1fdd914d-3117-45f2-a529-0918ff97d34f,order_completed,51,sim-u51-s3,14,,synthetic,6,2026-04-01T11:57:30.303639+00:00,"{""category_id"": 5}"
69e6d4f3-5410-4fd9-b706-639d359df625,chat_started,14,sim-u14-s1,,start session,synthetic,1,2026-04-01T12:39:02.303639+00:00,"{""channel"": ""web""}"
cda04118-1904-478a-a93d-fe5550695028,search_performed,14,sim-u14-s1,,monitor 27 inch,synthetic,1,2026-04-01T12:39:41.303639+00:00,"{""search_query"": ""monitor 27 inch""}"
67cf9dc2-5cfc-4b3f-add3-e46f97e04201,product_clicked,14,sim-u14-s1,9,,synthetic,2,2026-04-01T12:40:24.303639+00:00,"{""category_id"": 2}"
6fbd5031-64e3-46a8-a1fb-d6aecc45e2ab,product_viewed,14,sim-u14-s1,9,,synthetic,1,2026-04-01T12:43:21.303639+00:00,"{""category_id"": 2}"
3e9ee1d2-e44f-4691-bc24-8710e4f11e92,chat_started,81,sim-u81-s1,,start session,synthetic,1,2026-04-01T12:44:18.303639+00:00,"{""channel"": ""web""}"
13491dbe-8efb-486a-a8de-87ad023b48cc,cart_viewed,14,sim-u14-s1,,open cart,synthetic,1,2026-04-01T12:45:19.303639+00:00,{}
5056027b-ec4c-42f4-b356-88e89c7f1e5c,search_performed,81,sim-u81-s1,,office chair,synthetic,1,2026-04-01T12:47:05.303639+00:00,"{""search_query"": ""office chair""}"
f90e8615-875f-460c-9fd8-a209fbb943f0,cart_item_added,14,sim-u14-s1,9,,synthetic,4,2026-04-01T12:47:37.303639+00:00,"{""category_id"": 2}"
a11f9fcd-12c6-4b1e-971b-2846b64eb00a,product_clicked,81,sim-u81-s1,24,,synthetic,2,2026-04-01T12:47:57.303639+00:00,"{""category_id"": 10}"
37f94722-c308-4fec-a6dd-085937378f89,cart_item_quantity_updated,14,sim-u14-s1,9,,synthetic,3,2026-04-01T12:48:07.303639+00:00,"{""category_id"": 2, ""quantity"": 4}"
dbaabc31-4bc4-4d9b-8291-6b32eb5a4245,product_viewed,81,sim-u81-s1,24,,synthetic,1,2026-04-01T12:49:35.303639+00:00,"{""category_id"": 10}"
0fc2b5d4-1828-4f79-b465-f4b1f5489929,checkout_started,14,sim-u14-s1,,checkout,synthetic,4,2026-04-01T12:50:53.303639+00:00,{}
5edffe39-c608-441f-8b45-5fdc5645ee2e,chat_message_sent,81,sim-u81-s1,24,Nen chon mau nao cho cong viec van phong,synthetic,2,2026-04-01T12:51:21.303639+00:00,"{""category_id"": 10, ""intent"": ""advice""}"
e2c47404-ea63-48ee-8527-8da336c99286,order_created,14,sim-u14-s1,9,,synthetic,5,2026-04-01T12:52:01.303639+00:00,"{""category_id"": 2}"
ec4cf007-0a84-4739-bd76-aa7b6f340cc0,order_paid,14,sim-u14-s1,9,,synthetic,6,2026-04-01T12:54:22.303639+00:00,"{""category_id"": 2}"
fa5b7d07-e76e-4a4a-85cf-e38c9ef7103c,order_completed,14,sim-u14-s1,9,,synthetic,6,2026-04-01T12:56:50.303639+00:00,"{""category_id"": 2}"
47be1a16-923b-4d7f-91bc-509817c7845a,chat_message_sent,14,sim-u14-s1,9,Tu van cho toi mot san pham phu hop nhu cau,synthetic,2,2026-04-01T12:59:05.303639+00:00,"{""category_id"": 2, ""intent"": ""advice""}"
fdb80cf5-ff57-422c-a4b0-de57dedc983e,search_performed,14,sim-u14-s1,,noise cancelling headset,synthetic,1,2026-04-01T12:59:46.303639+00:00,"{""search_query"": ""noise cancelling headset""}"
f2531cde-0a05-4a60-b5ac-4708590a8413,product_clicked,14,sim-u14-s1,32,,synthetic,2,2026-04-01T13:02:15.303639+00:00,"{""category_id"": 14}"
d4ea2768-1210-43ef-8500-24701cd1e1ae,product_viewed,14,sim-u14-s1,32,,synthetic,1,2026-04-01T13:03:19.303639+00:00,"{""category_id"": 14}"
01f619d6-e98d-4237-926f-f5c2d92c9e6b,cart_viewed,14,sim-u14-s1,,open cart,synthetic,1,2026-04-01T13:05:31.303639+00:00,{}
1449505b-7744-4f67-af29-97103a7f1821,cart_item_added,14,sim-u14-s1,32,,synthetic,4,2026-04-01T13:07:43.303639+00:00,"{""category_id"": 14}"
ef287ba9-aad5-4d05-8bec-d59b93a6f697,cart_item_quantity_updated,14,sim-u14-s1,32,,synthetic,3,2026-04-01T13:08:43.303639+00:00,"{""category_id"": 14, ""quantity"": 4}"
1ecc67a7-1b17-4dae-9d8b-92ba472c197c,checkout_started,14,sim-u14-s1,,checkout,synthetic,4,2026-04-01T13:10:15.303639+00:00,{}
be86b4f9-168a-44b3-9f18-f26471054ccd,order_created,14,sim-u14-s1,32,,synthetic,5,2026-04-01T13:12:14.303639+00:00,"{""category_id"": 14}"
e24b0273-3ba2-476c-a12a-938228ddc662,order_paid,14,sim-u14-s1,32,,synthetic,6,2026-04-01T13:14:00.303639+00:00,"{""category_id"": 14}"
bdd98d31-7d24-4121-b713-3bbbfdad29b0,order_completed,14,sim-u14-s1,32,,synthetic,6,2026-04-01T13:16:53.303639+00:00,"{""category_id"": 14}"
1a690f39-8900-428c-afa1-8624e0a7531f,chat_message_sent,14,sim-u14-s1,32,Nen chon mau nao cho cong viec van phong,synthetic,2,2026-04-01T13:17:29.303639+00:00,"{""category_id"": 14, ""intent"": ""advice""}"
9c334a6e-2add-4bab-ae3e-5dc1590b930f,chat_started,5,sim-u5-s3,,start session,synthetic,1,2026-04-01T13:53:39.303639+00:00,"{""channel"": ""web""}"
6e3b1de6-cb76-4033-a263-b01c8d65675d,search_performed,5,sim-u5-s3,,webcam full hd,synthetic,1,2026-04-01T13:54:04.303639+00:00,"{""search_query"": ""webcam full hd""}"
1bc90d72-8c1f-4e12-86ba-4d9e6361a57b,product_clicked,5,sim-u5-s3,23,,synthetic,2,2026-04-01T13:56:51.303639+00:00,"{""category_id"": 9}"
d5a11d38-1ad0-44d1-ad6e-149420cef75e,product_viewed,5,sim-u5-s3,23,,synthetic,1,2026-04-01T13:58:48.303639+00:00,"{""category_id"": 9}"
8dc52885-7f3e-4d83-a675-a700a8a41b8f,cart_viewed,5,sim-u5-s3,,open cart,synthetic,1,2026-04-01T14:00:38.303639+00:00,{}
1948a22f-fd5b-45a9-8b26-292c9f1d59c2,chat_started,58,sim-u58-s2,,start session,synthetic,1,2026-04-01T14:01:19.303639+00:00,"{""channel"": ""web""}"
eaeca274-8f09-4b7e-a366-02428de72a8f,cart_item_added,5,sim-u5-s3,23,,synthetic,4,2026-04-01T14:02:14.303639+00:00,"{""category_id"": 9}"
bc0a928b-3bab-4f75-bf9b-8dad78a15e64,search_performed,58,sim-u58-s2,,wireless mouse,synthetic,1,2026-04-01T14:04:11.303639+00:00,"{""search_query"": ""wireless mouse""}"
8119aa50-3721-4c53-a061-7890be62c4ff,checkout_started,5,sim-u5-s3,,checkout,synthetic,4,2026-04-01T14:04:21.303639+00:00,{}
cab03c1b-38b4-4b5e-b4aa-11cb9914edfe,product_clicked,58,sim-u58-s2,13,,synthetic,2,2026-04-01T14:05:17.303639+00:00,"{""category_id"": 4}"
7556955e-27af-40a7-a270-5c27211542d4,order_created,5,sim-u5-s3,23,,synthetic,5,2026-04-01T14:06:58.303639+00:00,"{""category_id"": 9}"
f16ed057-48d3-4ba7-a76a-fac9137e1186,product_viewed,58,sim-u58-s2,13,,synthetic,1,2026-04-01T14:07:44.303639+00:00,"{""category_id"": 4}"
a9a81241-a516-4395-a140-996930f490b4,cart_viewed,58,sim-u58-s2,,open cart,synthetic,1,2026-04-01T14:08:26.303639+00:00,{}
48ff8d52-d3bd-48ba-8503-6f6f58eb0ad7,order_paid,5,sim-u5-s3,23,,synthetic,6,2026-04-01T14:09:37.303639+00:00,"{""category_id"": 9}"
9841e0bf-7169-47b7-a44e-144413729ba3,cart_item_added,58,sim-u58-s2,13,,synthetic,4,2026-04-01T14:11:26.303639+00:00,"{""category_id"": 4}"
4699b5ce-e8c1-480d-898c-4e34e229bcfa,order_completed,5,sim-u5-s3,23,,synthetic,6,2026-04-01T14:12:31.303639+00:00,"{""category_id"": 9}"
d048668e-71e2-4d8c-9bfe-1213af2c7e7c,checkout_started,58,sim-u58-s2,,checkout,synthetic,4,2026-04-01T14:13:33.303639+00:00,{}
d21cb059-2bad-4415-a88d-63005562a217,order_created,58,sim-u58-s2,13,,synthetic,5,2026-04-01T14:13:54.303639+00:00,"{""category_id"": 4}"
206ab6c6-4704-4b30-a38b-e488e87190f6,search_performed,5,sim-u5-s3,,ergonomic desk,synthetic,1,2026-04-01T14:14:00.303639+00:00,"{""search_query"": ""ergonomic desk""}"
6b3a3e7f-0243-4db5-a904-b4e490b784ac,order_paid,58,sim-u58-s2,13,,synthetic,6,2026-04-01T14:15:03.303639+00:00,"{""category_id"": 4}"
cf472864-b5ed-4edf-b238-f8a359220e17,order_completed,58,sim-u58-s2,13,,synthetic,6,2026-04-01T14:15:53.303639+00:00,"{""category_id"": 4}"
90136cc5-510a-4eef-a222-f1e131ae5d95,product_clicked,5,sim-u5-s3,20,,synthetic,2,2026-04-01T14:16:11.303639+00:00,"{""category_id"": 8}"
5df7a283-be50-4dd4-b2e2-623e6f62a9f3,search_performed,58,sim-u58-s2,,webcam full hd,synthetic,1,2026-04-01T14:17:45.303639+00:00,"{""search_query"": ""webcam full hd""}"
3ab917cc-e19b-4450-b8b7-d3fa8661b6e2,product_viewed,5,sim-u5-s3,20,,synthetic,1,2026-04-01T14:18:35.303639+00:00,"{""category_id"": 8}"
3ee21c2c-86ad-4987-9847-6abef6f5c208,cart_viewed,5,sim-u5-s3,,open cart,synthetic,1,2026-04-01T14:20:21.303639+00:00,{}
ed3cc594-84cd-406c-ad84-541cade93cb5,product_clicked,58,sim-u58-s2,32,,synthetic,2,2026-04-01T14:20:23.303639+00:00,"{""category_id"": 14}"
da70b845-8032-4bed-ad07-fe429c099afe,cart_item_added,5,sim-u5-s3,20,,synthetic,4,2026-04-01T14:22:24.303639+00:00,"{""category_id"": 8}"
e9d90b1f-d9fd-48fa-8deb-7460416aa0c9,product_viewed,58,sim-u58-s2,32,,synthetic,1,2026-04-01T14:22:52.303639+00:00,"{""category_id"": 14}"
fd0e8b9f-4d6b-47e3-a198-758cf7273358,checkout_started,5,sim-u5-s3,,checkout,synthetic,4,2026-04-01T14:23:16.303639+00:00,{}
223d77a2-1410-4f55-bddf-0ebd3699bd8e,cart_viewed,58,sim-u58-s2,,open cart,synthetic,1,2026-04-01T14:25:52.303639+00:00,{}
91e199f6-cc0d-44e7-bcf5-9bc544af3689,order_created,5,sim-u5-s3,20,,synthetic,5,2026-04-01T14:26:15.303639+00:00,"{""category_id"": 8}"
51c2ce17-17ee-4f1b-bc8c-33635c5c305a,cart_item_added,58,sim-u58-s2,32,,synthetic,4,2026-04-01T14:27:05.303639+00:00,"{""category_id"": 14}"
55ce98d7-2cfe-467c-8091-026aedbc1870,cart_item_quantity_updated,58,sim-u58-s2,32,,synthetic,3,2026-04-01T14:27:53.303639+00:00,"{""category_id"": 14, ""quantity"": 2}"
4f329dd8-7071-42e7-a59b-c76d1f314ad6,order_paid,5,sim-u5-s3,20,,synthetic,6,2026-04-01T14:28:15.303639+00:00,"{""category_id"": 8}"
fba0e158-024e-4207-afb1-ca0a62731549,checkout_started,58,sim-u58-s2,,checkout,synthetic,4,2026-04-01T14:30:14.303639+00:00,{}
b376af3b-846c-4bc5-8d12-517a1fe0ca79,order_completed,5,sim-u5-s3,20,,synthetic,6,2026-04-01T14:31:06.303639+00:00,"{""category_id"": 8}"
51b14db6-f93f-432a-b8ac-c6911905d486,chat_message_sent,5,sim-u5-s3,20,Tu van cho toi mot san pham phu hop nhu cau,synthetic,2,2026-04-01T14:31:47.303639+00:00,"{""category_id"": 8, ""intent"": ""advice""}"
cecbd865-3788-4672-b461-e39534bc6c4b,order_created,58,sim-u58-s2,32,,synthetic,5,2026-04-01T14:32:41.303639+00:00,"{""category_id"": 14}"
9bee10db-6ae2-4f86-9b00-09decdf64e50,order_paid,58,sim-u58-s2,32,,synthetic,6,2026-04-01T14:33:12.303639+00:00,"{""category_id"": 14}"
2b326ac8-d288-45b1-8651-d8df8ade9b24,order_completed,58,sim-u58-s2,32,,synthetic,6,2026-04-01T14:33:45.303639+00:00,"{""category_id"": 14}"
7a1baceb-6c1c-4b1f-9a8f-749480f1ed50,chat_message_sent,58,sim-u58-s2,32,Nen chon mau nao cho cong viec van phong,synthetic,2,2026-04-01T14:34:58.303639+00:00,"{""category_id"": 14, ""intent"": ""advice""}"
adf332e3-8e0d-43d0-a4b5-59f3c9a7ce6c,search_performed,58,sim-u58-s2,,monitor 27 inch,synthetic,1,2026-04-01T14:36:43.303639+00:00,"{""search_query"": ""monitor 27 inch""}"
47d7cce5-62ca-46c6-af61-ab7f1b962cfd,product_clicked,58,sim-u58-s2,22,,synthetic,2,2026-04-01T14:39:40.303639+00:00,"{""category_id"": 9}"
abfb3a94-558b-441b-9b6b-8ecebeb72739,product_viewed,58,sim-u58-s2,22,,synthetic,1,2026-04-01T14:41:56.303639+00:00,"{""category_id"": 9}"
28fb4bab-8887-44ba-9b08-1da4f21cd9d8,cart_viewed,58,sim-u58-s2,,open cart,synthetic,1,2026-04-01T14:42:29.303639+00:00,{}
7f319df9-72e5-43e9-9439-9c4af2b26930,cart_item_added,58,sim-u58-s2,22,,synthetic,4,2026-04-01T14:45:06.303639+00:00,"{""category_id"": 9}"
d331132d-01a7-4678-8abe-b74431838dd8,cart_item_quantity_updated,58,sim-u58-s2,22,,synthetic,3,2026-04-01T14:47:30.303639+00:00,"{""category_id"": 9, ""quantity"": 2}"
24f873b8-3d35-46b2-9450-1330804d3b02,checkout_started,58,sim-u58-s2,,checkout,synthetic,4,2026-04-01T14:48:08.303639+00:00,{}
fb5cdbd2-6912-42b8-817e-992b554cb784,order_created,58,sim-u58-s2,22,,synthetic,5,2026-04-01T14:49:28.303639+00:00,"{""category_id"": 9}"
b92fd7b3-54e8-4a47-814c-a9708b760e65,order_paid,58,sim-u58-s2,22,,synthetic,6,2026-04-01T14:52:19.303639+00:00,"{""category_id"": 9}"
38f745a0-0a48-4f84-9ca6-0a020092a4fd,order_completed,58,sim-u58-s2,22,,synthetic,6,2026-04-01T14:55:07.303639+00:00,"{""category_id"": 9}"
5155a60d-f3a3-48df-b0b6-0ac25072cd08,chat_message_sent,58,sim-u58-s2,22,San pham nay co uu diem gi,synthetic,2,2026-04-01T14:56:50.303639+00:00,"{""category_id"": 9, ""intent"": ""advice""}"
adbeb31f-c3d7-427d-8be9-b20354c94edd,chat_started,65,sim-u65-s1,,start session,synthetic,1,2026-04-01T17:20:32.303639+00:00,"{""channel"": ""web""}"
470f64fa-33c2-46ac-9901-054ff955530a,search_performed,65,sim-u65-s1,,wireless mouse,synthetic,1,2026-04-01T17:21:00.303639+00:00,"{""search_query"": ""wireless mouse""}"
a53fdde1-ca83-475b-b6d2-5eadd98624f3,product_clicked,65,sim-u65-s1,21,,synthetic,2,2026-04-01T17:22:05.303639+00:00,"{""category_id"": 8}"
1bb2839d-a3df-44b8-9052-496ae4fd8f27,product_viewed,65,sim-u65-s1,21,,synthetic,1,2026-04-01T17:24:47.303639+00:00,"{""category_id"": 8}"
190270fd-61fd-4f52-9f31-b8801bfea34d,cart_viewed,65,sim-u65-s1,,open cart,synthetic,1,2026-04-01T17:26:24.303639+00:00,{}
f70d604f-abd0-4c64-85f0-efd0faab6cf0,cart_item_added,65,sim-u65-s1,21,,synthetic,4,2026-04-01T17:27:26.303639+00:00,"{""category_id"": 8}"
5ca661b4-4152-4fa4-bf5b-68a7269aad51,cart_item_quantity_updated,65,sim-u65-s1,21,,synthetic,3,2026-04-01T17:29:05.303639+00:00,"{""category_id"": 8, ""quantity"": 2}"
fe268a8f-97d8-4a3f-8e66-4e3c5ff71994,checkout_started,65,sim-u65-s1,,checkout,synthetic,4,2026-04-01T17:31:29.303639+00:00,{}
97aa1f27-cb20-4cb7-95df-d81387e126a6,order_created,65,sim-u65-s1,21,,synthetic,5,2026-04-01T17:32:17.303639+00:00,"{""category_id"": 8}"
80c29cec-1505-40cf-9c30-f7f0e657fbda,order_paid,65,sim-u65-s1,21,,synthetic,6,2026-04-01T17:34:42.303639+00:00,"{""category_id"": 8}"
ed46e448-7cc8-4933-b6cd-54271914b288,order_completed,65,sim-u65-s1,21,,synthetic,6,2026-04-01T17:37:23.303639+00:00,"{""category_id"": 8}"
fd794bde-61c4-4f6c-9d53-e3d01c8b5112,chat_message_sent,65,sim-u65-s1,21,Co goi y san pham thay the khong,synthetic,2,2026-04-01T17:39:44.303639+00:00,"{""category_id"": 8, ""intent"": ""advice""}"
ebede655-a50b-452f-a598-14ce833f1e2d,search_performed,65,sim-u65-s1,,office chair,synthetic,1,2026-04-01T17:42:13.303639+00:00,"{""search_query"": ""office chair""}"
d1c18676-0f23-46b2-a8c8-7df132381efe,product_clicked,65,sim-u65-s1,18,,synthetic,2,2026-04-01T17:42:47.303639+00:00,"{""category_id"": 7}"
479672bb-283a-4239-9743-600c6283e581,product_viewed,65,sim-u65-s1,18,,synthetic,1,2026-04-01T17:44:47.303639+00:00,"{""category_id"": 7}"
ad05ea69-0b7f-4f5d-9c3d-54f65ce57e86,cart_viewed,65,sim-u65-s1,,open cart,synthetic,1,2026-04-01T17:47:38.303639+00:00,{}
a901f5a7-6734-4694-a49d-d0053c4f35d1,cart_item_added,65,sim-u65-s1,18,,synthetic,4,2026-04-01T17:49:34.303639+00:00,"{""category_id"": 7}"
5c9b7542-1768-4f48-8884-b588366741db,checkout_started,65,sim-u65-s1,,checkout,synthetic,4,2026-04-01T17:51:06.303639+00:00,{}
91efca7b-344d-4eec-867e-93cab879b89a,order_created,65,sim-u65-s1,18,,synthetic,5,2026-04-01T17:52:48.303639+00:00,"{""category_id"": 7}"
d734d4d7-55b1-439b-a9f1-5caa1d97d894,order_paid,65,sim-u65-s1,18,,synthetic,6,2026-04-01T17:55:39.303639+00:00,"{""category_id"": 7}"
c4cda8fe-1c98-4915-be26-c0f2cfe5fa8e,order_completed,65,sim-u65-s1,18,,synthetic,6,2026-04-01T17:56:10.303639+00:00,"{""category_id"": 7}"
db5a3722-03bf-4782-acbe-5806dfb9f477,chat_message_sent,65,sim-u65-s1,18,Nen chon mau nao cho cong viec van phong,synthetic,2,2026-04-01T17:57:59.303639+00:00,"{""category_id"": 7, ""intent"": ""advice""}"
f6e2b064-bc5f-42eb-8420-61259a1cb591,chat_started,89,sim-u89-s3,,start session,synthetic,1,2026-04-01T23:19:19.303639+00:00,"{""channel"": ""web""}"
3b1913f1-5aee-4a3b-8a44-77a77dc78a70,search_performed,89,sim-u89-s3,,laptop stand,synthetic,1,2026-04-01T23:21:09.303639+00:00,"{""search_query"": ""laptop stand""}"
c13dd210-5f40-49e6-91c9-0772e7cda439,product_clicked,89,sim-u89-s3,25,,synthetic,2,2026-04-01T23:24:04.303639+00:00,"{""category_id"": 10}"
a029b514-dc51-413a-aa66-711587ea3cc5,product_viewed,89,sim-u89-s3,25,,synthetic,1,2026-04-01T23:26:41.303639+00:00,"{""category_id"": 10}"
a155c7eb-eae7-41ec-97bd-ca7f5149a888,cart_viewed,89,sim-u89-s3,,open cart,synthetic,1,2026-04-01T23:27:26.303639+00:00,{}
8a6cc87f-1d6b-4f5b-93c8-1896fec1c763,cart_item_added,89,sim-u89-s3,25,,synthetic,4,2026-04-01T23:27:57.303639+00:00,"{""category_id"": 10}"
dedfb8a7-22c2-42d0-8f60-1477a155da60,cart_item_quantity_updated,89,sim-u89-s3,25,,synthetic,3,2026-04-01T23:28:53.303639+00:00,"{""category_id"": 10, ""quantity"": 2}"
abbb4bc6-ceb8-4cd1-9a92-4379d1c05fce,checkout_started,89,sim-u89-s3,,checkout,synthetic,4,2026-04-01T23:30:08.303639+00:00,{}
a53a793a-ecb0-4041-8bf7-014d934c0e3e,order_created,89,sim-u89-s3,25,,synthetic,5,2026-04-01T23:31:02.303639+00:00,"{""category_id"": 10}"
3b80c917-047f-439c-9fbb-9a1411e97c5d,order_paid,89,sim-u89-s3,25,,synthetic,6,2026-04-01T23:32:17.303639+00:00,"{""category_id"": 10}"
9d078962-5ea7-4d6b-959a-cf3216d94729,order_completed,89,sim-u89-s3,25,,synthetic,6,2026-04-01T23:35:08.303639+00:00,"{""category_id"": 10}"
90cad49a-f3fc-4896-98ad-fb8571452244,chat_message_sent,89,sim-u89-s3,25,San pham nay co uu diem gi,synthetic,2,2026-04-01T23:38:07.303639+00:00,"{""category_id"": 10, ""intent"": ""advice""}"
5e34922e-094c-43c2-bae7-176e879f9ec3,search_performed,89,sim-u89-s3,,gaming keyboard,synthetic,1,2026-04-01T23:40:47.303639+00:00,"{""search_query"": ""gaming keyboard""}"
3e2c9f12-ffc8-424c-9f99-f29c5b6d1be0,product_clicked,89,sim-u89-s3,22,,synthetic,2,2026-04-01T23:42:12.303639+00:00,"{""category_id"": 9}"
9aa3bce8-edf3-4fd5-a687-b3866fa1e269,product_viewed,89,sim-u89-s3,22,,synthetic,1,2026-04-01T23:43:38.303639+00:00,"{""category_id"": 9}"
453a4b5e-6af3-40cb-a554-cdecd9e05fcd,cart_viewed,89,sim-u89-s3,,open cart,synthetic,1,2026-04-01T23:44:39.303639+00:00,{}
8ca583b9-0da1-4b4e-9e46-14c57ed4b1da,cart_item_added,89,sim-u89-s3,22,,synthetic,4,2026-04-01T23:46:41.303639+00:00,"{""category_id"": 9}"
049bb3d3-87c4-4d14-8a8f-27707a99ae30,cart_item_quantity_updated,89,sim-u89-s3,22,,synthetic,3,2026-04-01T23:48:49.303639+00:00,"{""category_id"": 9, ""quantity"": 3}"
e9a0c96e-5ca1-47f3-998f-4d93b3ff1eef,checkout_started,89,sim-u89-s3,,checkout,synthetic,4,2026-04-01T23:49:45.303639+00:00,{}
c8c27a4a-bc7c-42df-826d-c87c0dc7ac70,order_created,89,sim-u89-s3,22,,synthetic,5,2026-04-01T23:52:22.303639+00:00,"{""category_id"": 9}"
43d0388a-e570-4637-84d5-0184360f5ab9,order_paid,89,sim-u89-s3,22,,synthetic,6,2026-04-01T23:53:50.303639+00:00,"{""category_id"": 9}"
2655b4f4-5311-4577-8f9f-06ba45a9c581,order_completed,89,sim-u89-s3,22,,synthetic,6,2026-04-01T23:54:59.303639+00:00,"{""category_id"": 9}"
4f947d8e-d3b4-4c64-a449-1978ebc61311,chat_message_sent,89,sim-u89-s3,22,San pham nay co uu diem gi,synthetic,2,2026-04-01T23:57:06.303639+00:00,"{""category_id"": 9, ""intent"": ""advice""}"
fb32ee4c-b706-4c5a-825d-dc5856038315,search_performed,89,sim-u89-s3,,office chair,synthetic,1,2026-04-01T23:58:46.303639+00:00,"{""search_query"": ""office chair""}"
f5386b13-5105-4980-a386-79c010b1a286,product_clicked,89,sim-u89-s3,9,,synthetic,2,2026-04-02T00:00:57.303639+00:00,"{""category_id"": 2}"
7e05ad56-cc23-48d1-9d12-a1c04cc6441b,product_viewed,89,sim-u89-s3,9,,synthetic,1,2026-04-02T00:02:54.303639+00:00,"{""category_id"": 2}"
e0fceb48-a910-4866-9d5d-bb985c14dfae,chat_started,26,sim-u26-s1,,start session,synthetic,1,2026-04-02T00:04:01.303639+00:00,"{""channel"": ""web""}"
1ff3230f-dd17-42c9-a52a-6b1cf5510ace,cart_viewed,89,sim-u89-s3,,open cart,synthetic,1,2026-04-02T00:05:48.303639+00:00,{}
9e0f8e38-2961-4df5-a4e0-c9ba7ad4a2fe,search_performed,26,sim-u26-s1,,webcam full hd,synthetic,1,2026-04-02T00:05:50.303639+00:00,"{""search_query"": ""webcam full hd""}"
f63e7b72-e0d0-4600-b342-dafa7a5a52a0,cart_item_added,89,sim-u89-s3,9,,synthetic,4,2026-04-02T00:07:11.303639+00:00,"{""category_id"": 2}"
f0d17f2f-4e10-4245-abd8-cb3abb3c6c11,product_clicked,26,sim-u26-s1,10,,synthetic,2,2026-04-02T00:08:46.303639+00:00,"{""category_id"": 3}"
8a9720c1-ed2c-4722-94e5-b5f3a285d8c8,cart_item_quantity_updated,89,sim-u89-s3,9,,synthetic,3,2026-04-02T00:09:47.303639+00:00,"{""category_id"": 2, ""quantity"": 2}"
6f0ce6a2-6bac-4b63-9989-aa49f7b797e6,product_viewed,26,sim-u26-s1,10,,synthetic,1,2026-04-02T00:10:55.303639+00:00,"{""category_id"": 3}"
d6daa890-f994-446f-951f-158a40f128e0,cart_viewed,26,sim-u26-s1,,open cart,synthetic,1,2026-04-02T00:11:50.303639+00:00,{}
09e81070-b5f6-43f4-9921-779ec319ccf9,cart_item_removed,89,sim-u89-s3,9,,synthetic,1,2026-04-02T00:12:27.303639+00:00,"{""category_id"": 2}"
d622cbf0-5f4b-44b1-88c6-8e20de626f63,cart_item_added,26,sim-u26-s1,10,,synthetic,4,2026-04-02T00:13:02.303639+00:00,"{""category_id"": 3}"
784f730d-4485-42f5-9e23-67fceb361a4f,checkout_started,89,sim-u89-s3,,checkout,synthetic,4,2026-04-02T00:14:31.303639+00:00,{}
51637437-a220-40ac-912e-8ac09ac3bd2e,order_created,89,sim-u89-s3,9,,synthetic,5,2026-04-02T00:15:07.303639+00:00,"{""category_id"": 2}"
c3f6ca76-3b52-4b95-b6c3-1a57ac4c4ab0,checkout_started,26,sim-u26-s1,,checkout,synthetic,4,2026-04-02T00:15:47.303639+00:00,{}
28e43975-58fb-417a-9727-fd106389b2a9,order_paid,89,sim-u89-s3,9,,synthetic,6,2026-04-02T00:15:49.303639+00:00,"{""category_id"": 2}"
2a2e6240-4a84-4332-af8d-9b549687f9e3,order_created,26,sim-u26-s1,10,,synthetic,5,2026-04-02T00:17:36.303639+00:00,"{""category_id"": 3}"
f5fbb772-f728-4fa6-be21-ccf91196e023,order_completed,89,sim-u89-s3,9,,synthetic,6,2026-04-02T00:17:41.303639+00:00,"{""category_id"": 2}"
c6b5e2e5-eda3-4b03-a8c1-8b641eed50dd,chat_started,63,sim-u63-s3,,start session,synthetic,1,2026-04-02T00:18:51.303639+00:00,"{""channel"": ""web""}"
efcf4cea-12b5-47c5-b579-add3e189aa7a,search_performed,63,sim-u63-s3,,noise cancelling headset,synthetic,1,2026-04-02T00:20:24.303639+00:00,"{""search_query"": ""noise cancelling headset""}"
a297eb70-4f2d-4099-80e4-3825703a0ef0,order_paid,26,sim-u26-s1,10,,synthetic,6,2026-04-02T00:20:28.303639+00:00,"{""category_id"": 3}"
77c99165-84c3-487a-999a-5f59ff745cfd,order_completed,26,sim-u26-s1,10,,synthetic,6,2026-04-02T00:23:05.303639+00:00,"{""category_id"": 3}"
804bfb1e-01d9-43f8-9a9c-8ef782515a58,product_clicked,63,sim-u63-s3,11,,synthetic,2,2026-04-02T00:23:06.303639+00:00,"{""category_id"": 3}"
0038b99d-25b5-4544-863b-fb9cd8779cb7,product_viewed,63,sim-u63-s3,11,,synthetic,1,2026-04-02T00:23:36.303639+00:00,"{""category_id"": 3}"
9623b077-0092-454f-86e1-9c3347839d2f,chat_message_sent,26,sim-u26-s1,10,Nen chon mau nao cho cong viec van phong,synthetic,2,2026-04-02T00:24:39.303639+00:00,"{""category_id"": 3, ""intent"": ""advice""}"
af553ffd-b042-43c1-a8cc-cfb88048fe20,cart_viewed,63,sim-u63-s3,,open cart,synthetic,1,2026-04-02T00:26:02.303639+00:00,{}
b067a464-2f36-4678-adc0-602973e2960e,cart_item_added,63,sim-u63-s3,11,,synthetic,4,2026-04-02T00:26:51.303639+00:00,"{""category_id"": 3}"
61da5354-d845-4d53-beee-8bc3c729989e,cart_item_quantity_updated,63,sim-u63-s3,11,,synthetic,3,2026-04-02T00:29:44.303639+00:00,"{""category_id"": 3, ""quantity"": 3}"
2ef95d91-39c5-424f-8bf5-8b3dc489f676,checkout_started,63,sim-u63-s3,,checkout,synthetic,4,2026-04-02T00:31:57.303639+00:00,{}
481127d9-1684-4033-aea8-415ce5e09978,order_created,63,sim-u63-s3,11,,synthetic,5,2026-04-02T00:33:14.303639+00:00,"{""category_id"": 3}"
35518532-eed3-4cd1-a6ee-80de83af6fa0,order_paid,63,sim-u63-s3,11,,synthetic,6,2026-04-02T00:34:48.303639+00:00,"{""category_id"": 3}"
e8f9f476-e07b-4908-811c-da69f9ad6bbe,order_completed,63,sim-u63-s3,11,,synthetic,6,2026-04-02T00:36:57.303639+00:00,"{""category_id"": 3}"
a5d9b857-b712-46b4-b794-8b70ea31bbce,chat_message_sent,63,sim-u63-s3,11,Tu van cho toi mot san pham phu hop nhu cau,synthetic,2,2026-04-02T00:39:18.303639+00:00,"{""category_id"": 3, ""intent"": ""advice""}"
08367814-d207-46d1-9725-6bde6d3f36fa,search_performed,63,sim-u63-s3,,noise cancelling headset,synthetic,1,2026-04-02T00:40:23.303639+00:00,"{""search_query"": ""noise cancelling headset""}"
f1c0dce6-ea56-4118-b7cd-6f97e5f6306d,product_clicked,63,sim-u63-s3,14,,synthetic,2,2026-04-02T00:40:46.303639+00:00,"{""category_id"": 5}"
81b662ec-db99-46fa-8e1c-7707847227c3,product_viewed,63,sim-u63-s3,14,,synthetic,1,2026-04-02T00:43:11.303639+00:00,"{""category_id"": 5}"
4e2fb690-0618-4628-b71b-af51963a0efc,cart_viewed,63,sim-u63-s3,,open cart,synthetic,1,2026-04-02T00:45:12.303639+00:00,{}
9f293f79-5c8c-4952-90a6-8ad0fed89138,cart_item_added,63,sim-u63-s3,14,,synthetic,4,2026-04-02T00:47:24.303639+00:00,"{""category_id"": 5}"
c4688a47-c9aa-4fdf-ac0d-9eb2c90ce887,cart_item_quantity_updated,63,sim-u63-s3,14,,synthetic,3,2026-04-02T00:48:05.303639+00:00,"{""category_id"": 5, ""quantity"": 4}"
5c312ffd-f4f2-4872-9ea7-4fc95d806e58,cart_item_removed,63,sim-u63-s3,14,,synthetic,1,2026-04-02T00:50:06.303639+00:00,"{""category_id"": 5}"
0bb14e94-4d61-46d5-ae86-0f0e2148d225,checkout_started,63,sim-u63-s3,,checkout,synthetic,4,2026-04-02T00:52:08.303639+00:00,{}
c1a202aa-fe92-4403-bf25-0826f06925ca,chat_started,46,sim-u46-s2,,start session,synthetic,1,2026-04-02T00:52:10.303639+00:00,"{""channel"": ""web""}"
883cdb1e-33d1-47eb-89c2-f9a20fa1f0d7,search_performed,46,sim-u46-s2,,monitor 27 inch,synthetic,1,2026-04-02T00:53:52.303639+00:00,"{""search_query"": ""monitor 27 inch""}"
af596281-2c9b-465f-9897-ec67d9117b2f,product_clicked,46,sim-u46-s2,23,,synthetic,2,2026-04-02T00:54:52.303639+00:00,"{""category_id"": 9}"
414e1b1d-6a60-4caa-ba13-9cca1016dd23,order_created,63,sim-u63-s3,14,,synthetic,5,2026-04-02T00:54:59.303639+00:00,"{""category_id"": 5}"
ab33dace-1f7b-47f3-b708-6af67e7f331b,product_viewed,46,sim-u46-s2,23,,synthetic,1,2026-04-02T00:55:22.303639+00:00,"{""category_id"": 9}"
1b0dc5e5-4522-4501-96c3-4b23ee3a63a2,order_cancelled,63,sim-u63-s3,14,,synthetic,-2,2026-04-02T00:56:02.303639+00:00,"{""category_id"": 5}"
f971f2b0-2693-461d-b0ce-787f047d7686,chat_message_sent,63,sim-u63-s3,14,San pham nay co uu diem gi,synthetic,2,2026-04-02T00:57:48.303639+00:00,"{""category_id"": 5, ""intent"": ""advice""}"
6e2680e3-d262-4879-9958-f86a60c123a7,cart_viewed,46,sim-u46-s2,,open cart,synthetic,1,2026-04-02T00:58:02.303639+00:00,{}
990d8707-7001-4061-b231-700d35224fee,cart_item_added,46,sim-u46-s2,23,,synthetic,4,2026-04-02T01:00:35.303639+00:00,"{""category_id"": 9}"
d311cca4-8b34-4662-893c-1114cf453227,cart_item_quantity_updated,46,sim-u46-s2,23,,synthetic,3,2026-04-02T01:02:11.303639+00:00,"{""category_id"": 9, ""quantity"": 3}"
130dd0b9-77c1-4181-b283-beef5703afa5,cart_item_removed,46,sim-u46-s2,23,,synthetic,1,2026-04-02T01:02:44.303639+00:00,"{""category_id"": 9}"
17df9cbd-755a-45fd-944a-a685946b852f,checkout_started,46,sim-u46-s2,,checkout,synthetic,4,2026-04-02T01:03:59.303639+00:00,{}
0828c02e-d647-492e-83c9-aae6e94b843b,order_created,46,sim-u46-s2,23,,synthetic,5,2026-04-02T01:04:47.303639+00:00,"{""category_id"": 9}"
94e6003a-00c0-4078-8b39-fdeb6c12e021,order_paid,46,sim-u46-s2,23,,synthetic,6,2026-04-02T01:06:58.303639+00:00,"{""category_id"": 9}"
7ef0d912-2d72-46b1-a2d4-15dcf625038d,order_completed,46,sim-u46-s2,23,,synthetic,6,2026-04-02T01:08:41.303639+00:00,"{""category_id"": 9}"
d8a6a806-2b4f-42a7-9da3-5c20ed12203d,chat_message_sent,46,sim-u46-s2,23,Nen chon mau nao cho cong viec van phong,synthetic,2,2026-04-02T01:11:30.303639+00:00,"{""category_id"": 9, ""intent"": ""advice""}"
fc296f9d-f69e-4a0e-800b-36af665953bf,search_performed,46,sim-u46-s2,,mechanical keyboard,synthetic,1,2026-04-02T01:12:52.303639+00:00,"{""search_query"": ""mechanical keyboard""}"
8a92bf00-991e-4252-8d13-267763c2cab3,product_clicked,46,sim-u46-s2,32,,synthetic,2,2026-04-02T01:13:14.303639+00:00,"{""category_id"": 14}"
873f933d-bcd3-4a7c-98cb-b0b88f90662f,product_viewed,46,sim-u46-s2,32,,synthetic,1,2026-04-02T01:13:44.303639+00:00,"{""category_id"": 14}"
3d20e7b5-9302-494b-b39f-2727f8c45b43,cart_viewed,46,sim-u46-s2,,open cart,synthetic,1,2026-04-02T01:16:05.303639+00:00,{}
85b6abd3-9801-47bc-b2e5-ccc101c1b356,cart_item_added,46,sim-u46-s2,32,,synthetic,4,2026-04-02T01:18:57.303639+00:00,"{""category_id"": 14}"
57238f9b-5c2d-4d27-8ce3-fe9cc55bee50,cart_item_quantity_updated,46,sim-u46-s2,32,,synthetic,3,2026-04-02T01:20:20.303639+00:00,"{""category_id"": 14, ""quantity"": 2}"
91f540b8-c927-4f2a-ae91-44ea54f31712,cart_item_removed,46,sim-u46-s2,32,,synthetic,1,2026-04-02T01:21:03.303639+00:00,"{""category_id"": 14}"
58f36671-6061-4724-a864-8ea074035a88,checkout_started,46,sim-u46-s2,,checkout,synthetic,4,2026-04-02T01:24:01.303639+00:00,{}
4479d375-9221-4ae5-9f01-79dc4b13156b,order_created,46,sim-u46-s2,32,,synthetic,5,2026-04-02T01:25:47.303639+00:00,"{""category_id"": 14}"
b0ced1e9-9c57-43d9-b8bf-da17f735cc2d,order_cancelled,46,sim-u46-s2,32,,synthetic,-2,2026-04-02T01:28:47.303639+00:00,"{""category_id"": 14}"
b0517fa4-99b2-4207-8d5f-d95b11639310,chat_message_sent,46,sim-u46-s2,32,Nen chon mau nao cho cong viec van phong,synthetic,2,2026-04-02T01:29:46.303639+00:00,"{""category_id"": 14, ""intent"": ""advice""}"
39ebd242-e22b-4d45-9983-a01b39b92659,chat_started,32,sim-u32-s1,,start session,synthetic,1,2026-04-02T01:33:07.303639+00:00,"{""channel"": ""web""}"
a946bb6f-f7cc-435f-ae13-252914b091c0,search_performed,32,sim-u32-s1,,noise cancelling headset,synthetic,1,2026-04-02T01:34:33.303639+00:00,"{""search_query"": ""noise cancelling headset""}"
02da45da-ad20-498d-bcd6-ca952fe06c55,product_clicked,32,sim-u32-s1,35,,synthetic,2,2026-04-02T01:35:19.303639+00:00,"{""category_id"": 15}"
1b328713-c9e2-42a2-b573-0efa2c397420,product_viewed,32,sim-u32-s1,35,,synthetic,1,2026-04-02T01:35:57.303639+00:00,"{""category_id"": 15}"
1837d7cf-f5d7-4198-8a20-9d769ca14bfa,cart_viewed,32,sim-u32-s1,,open cart,synthetic,1,2026-04-02T01:37:53.303639+00:00,{}
dc8a96ca-2ec3-47a5-b9fa-1f4794df006d,cart_item_added,32,sim-u32-s1,35,,synthetic,4,2026-04-02T01:38:54.303639+00:00,"{""category_id"": 15}"
83666fa9-d040-4e9f-be67-b6a3a5d39a72,checkout_started,32,sim-u32-s1,,checkout,synthetic,4,2026-04-02T01:39:37.303639+00:00,{}
21dca6bf-4903-46a9-b64b-b8964746ad3d,order_created,32,sim-u32-s1,35,,synthetic,5,2026-04-02T01:41:23.303639+00:00,"{""category_id"": 15}"
45d513d7-7783-43cd-9318-16568d411daa,order_paid,32,sim-u32-s1,35,,synthetic,6,2026-04-02T01:44:20.303639+00:00,"{""category_id"": 15}"
bf23aff3-a4bd-4c12-8f77-29bbfbd189ff,order_completed,32,sim-u32-s1,35,,synthetic,6,2026-04-02T01:46:43.303639+00:00,"{""category_id"": 15}"
a2294516-5ba5-47de-8b0a-128583285cff,chat_message_sent,32,sim-u32-s1,35,Co goi y san pham thay the khong,synthetic,2,2026-04-02T01:47:45.303639+00:00,"{""category_id"": 15, ""intent"": ""advice""}"
3177742e-c807-40e5-83d5-8e2cbf971652,search_performed,32,sim-u32-s1,,mechanical keyboard,synthetic,1,2026-04-02T01:48:45.303639+00:00,"{""search_query"": ""mechanical keyboard""}"
0a7e5d10-742b-479a-b6d8-40bf32836c3d,product_clicked,32,sim-u32-s1,16,,synthetic,2,2026-04-02T01:49:18.303639+00:00,"{""category_id"": 6}"
d76b8f65-5887-4c1a-8a5d-1d282ca948a0,product_viewed,32,sim-u32-s1,16,,synthetic,1,2026-04-02T01:50:03.303639+00:00,"{""category_id"": 6}"
d7f3e851-ecb0-415d-aa9e-bdabc3224df0,cart_viewed,32,sim-u32-s1,,open cart,synthetic,1,2026-04-02T01:51:11.303639+00:00,{}
343d9c4a-fb38-4ff4-895e-46a61bb67485,cart_item_added,32,sim-u32-s1,16,,synthetic,4,2026-04-02T01:53:15.303639+00:00,"{""category_id"": 6}"
a8535132-a3ff-4514-8211-b4bdc6ff4039,checkout_started,32,sim-u32-s1,,checkout,synthetic,4,2026-04-02T01:55:53.303639+00:00,{}
695a8863-7e18-4e19-85a2-4aeca6593af5,order_created,32,sim-u32-s1,16,,synthetic,5,2026-04-02T01:57:20.303639+00:00,"{""category_id"": 6}"
e4bac677-48d1-4a21-812c-29c34cf67898,order_paid,32,sim-u32-s1,16,,synthetic,6,2026-04-02T01:58:56.303639+00:00,"{""category_id"": 6}"
f6544296-4707-4c73-82eb-a7002ab81bbe,order_completed,32,sim-u32-s1,16,,synthetic,6,2026-04-02T02:00:16.303639+00:00,"{""category_id"": 6}"
68f13673-5773-4ec2-ad58-9c0284e954cf,chat_message_sent,32,sim-u32-s1,16,Co goi y san pham thay the khong,synthetic,2,2026-04-02T02:03:02.303639+00:00,"{""category_id"": 6, ""intent"": ""advice""}"
eb64471b-ea26-481f-a251-13c2d449caf1,chat_started,33,sim-u33-s2,,start session,synthetic,1,2026-04-02T03:40:39.303639+00:00,"{""channel"": ""web""}"
8383da30-a1a5-43d8-be78-25d1552cda1c,chat_started,31,sim-u31-s3,,start session,synthetic,1,2026-04-02T03:41:27.303639+00:00,"{""channel"": ""web""}"
fe4ff218-998e-48d1-9d90-f91da026b940,search_performed,33,sim-u33-s2,,mechanical keyboard,synthetic,1,2026-04-02T03:41:27.303639+00:00,"{""search_query"": ""mechanical keyboard""}"
ffc1c6cb-7d6d-4a82-b76d-8ea2e0e3642f,search_performed,31,sim-u31-s3,,gaming keyboard,synthetic,1,2026-04-02T03:43:16.303639+00:00,"{""search_query"": ""gaming keyboard""}"
256e7f29-ade8-433d-8f66-bbece495122f,product_clicked,33,sim-u33-s2,19,,synthetic,2,2026-04-02T03:43:33.303639+00:00,"{""category_id"": 7}"
2514fbad-5af9-42db-93e9-a5008c5ed9a7,product_viewed,33,sim-u33-s2,19,,synthetic,1,2026-04-02T03:44:31.303639+00:00,"{""category_id"": 7}"
cd577d39-8bda-421d-add2-ffc9aa7e95f4,product_clicked,31,sim-u31-s3,13,,synthetic,2,2026-04-02T03:44:41.303639+00:00,"{""category_id"": 4}"
1ab7b7a6-6d9e-4f23-a005-7cb96b915484,product_viewed,31,sim-u31-s3,13,,synthetic,1,2026-04-02T03:45:28.303639+00:00,"{""category_id"": 4}"
2a0d4ddb-8f6a-43d6-9a3a-8f56d79e641d,cart_viewed,31,sim-u31-s3,,open cart,synthetic,1,2026-04-02T03:46:00.303639+00:00,{}
3071ff98-4a19-405d-b82d-fbde8fe5b27b,cart_viewed,33,sim-u33-s2,,open cart,synthetic,1,2026-04-02T03:47:21.303639+00:00,{}
ec1ba102-b7ae-4c58-800a-f74706c6c1de,cart_item_added,31,sim-u31-s3,13,,synthetic,4,2026-04-02T03:47:58.303639+00:00,"{""category_id"": 4}"
8ba86340-1c5c-42e6-a3b4-0b521ed25e25,cart_item_quantity_updated,31,sim-u31-s3,13,,synthetic,3,2026-04-02T03:49:00.303639+00:00,"{""category_id"": 4, ""quantity"": 3}"
ac2d218a-1410-4ee1-b020-19eea54a784b,cart_item_added,33,sim-u33-s2,19,,synthetic,4,2026-04-02T03:50:10.303639+00:00,"{""category_id"": 7}"
4becfa49-1a79-4ac3-9405-463ab72f2205,checkout_started,33,sim-u33-s2,,checkout,synthetic,4,2026-04-02T03:50:57.303639+00:00,{}
9bfc94d0-0e20-4601-8b05-0a22ee27e6ea,checkout_started,31,sim-u31-s3,,checkout,synthetic,4,2026-04-02T03:51:26.303639+00:00,{}
12acd401-7b30-4e77-ae6a-154c52717e0c,order_created,31,sim-u31-s3,13,,synthetic,5,2026-04-02T03:53:22.303639+00:00,"{""category_id"": 4}"
fc6869b2-5455-4f83-ac74-ddc04b244f81,order_created,33,sim-u33-s2,19,,synthetic,5,2026-04-02T03:53:41.303639+00:00,"{""category_id"": 7}"
d1f13446-4695-4e8e-8047-095b9c788860,order_paid,33,sim-u33-s2,19,,synthetic,6,2026-04-02T03:55:14.303639+00:00,"{""category_id"": 7}"
4eee2332-6223-40b5-93e5-d8cc18ff7aad,order_paid,31,sim-u31-s3,13,,synthetic,6,2026-04-02T03:55:18.303639+00:00,"{""category_id"": 4}"
3d157ba7-532c-4d5a-b2d9-e3fdf8a77fae,order_completed,31,sim-u31-s3,13,,synthetic,6,2026-04-02T03:56:03.303639+00:00,"{""category_id"": 4}"
8e501f6e-ea83-4710-9a07-a48b955b66e5,chat_message_sent,31,sim-u31-s3,,San pham nay co uu diem gi,synthetic,2,2026-04-02T03:57:04.303639+00:00,"{""intent"": ""followup""}"
aa5a27d8-e313-446b-a1c7-5697f886da74,order_completed,33,sim-u33-s2,19,,synthetic,6,2026-04-02T03:57:51.303639+00:00,"{""category_id"": 7}"
18cd5e74-88b0-4556-99b3-f1b069307894,search_performed,33,sim-u33-s2,,mechanical keyboard,synthetic,1,2026-04-02T03:59:18.303639+00:00,"{""search_query"": ""mechanical keyboard""}"
577bb897-ce73-42ab-9640-2e09f7567758,product_clicked,33,sim-u33-s2,7,,synthetic,2,2026-04-02T04:01:16.303639+00:00,"{""category_id"": 1}"
77b8ff11-8238-4ace-aa3d-1360c5ea739e,product_viewed,33,sim-u33-s2,7,,synthetic,1,2026-04-02T04:03:40.303639+00:00,"{""category_id"": 1}"
44c84af9-dd23-41f5-b379-14d5e054ee2c,cart_viewed,33,sim-u33-s2,,open cart,synthetic,1,2026-04-02T04:06:01.303639+00:00,{}
110f09f0-e81e-42fe-b334-e49791fd4122,cart_item_added,33,sim-u33-s2,7,,synthetic,4,2026-04-02T04:06:30.303639+00:00,"{""category_id"": 1}"
7bb0520f-c803-47b2-b790-45df49557efb,cart_item_quantity_updated,33,sim-u33-s2,7,,synthetic,3,2026-04-02T04:07:26.303639+00:00,"{""category_id"": 1, ""quantity"": 3}"
66061f04-acc0-4e6d-a010-c4b7ac42f069,checkout_started,33,sim-u33-s2,,checkout,synthetic,4,2026-04-02T04:09:28.303639+00:00,{}
78bfc0e1-c17b-40e0-8376-6dbd214c2b1c,order_created,33,sim-u33-s2,7,,synthetic,5,2026-04-02T04:09:57.303639+00:00,"{""category_id"": 1}"
9ac10ef9-fc01-456d-8663-94d9cd39fe0a,order_paid,33,sim-u33-s2,7,,synthetic,6,2026-04-02T04:11:41.303639+00:00,"{""category_id"": 1}"
27028c9e-fbc0-4597-a8dc-d503b118c647,order_completed,33,sim-u33-s2,7,,synthetic,6,2026-04-02T04:13:01.303639+00:00,"{""category_id"": 1}"
21f48f7c-773d-49c6-96d3-f18eaeb54561,chat_message_sent,33,sim-u33-s2,7,Co goi y san pham thay the khong,synthetic,2,2026-04-02T04:14:29.303639+00:00,"{""category_id"": 1, ""intent"": ""advice""}"
880a1400-f279-4679-993b-25f4c5b88189,search_performed,33,sim-u33-s2,,noise cancelling headset,synthetic,1,2026-04-02T04:14:54.303639+00:00,"{""search_query"": ""noise cancelling headset""}"
4c65b4b1-e18c-497b-8f49-6e529cbb5aa3,product_clicked,33,sim-u33-s2,7,,synthetic,2,2026-04-02T04:16:40.303639+00:00,"{""category_id"": 1}"
733bb2e5-0259-4cef-8a25-1118735071e5,product_viewed,33,sim-u33-s2,7,,synthetic,1,2026-04-02T04:18:17.303639+00:00,"{""category_id"": 1}"
7464c083-0e5d-427a-8472-0e0a2df2372b,cart_viewed,33,sim-u33-s2,,open cart,synthetic,1,2026-04-02T04:20:42.303639+00:00,{}
aa77e678-e3bf-4168-8121-01aa1289bfa3,cart_item_added,33,sim-u33-s2,7,,synthetic,4,2026-04-02T04:21:27.303639+00:00,"{""category_id"": 1}"
05638bb4-2ed4-4b35-81df-7f8e3e86075c,cart_item_removed,33,sim-u33-s2,7,,synthetic,1,2026-04-02T04:23:03.303639+00:00,"{""category_id"": 1}"
31e6dcdb-7bf3-48da-9e7a-8c3e479c420b,checkout_started,33,sim-u33-s2,,checkout,synthetic,4,2026-04-02T04:25:16.303639+00:00,{}
84323f6c-234a-402a-93ac-9dd7131fb37a,order_created,33,sim-u33-s2,7,,synthetic,5,2026-04-02T04:26:58.303639+00:00,"{""category_id"": 1}"
7672c65b-229e-481c-a2e0-ea0ed7f7f46a,order_paid,33,sim-u33-s2,7,,synthetic,6,2026-04-02T04:29:04.303639+00:00,"{""category_id"": 1}"
bb66a3b9-58dc-41c5-b4d1-2bb5d3857054,order_completed,33,sim-u33-s2,7,,synthetic,6,2026-04-02T04:31:58.303639+00:00,"{""category_id"": 1}"
6c201f4d-2d3d-477b-9342-96858c870049,chat_message_sent,33,sim-u33-s2,7,San pham nay co uu diem gi,synthetic,2,2026-04-02T04:34:11.303639+00:00,"{""category_id"": 1, ""intent"": ""advice""}"
ea1707ce-8c60-4db6-95af-0ea360c642e3,chat_started,72,sim-u72-s2,,start session,synthetic,1,2026-04-02T05:06:41.303639+00:00,"{""channel"": ""web""}"
27836b53-70fa-4f48-ae49-79a03f955195,search_performed,72,sim-u72-s2,,office chair,synthetic,1,2026-04-02T05:09:40.303639+00:00,"{""search_query"": ""office chair""}"
b7c59b11-5996-434a-9fdf-f15f32963656,product_clicked,72,sim-u72-s2,10,,synthetic,2,2026-04-02T05:10:53.303639+00:00,"{""category_id"": 3}"
75f74d23-66c5-4b1c-8158-ed02976ad711,product_viewed,72,sim-u72-s2,10,,synthetic,1,2026-04-02T05:12:25.303639+00:00,"{""category_id"": 3}"
b283ac0a-93f3-4d25-b0c4-257b4f0b8757,cart_viewed,72,sim-u72-s2,,open cart,synthetic,1,2026-04-02T05:13:07.303639+00:00,{}
ac2dac41-e1e7-4ff4-aded-f5f0a2afce0b,cart_item_added,72,sim-u72-s2,10,,synthetic,4,2026-04-02T05:15:30.303639+00:00,"{""category_id"": 3}"
c57881a2-0c6d-42c7-9f82-c31d8234059e,cart_item_quantity_updated,72,sim-u72-s2,10,,synthetic,3,2026-04-02T05:16:30.303639+00:00,"{""category_id"": 3, ""quantity"": 2}"
e6e8a734-137b-47d0-bbc8-e47b5fa45d40,checkout_started,72,sim-u72-s2,,checkout,synthetic,4,2026-04-02T05:17:15.303639+00:00,{}
824769b5-f961-4e2f-917b-0479e99ada43,order_created,72,sim-u72-s2,10,,synthetic,5,2026-04-02T05:19:21.303639+00:00,"{""category_id"": 3}"
711e3721-5b89-4948-ab58-b19a46bf2324,order_cancelled,72,sim-u72-s2,10,,synthetic,-2,2026-04-02T05:21:47.303639+00:00,"{""category_id"": 3}"
e3c7d831-050b-4dd3-818f-d970a6234dc6,chat_message_sent,72,sim-u72-s2,10,San pham nay co uu diem gi,synthetic,2,2026-04-02T05:24:29.303639+00:00,"{""category_id"": 3, ""intent"": ""advice""}"
c4f2cf8c-75cd-4709-b36d-6ad83478ccc9,search_performed,72,sim-u72-s2,,wireless mouse,synthetic,1,2026-04-02T05:26:20.303639+00:00,"{""search_query"": ""wireless mouse""}"
874e1b14-4c28-441d-9c1a-60a694543270,product_clicked,72,sim-u72-s2,34,,synthetic,2,2026-04-02T05:27:46.303639+00:00,"{""category_id"": 15}"
02ca996c-8c88-47e7-92d6-14ea55475058,product_viewed,72,sim-u72-s2,34,,synthetic,1,2026-04-02T05:29:37.303639+00:00,"{""category_id"": 15}"
3357da7a-fae7-45ef-a1c3-6958736c896a,cart_viewed,72,sim-u72-s2,,open cart,synthetic,1,2026-04-02T05:30:41.303639+00:00,{}
584d299a-2711-43a0-b93e-e16d05b14602,cart_item_added,72,sim-u72-s2,34,,synthetic,4,2026-04-02T05:33:09.303639+00:00,"{""category_id"": 15}"
38a08fea-7e7b-4155-b1b0-cbe5a37ae8d4,cart_item_quantity_updated,72,sim-u72-s2,34,,synthetic,3,2026-04-02T05:34:55.303639+00:00,"{""category_id"": 15, ""quantity"": 2}"
00027105-2da1-412f-9c6e-40af5348cfeb,checkout_started,72,sim-u72-s2,,checkout,synthetic,4,2026-04-02T05:37:53.303639+00:00,{}
8f409e9e-8dec-4ec5-9f06-eb5ced0f9fda,order_created,72,sim-u72-s2,34,,synthetic,5,2026-04-02T05:39:11.303639+00:00,"{""category_id"": 15}"
77a9c41d-60f9-454c-ae7f-24ee9b85da26,order_paid,72,sim-u72-s2,34,,synthetic,6,2026-04-02T05:40:28.303639+00:00,"{""category_id"": 15}"
e10354df-6e57-4d0a-8867-33a2d8f14f0b,order_completed,72,sim-u72-s2,34,,synthetic,6,2026-04-02T05:42:52.303639+00:00,"{""category_id"": 15}"
3449bc3d-0cc1-4c95-a3ed-4bfb370114df,chat_message_sent,72,sim-u72-s2,34,Nen chon mau nao cho cong viec van phong,synthetic,2,2026-04-02T05:44:42.303639+00:00,"{""category_id"": 15, ""intent"": ""advice""}"
8382bc9c-ef88-4a05-b55c-a5cc394ed031,chat_started,82,sim-u82-s2,,start session,synthetic,1,2026-04-02T09:13:17.303639+00:00,"{""channel"": ""web""}"
fc75bc44-5861-44e6-b4ce-d0ad518e7ea9,search_performed,82,sim-u82-s2,,gaming keyboard,synthetic,1,2026-04-02T09:15:46.303639+00:00,"{""search_query"": ""gaming keyboard""}"
1dfb0bb9-759f-443b-830c-747c1bf0f2a5,product_clicked,82,sim-u82-s2,11,,synthetic,2,2026-04-02T09:17:29.303639+00:00,"{""category_id"": 3}"
4d74c64c-27ba-410f-8762-92e3427d31dc,product_viewed,82,sim-u82-s2,11,,synthetic,1,2026-04-02T09:19:33.303639+00:00,"{""category_id"": 3}"
c45ccaca-0192-4864-a775-9a59bfdaf686,cart_viewed,82,sim-u82-s2,,open cart,synthetic,1,2026-04-02T09:20:57.303639+00:00,{}
15edc913-02f8-4a8d-9200-df6a0c39b365,cart_item_added,82,sim-u82-s2,11,,synthetic,4,2026-04-02T09:22:10.303639+00:00,"{""category_id"": 3}"
dad37588-0c4e-4d17-8bc5-e4733b8fd797,cart_item_quantity_updated,82,sim-u82-s2,11,,synthetic,3,2026-04-02T09:22:36.303639+00:00,"{""category_id"": 3, ""quantity"": 3}"
4535107f-e31c-4bc1-a179-a879770a0c21,cart_item_removed,82,sim-u82-s2,11,,synthetic,1,2026-04-02T09:24:54.303639+00:00,"{""category_id"": 3}"
7ecec1ed-97f3-4753-98b8-b1c1a63ad6e5,checkout_started,82,sim-u82-s2,,checkout,synthetic,4,2026-04-02T09:26:51.303639+00:00,{}
c270ead6-5e0a-49f1-b5ef-a345a857512f,order_created,82,sim-u82-s2,11,,synthetic,5,2026-04-02T09:28:38.303639+00:00,"{""category_id"": 3}"
966c1321-0319-454d-bd41-664e3ed03d94,order_paid,82,sim-u82-s2,11,,synthetic,6,2026-04-02T09:29:47.303639+00:00,"{""category_id"": 3}"
72b51adc-ca16-42ce-9f23-4e538afe74ad,order_completed,82,sim-u82-s2,11,,synthetic,6,2026-04-02T09:31:48.303639+00:00,"{""category_id"": 3}"
52d34be7-a07e-4932-bd1e-92cbd76b1db9,chat_message_sent,82,sim-u82-s2,11,Nen chon mau nao cho cong viec van phong,synthetic,2,2026-04-02T09:32:37.303639+00:00,"{""category_id"": 3, ""intent"": ""advice""}"
1a5fb86c-f2ea-4184-9a1b-3d6105b65852,chat_started,90,sim-u90-s3,,start session,synthetic,1,2026-04-02T10:42:25.303639+00:00,"{""channel"": ""web""}"
93ce434a-ca02-4ef3-8c46-2cacbcb8d3da,search_performed,90,sim-u90-s3,,laptop stand,synthetic,1,2026-04-02T10:45:01.303639+00:00,"{""search_query"": ""laptop stand""}"
cc35d9f4-6b5e-4e7d-9942-fe5c6935d856,product_clicked,90,sim-u90-s3,20,,synthetic,2,2026-04-02T10:45:52.303639+00:00,"{""category_id"": 8}"
ffe3af12-f229-4a85-9986-8ebd76b9ff39,product_viewed,90,sim-u90-s3,20,,synthetic,1,2026-04-02T10:47:55.303639+00:00,"{""category_id"": 8}"
05e1f63c-a00f-4387-a5a1-17897be20a48,cart_viewed,90,sim-u90-s3,,open cart,synthetic,1,2026-04-02T10:49:03.303639+00:00,{}
26ef14bc-4631-484b-9d34-e3bce959183c,cart_item_added,90,sim-u90-s3,20,,synthetic,4,2026-04-02T10:49:24.303639+00:00,"{""category_id"": 8}"
64fe1a95-b599-49a9-9618-f2acc31c31cc,checkout_started,90,sim-u90-s3,,checkout,synthetic,4,2026-04-02T10:51:12.303639+00:00,{}
7c5536f1-322a-4d8d-a10c-3826de7ec28c,order_created,90,sim-u90-s3,20,,synthetic,5,2026-04-02T10:52:34.303639+00:00,"{""category_id"": 8}"
91d35fba-b2dc-492f-981f-ce79ea0dee3b,order_cancelled,90,sim-u90-s3,20,,synthetic,-2,2026-04-02T10:55:09.303639+00:00,"{""category_id"": 8}"
4edb62a3-9e32-4d82-96f6-28b74494efe3,chat_message_sent,90,sim-u90-s3,20,Tu van cho toi mot san pham phu hop nhu cau,synthetic,2,2026-04-02T10:58:04.303639+00:00,"{""category_id"": 8, ""intent"": ""advice""}"
36939a0d-2fd3-407e-9290-746bb027cb5e,search_performed,90,sim-u90-s3,,office chair,synthetic,1,2026-04-02T11:00:38.303639+00:00,"{""search_query"": ""office chair""}"
d3775e46-9d6c-4cf0-b2d4-86f73aa9f945,product_clicked,90,sim-u90-s3,21,,synthetic,2,2026-04-02T11:01:55.303639+00:00,"{""category_id"": 8}"
ebcb05cd-0c3a-40f7-b15d-bde7863886d4,product_viewed,90,sim-u90-s3,21,,synthetic,1,2026-04-02T11:02:59.303639+00:00,"{""category_id"": 8}"
a54dcd78-cfc6-4bcc-b648-3c3830dfc265,cart_viewed,90,sim-u90-s3,,open cart,synthetic,1,2026-04-02T11:03:53.303639+00:00,{}
aadf4dcb-4c77-4b3b-9f78-9f921ba5ba85,cart_item_added,90,sim-u90-s3,21,,synthetic,4,2026-04-02T11:06:24.303639+00:00,"{""category_id"": 8}"
9cef9028-7c3a-43cd-9c5c-4fd3c074aa5d,cart_item_quantity_updated,90,sim-u90-s3,21,,synthetic,3,2026-04-02T11:08:32.303639+00:00,"{""category_id"": 8, ""quantity"": 2}"
7e737430-9954-468e-9a02-a50e26945984,checkout_started,90,sim-u90-s3,,checkout,synthetic,4,2026-04-02T11:09:35.303639+00:00,{}
cd3d57d7-b788-4267-a593-ba9e4ffc4d9b,order_created,90,sim-u90-s3,21,,synthetic,5,2026-04-02T11:11:30.303639+00:00,"{""category_id"": 8}"
84035e34-9e82-4899-9528-f4e5aa8ea58a,order_cancelled,90,sim-u90-s3,21,,synthetic,-2,2026-04-02T11:13:16.303639+00:00,"{""category_id"": 8}"
35a5a1f6-8272-42f8-87da-658743f0ad6e,chat_started,78,sim-u78-s3,,start session,synthetic,1,2026-04-02T11:40:42.303639+00:00,"{""channel"": ""web""}"
e8fd53d8-4c76-4559-a784-74a8d70f1bfc,search_performed,78,sim-u78-s3,,ergonomic desk,synthetic,1,2026-04-02T11:41:37.303639+00:00,"{""search_query"": ""ergonomic desk""}"
50ada9c0-2fa8-4742-a55d-c1a48e3f2182,product_clicked,78,sim-u78-s3,30,,synthetic,2,2026-04-02T11:42:08.303639+00:00,"{""category_id"": 13}"
6a26fed3-6ec2-46aa-b73e-9c71cfd8313b,product_viewed,78,sim-u78-s3,30,,synthetic,1,2026-04-02T11:42:43.303639+00:00,"{""category_id"": 13}"
58316ed4-dbfa-4d5c-91fd-7da3c3f89b07,cart_viewed,78,sim-u78-s3,,open cart,synthetic,1,2026-04-02T11:45:32.303639+00:00,{}
56893943-41a1-4abe-9693-d071fefa7fb2,cart_item_added,78,sim-u78-s3,30,,synthetic,4,2026-04-02T11:47:43.303639+00:00,"{""category_id"": 13}"
a5a81de9-4929-4146-bcae-a6a030183301,cart_item_quantity_updated,78,sim-u78-s3,30,,synthetic,3,2026-04-02T11:49:34.303639+00:00,"{""category_id"": 13, ""quantity"": 4}"
0da86ab6-d338-4653-9282-7935984aa55b,checkout_started,78,sim-u78-s3,,checkout,synthetic,4,2026-04-02T11:52:12.303639+00:00,{}
ba596da8-ded1-4279-b1d0-d099e6c075cb,order_created,78,sim-u78-s3,30,,synthetic,5,2026-04-02T11:53:09.303639+00:00,"{""category_id"": 13}"
408de558-07af-477a-a63d-2fe9be02ae9b,order_paid,78,sim-u78-s3,30,,synthetic,6,2026-04-02T11:54:48.303639+00:00,"{""category_id"": 13}"
28d5e83e-510a-4b3b-b8d4-efab3e4bc44f,order_completed,78,sim-u78-s3,30,,synthetic,6,2026-04-02T11:57:42.303639+00:00,"{""category_id"": 13}"
735a060e-9207-4233-a756-dbe250e4b105,chat_message_sent,78,sim-u78-s3,30,Nen chon mau nao cho cong viec van phong,synthetic,2,2026-04-02T11:58:04.303639+00:00,"{""category_id"": 13, ""intent"": ""advice""}"
fc47a73c-03b0-44d7-9114-b96b1f1d1348,search_performed,78,sim-u78-s3,,webcam full hd,synthetic,1,2026-04-02T11:59:01.303639+00:00,"{""search_query"": ""webcam full hd""}"
b61d48c7-6c55-4a78-9775-a2335d376c17,product_clicked,78,sim-u78-s3,19,,synthetic,2,2026-04-02T11:59:35.303639+00:00,"{""category_id"": 7}"
7f05c1b8-edf8-4375-9fa2-22ec819ce680,product_viewed,78,sim-u78-s3,19,,synthetic,1,2026-04-02T12:00:55.303639+00:00,"{""category_id"": 7}"
e70cddb4-8fa4-4893-b4ea-5bb800344cf3,cart_viewed,78,sim-u78-s3,,open cart,synthetic,1,2026-04-02T12:03:38.303639+00:00,{}
cf5aac43-b0b4-4150-a716-643e4b544b1c,cart_item_added,78,sim-u78-s3,19,,synthetic,4,2026-04-02T12:04:11.303639+00:00,"{""category_id"": 7}"
eb8cf7d8-a737-4a9d-b28f-2599e0c52c6a,cart_item_quantity_updated,78,sim-u78-s3,19,,synthetic,3,2026-04-02T12:05:22.303639+00:00,"{""category_id"": 7, ""quantity"": 2}"
a2a75766-e8d3-42b8-9220-323dce9a333e,checkout_started,78,sim-u78-s3,,checkout,synthetic,4,2026-04-02T12:06:33.303639+00:00,{}
a70dfd5e-c05e-4a81-82af-d8aa150a0012,order_created,78,sim-u78-s3,19,,synthetic,5,2026-04-02T12:07:10.303639+00:00,"{""category_id"": 7}"
3dc97db0-6323-447b-9c38-e252bfb0aebb,order_paid,78,sim-u78-s3,19,,synthetic,6,2026-04-02T12:09:31.303639+00:00,"{""category_id"": 7}"
e33c8a8c-1518-4d9f-8bdc-c7896fb49f65,order_completed,78,sim-u78-s3,19,,synthetic,6,2026-04-02T12:11:50.303639+00:00,"{""category_id"": 7}"
343593cf-303a-4986-b349-af3a69bfc654,chat_message_sent,78,sim-u78-s3,19,Nen chon mau nao cho cong viec van phong,synthetic,2,2026-04-02T12:14:38.303639+00:00,"{""category_id"": 7, ""intent"": ""advice""}"
6020b197-46f3-4220-965c-5adb01777541,chat_started,84,sim-u84-s2,,start session,synthetic,1,2026-04-02T22:03:15.303639+00:00,"{""channel"": ""web""}"
6d254726-976d-4aeb-8518-ec1872255347,search_performed,84,sim-u84-s2,,webcam full hd,synthetic,1,2026-04-02T22:05:29.303639+00:00,"{""search_query"": ""webcam full hd""}"
e0efe65a-cd6a-401c-a08f-ae67a88e1391,product_clicked,84,sim-u84-s2,26,,synthetic,2,2026-04-02T22:06:40.303639+00:00,"{""category_id"": 11}"
742160db-3523-4840-8b4d-14df55af7bd3,product_viewed,84,sim-u84-s2,26,,synthetic,1,2026-04-02T22:08:09.303639+00:00,"{""category_id"": 11}"
12adab89-73e1-444b-a119-a17df473c04b,chat_message_sent,84,sim-u84-s2,26,Nen chon mau nao cho cong viec van phong,synthetic,2,2026-04-02T22:10:10.303639+00:00,"{""category_id"": 11, ""intent"": ""advice""}"
ffcbf2ab-9c83-458d-8870-5fd78e4b2199,search_performed,84,sim-u84-s2,,office chair,synthetic,1,2026-04-02T22:12:30.303639+00:00,"{""search_query"": ""office chair""}"
c98a8b46-b503-44df-a200-9667e4182c94,product_clicked,84,sim-u84-s2,23,,synthetic,2,2026-04-02T22:14:42.303639+00:00,"{""category_id"": 9}"
9afe7db0-36e1-4891-89c6-4cbbb6393155,product_viewed,84,sim-u84-s2,23,,synthetic,1,2026-04-02T22:16:50.303639+00:00,"{""category_id"": 9}"
b4d30712-84b5-4bc6-a9d3-707aa00e7bde,cart_viewed,84,sim-u84-s2,,open cart,synthetic,1,2026-04-02T22:19:00.303639+00:00,{}
b32f4a6d-ce92-4256-8a83-c93487032f7c,cart_item_added,84,sim-u84-s2,23,,synthetic,4,2026-04-02T22:19:59.303639+00:00,"{""category_id"": 9}"
7fc210c0-fa93-4b0c-be9e-1a6469fe3b22,checkout_started,84,sim-u84-s2,,checkout,synthetic,4,2026-04-02T22:20:24.303639+00:00,{}
514f459c-6230-4f6b-8a12-2a429ffa3796,order_created,84,sim-u84-s2,23,,synthetic,5,2026-04-02T22:22:21.303639+00:00,"{""category_id"": 9}"
a435370e-f5fd-4aee-b815-8648c1729c14,order_paid,84,sim-u84-s2,23,,synthetic,6,2026-04-02T22:23:02.303639+00:00,"{""category_id"": 9}"
8d8d4845-a26b-40e4-aaf4-893628a97036,order_completed,84,sim-u84-s2,23,,synthetic,6,2026-04-02T22:24:38.303639+00:00,"{""category_id"": 9}"
0ded68d5-437f-4c20-ad8e-d9426bd6f950,chat_message_sent,84,sim-u84-s2,23,San pham nay co uu diem gi,synthetic,2,2026-04-02T22:27:19.303639+00:00,"{""category_id"": 9, ""intent"": ""advice""}"
968cc3b6-16cc-470e-b170-901ba3204bef,chat_started,83,sim-u83-s2,,start session,synthetic,1,2026-04-03T05:44:33.303639+00:00,"{""channel"": ""web""}"
7f641208-0479-470b-889c-c83631b7e3da,search_performed,83,sim-u83-s2,,usb c hub,synthetic,1,2026-04-03T05:45:49.303639+00:00,"{""search_query"": ""usb c hub""}"
c312ac11-728f-4e74-a4e3-8bd703077666,product_clicked,83,sim-u83-s2,29,,synthetic,2,2026-04-03T05:46:25.303639+00:00,"{""category_id"": 12}"
6278dd61-3718-49b1-bc1c-95c80d024052,product_viewed,83,sim-u83-s2,29,,synthetic,1,2026-04-03T05:47:56.303639+00:00,"{""category_id"": 12}"
44eff9c2-96a2-4b13-8fb0-872aa3a293c7,cart_viewed,83,sim-u83-s2,,open cart,synthetic,1,2026-04-03T05:49:50.303639+00:00,{}
30ae5c16-4d37-4fb1-8484-7cc5b8a58cda,cart_item_added,83,sim-u83-s2,29,,synthetic,4,2026-04-03T05:50:21.303639+00:00,"{""category_id"": 12}"
7bd9be2c-eef3-4a78-9499-5ea8a5985735,cart_item_quantity_updated,83,sim-u83-s2,29,,synthetic,3,2026-04-03T05:52:26.303639+00:00,"{""category_id"": 12, ""quantity"": 2}"
b9f5b26d-2222-484d-85a6-cd7c382f9743,checkout_started,83,sim-u83-s2,,checkout,synthetic,4,2026-04-03T05:55:19.303639+00:00,{}
a0ab3598-15dc-49fe-933d-08a36ce00fe5,order_created,83,sim-u83-s2,29,,synthetic,5,2026-04-03T05:57:46.303639+00:00,"{""category_id"": 12}"
75d56e50-54af-49e3-83c6-efdf8ad78349,order_cancelled,83,sim-u83-s2,29,,synthetic,-2,2026-04-03T05:58:32.303639+00:00,"{""category_id"": 12}"
53db19e1-6b80-4935-8f56-ba0bcec53136,chat_message_sent,83,sim-u83-s2,29,San pham nay co uu diem gi,synthetic,2,2026-04-03T05:59:56.303639+00:00,"{""category_id"": 12, ""intent"": ""advice""}"
338c20c8-9b6a-4735-ba06-b1c945ac9b46,search_performed,83,sim-u83-s2,,webcam full hd,synthetic,1,2026-04-03T06:01:39.303639+00:00,"{""search_query"": ""webcam full hd""}"
de44f1e7-2d82-4bc5-abfd-cc809a8fcd37,product_clicked,83,sim-u83-s2,32,,synthetic,2,2026-04-03T06:03:38.303639+00:00,"{""category_id"": 14}"
08fb7a6f-1def-4d00-9a91-1eefb15941fd,product_viewed,83,sim-u83-s2,32,,synthetic,1,2026-04-03T06:04:32.303639+00:00,"{""category_id"": 14}"
373a953e-be06-45d5-8ccf-f914831df7c7,cart_viewed,83,sim-u83-s2,,open cart,synthetic,1,2026-04-03T06:06:13.303639+00:00,{}
8c362a85-fe5d-4ad5-a07c-e22e613de189,cart_item_added,83,sim-u83-s2,32,,synthetic,4,2026-04-03T06:08:36.303639+00:00,"{""category_id"": 14}"
3ebe8c89-96cb-421f-8268-219b2493bcf1,cart_item_quantity_updated,83,sim-u83-s2,32,,synthetic,3,2026-04-03T06:11:31.303639+00:00,"{""category_id"": 14, ""quantity"": 2}"
aa558ff4-7243-4298-b7df-36ddf2cbee31,checkout_started,83,sim-u83-s2,,checkout,synthetic,4,2026-04-03T06:13:45.303639+00:00,{}
46ecb5de-c903-4480-9f29-75e0f6397c05,order_created,83,sim-u83-s2,32,,synthetic,5,2026-04-03T06:15:42.303639+00:00,"{""category_id"": 14}"
a84c7244-fb02-4052-b233-59bdc72d119b,order_paid,83,sim-u83-s2,32,,synthetic,6,2026-04-03T06:17:01.303639+00:00,"{""category_id"": 14}"
aa48352f-c75a-4d58-9b72-e837be057620,order_completed,83,sim-u83-s2,32,,synthetic,6,2026-04-03T06:19:29.303639+00:00,"{""category_id"": 14}"
acca3b60-850c-4063-815e-095eab0b2d59,chat_message_sent,83,sim-u83-s2,32,Tu van cho toi mot san pham phu hop nhu cau,synthetic,2,2026-04-03T06:20:48.303639+00:00,"{""category_id"": 14, ""intent"": ""advice""}"
03939624-bf24-49a9-94c8-a1847a75b6b7,chat_started,18,sim-u18-s3,,start session,synthetic,1,2026-04-03T07:02:19.303639+00:00,"{""channel"": ""web""}"
9fe821b5-ac34-4242-bc35-3ec269060ce8,search_performed,18,sim-u18-s3,,laptop stand,synthetic,1,2026-04-03T07:04:49.303639+00:00,"{""search_query"": ""laptop stand""}"
56c1acd5-fd8c-44c3-a177-b7239acea8e2,product_clicked,18,sim-u18-s3,25,,synthetic,2,2026-04-03T07:07:25.303639+00:00,"{""category_id"": 10}"
fc94f80b-583d-48f5-9615-0f39243194e7,product_viewed,18,sim-u18-s3,25,,synthetic,1,2026-04-03T07:09:50.303639+00:00,"{""category_id"": 10}"
083c0d5f-9e76-410c-bbf0-32bc1641183d,cart_viewed,18,sim-u18-s3,,open cart,synthetic,1,2026-04-03T07:11:26.303639+00:00,{}
a0988a9e-92eb-4157-a86a-8527d01380f3,cart_item_added,18,sim-u18-s3,25,,synthetic,4,2026-04-03T07:13:47.303639+00:00,"{""category_id"": 10}"
691285c9-7f3b-4dc6-8e10-4ac9f4a3f455,checkout_started,18,sim-u18-s3,,checkout,synthetic,4,2026-04-03T07:14:35.303639+00:00,{}
9cc04895-edc0-41c6-bfb1-ec34fdbeb212,order_created,18,sim-u18-s3,25,,synthetic,5,2026-04-03T07:16:41.303639+00:00,"{""category_id"": 10}"
efe6821b-0ac0-4620-941a-c530455f54f6,order_paid,18,sim-u18-s3,25,,synthetic,6,2026-04-03T07:17:07.303639+00:00,"{""category_id"": 10}"
4df75c55-049f-4ed0-9e16-93cda5f134f5,order_completed,18,sim-u18-s3,25,,synthetic,6,2026-04-03T07:19:59.303639+00:00,"{""category_id"": 10}"
251b37d6-aa75-4b42-bcb6-dec383ec626e,chat_message_sent,18,sim-u18-s3,25,San pham nay co uu diem gi,synthetic,2,2026-04-03T07:20:32.303639+00:00,"{""category_id"": 10, ""intent"": ""advice""}"
6bfb8395-4c51-44da-b0a8-1b3b87dc71b3,search_performed,18,sim-u18-s3,,usb c hub,synthetic,1,2026-04-03T07:21:35.303639+00:00,"{""search_query"": ""usb c hub""}"
b95fffbb-033f-4efd-ae30-4d5c35febfe3,product_clicked,18,sim-u18-s3,17,,synthetic,2,2026-04-03T07:24:09.303639+00:00,"{""category_id"": 6}"
9b52cdf3-1a76-4ac5-9a90-7006459d3188,product_viewed,18,sim-u18-s3,17,,synthetic,1,2026-04-03T07:27:07.303639+00:00,"{""category_id"": 6}"
c4edc668-8385-455e-af78-6ae341a4ba41,cart_viewed,18,sim-u18-s3,,open cart,synthetic,1,2026-04-03T07:29:04.303639+00:00,{}
61a56915-45b2-4e7d-8ab5-9b3d4932bdbf,cart_item_added,18,sim-u18-s3,17,,synthetic,4,2026-04-03T07:30:01.303639+00:00,"{""category_id"": 6}"
362e4c05-534a-40db-b432-a4a26576a34d,cart_item_removed,18,sim-u18-s3,17,,synthetic,1,2026-04-03T07:32:47.303639+00:00,"{""category_id"": 6}"
f46d2ea0-7461-46ac-9d12-c92ae9e64121,checkout_started,18,sim-u18-s3,,checkout,synthetic,4,2026-04-03T07:33:35.303639+00:00,{}
e382c1d7-1b6e-4048-ad70-41c010ab6212,order_created,18,sim-u18-s3,17,,synthetic,5,2026-04-03T07:34:43.303639+00:00,"{""category_id"": 6}"
509adf69-26a6-4c61-82c9-7b1d57e6ee42,order_paid,18,sim-u18-s3,17,,synthetic,6,2026-04-03T07:36:23.303639+00:00,"{""category_id"": 6}"
dab56c96-db1e-443c-abf7-bfb903e91689,order_completed,18,sim-u18-s3,17,,synthetic,6,2026-04-03T07:38:30.303639+00:00,"{""category_id"": 6}"
5fe0052d-6ac3-4f41-85b7-c421e3a4c069,chat_message_sent,18,sim-u18-s3,17,San pham nay co uu diem gi,synthetic,2,2026-04-03T07:40:35.303639+00:00,"{""category_id"": 6, ""intent"": ""advice""}"
7ac925fe-c721-4bcc-aed3-313334fae537,search_performed,18,sim-u18-s3,,webcam full hd,synthetic,1,2026-04-03T07:42:55.303639+00:00,"{""search_query"": ""webcam full hd""}"
7c95e6d8-c6fa-48b3-aabf-8f7620bec316,product_clicked,18,sim-u18-s3,19,,synthetic,2,2026-04-03T07:43:30.303639+00:00,"{""category_id"": 7}"
832aeea9-b3c3-4d1f-8da5-00f6a5b4eb84,product_viewed,18,sim-u18-s3,19,,synthetic,1,2026-04-03T07:44:25.303639+00:00,"{""category_id"": 7}"
dde577ba-0bc1-424e-a529-70ec00f3145d,cart_viewed,18,sim-u18-s3,,open cart,synthetic,1,2026-04-03T07:47:08.303639+00:00,{}
964dd5ae-291b-4a4f-8c7c-5292e7aa1ced,cart_item_added,18,sim-u18-s3,19,,synthetic,4,2026-04-03T07:48:51.303639+00:00,"{""category_id"": 7}"
1b765eb4-7a07-415c-a371-4e56fa7421d9,checkout_started,18,sim-u18-s3,,checkout,synthetic,4,2026-04-03T07:50:47.303639+00:00,{}
508d8ba4-0a6d-431c-81bc-92d9e6336cd6,order_created,18,sim-u18-s3,19,,synthetic,5,2026-04-03T07:52:27.303639+00:00,"{""category_id"": 7}"
7fc8a8b9-06b8-4323-abde-f8cea55ead22,order_cancelled,18,sim-u18-s3,19,,synthetic,-2,2026-04-03T07:54:44.303639+00:00,"{""category_id"": 7}"
3d40d05c-5b14-4e4b-930d-92541c164345,chat_started,43,sim-u43-s2,,start session,synthetic,1,2026-04-03T08:51:22.303639+00:00,"{""channel"": ""web""}"
25e7648c-527a-48e6-8d24-2a48fe8cbbf4,search_performed,43,sim-u43-s2,,usb c hub,synthetic,1,2026-04-03T08:53:39.303639+00:00,"{""search_query"": ""usb c hub""}"
89abedec-161a-41cd-aac9-5166a3dce7f3,product_clicked,43,sim-u43-s2,11,,synthetic,2,2026-04-03T08:56:29.303639+00:00,"{""category_id"": 3}"
bb18e970-69d0-4786-b5c6-9871aaa27292,product_viewed,43,sim-u43-s2,11,,synthetic,1,2026-04-03T08:56:56.303639+00:00,"{""category_id"": 3}"
7089187d-0c7e-4718-a598-e252c79d6f1c,cart_viewed,43,sim-u43-s2,,open cart,synthetic,1,2026-04-03T08:58:22.303639+00:00,{}
57815393-4f89-459e-aee1-c7f774e213af,cart_item_added,43,sim-u43-s2,11,,synthetic,4,2026-04-03T08:58:59.303639+00:00,"{""category_id"": 3}"
07ee1bbb-252f-4c37-abc0-225e7a2bb1c9,cart_item_quantity_updated,43,sim-u43-s2,11,,synthetic,3,2026-04-03T09:00:17.303639+00:00,"{""category_id"": 3, ""quantity"": 2}"
fad95d9b-cfe8-4bae-8bf1-11106c636ef7,checkout_started,43,sim-u43-s2,,checkout,synthetic,4,2026-04-03T09:02:22.303639+00:00,{}
7ff14cac-dcd4-474f-9731-446e6d496d7b,order_created,43,sim-u43-s2,11,,synthetic,5,2026-04-03T09:04:12.303639+00:00,"{""category_id"": 3}"
e1030dd4-c298-4072-bf65-dcf21b67fe76,order_paid,43,sim-u43-s2,11,,synthetic,6,2026-04-03T09:04:34.303639+00:00,"{""category_id"": 3}"
22378e1c-d499-45bd-9806-7fdb561b4f62,order_completed,43,sim-u43-s2,11,,synthetic,6,2026-04-03T09:06:01.303639+00:00,"{""category_id"": 3}"
278512a4-50c1-458c-8b04-8a1fd5dfb5bc,chat_message_sent,43,sim-u43-s2,11,Tu van cho toi mot san pham phu hop nhu cau,synthetic,2,2026-04-03T09:08:03.303639+00:00,"{""category_id"": 3, ""intent"": ""advice""}"
e726b662-2234-4188-8ff2-2875b861a8d1,search_performed,43,sim-u43-s2,,noise cancelling headset,synthetic,1,2026-04-03T09:08:42.303639+00:00,"{""search_query"": ""noise cancelling headset""}"
e0d218d7-5f93-493f-b633-0a4724b39e9f,product_clicked,43,sim-u43-s2,14,,synthetic,2,2026-04-03T09:11:23.303639+00:00,"{""category_id"": 5}"
7793eceb-0944-4646-99c6-31296aa27b92,product_viewed,43,sim-u43-s2,14,,synthetic,1,2026-04-03T09:12:28.303639+00:00,"{""category_id"": 5}"
ba2da481-05cf-416a-afa9-45b26253c880,cart_viewed,43,sim-u43-s2,,open cart,synthetic,1,2026-04-03T09:14:18.303639+00:00,{}
18f00cf9-5b91-4dac-b63d-f0696bc9fc55,cart_item_added,43,sim-u43-s2,14,,synthetic,4,2026-04-03T09:15:33.303639+00:00,"{""category_id"": 5}"
47a7ccb9-e1bc-4aa8-aa61-8e16006e0221,checkout_started,43,sim-u43-s2,,checkout,synthetic,4,2026-04-03T09:16:41.303639+00:00,{}
99991496-1cf7-4027-baaf-1acaae18111b,order_created,43,sim-u43-s2,14,,synthetic,5,2026-04-03T09:19:08.303639+00:00,"{""category_id"": 5}"
6b266909-5129-4447-8cb9-9484ec84c3a4,order_paid,43,sim-u43-s2,14,,synthetic,6,2026-04-03T09:20:28.303639+00:00,"{""category_id"": 5}"
bb5fe2ce-0e30-4ccc-88c3-3c58d5761e74,order_completed,43,sim-u43-s2,14,,synthetic,6,2026-04-03T09:21:49.303639+00:00,"{""category_id"": 5}"
ab344b05-c515-4d2f-9ff1-187da8a3be75,chat_started,61,sim-u61-s2,,start session,synthetic,1,2026-04-03T11:01:38.303639+00:00,"{""channel"": ""web""}"
1ec5db73-3997-47a7-8b00-a824ec6e417a,search_performed,61,sim-u61-s2,,noise cancelling headset,synthetic,1,2026-04-03T11:02:37.303639+00:00,"{""search_query"": ""noise cancelling headset""}"
84ffde72-3335-4199-93a4-9dda4c87907f,product_clicked,61,sim-u61-s2,6,,synthetic,2,2026-04-03T11:02:58.303639+00:00,"{""category_id"": 1}"
a27918da-bcc8-4e65-ad0c-e0d331381a8d,product_viewed,61,sim-u61-s2,6,,synthetic,1,2026-04-03T11:05:37.303639+00:00,"{""category_id"": 1}"
cf054c68-7abe-4b51-bbf4-56e6c2b67626,chat_message_sent,61,sim-u61-s2,6,Nen chon mau nao cho cong viec van phong,synthetic,2,2026-04-03T11:07:58.303639+00:00,"{""category_id"": 1, ""intent"": ""advice""}"
b9c00061-0f0c-44b2-a060-9a45ac69a07e,search_performed,61,sim-u61-s2,,monitor 27 inch,synthetic,1,2026-04-03T11:10:44.303639+00:00,"{""search_query"": ""monitor 27 inch""}"
983f7e30-9437-46f3-b572-ae8a7b368889,product_clicked,61,sim-u61-s2,7,,synthetic,2,2026-04-03T11:11:41.303639+00:00,"{""category_id"": 1}"
f86c3a55-2eba-4384-a02b-e5f71f72322b,product_viewed,61,sim-u61-s2,7,,synthetic,1,2026-04-03T11:14:25.303639+00:00,"{""category_id"": 1}"
1e8e4404-f220-4ecb-a933-9278d2f19294,cart_viewed,61,sim-u61-s2,,open cart,synthetic,1,2026-04-03T11:16:38.303639+00:00,{}
3382baf6-d7e5-4a7a-9d43-f2b5a93e010a,cart_item_added,61,sim-u61-s2,7,,synthetic,4,2026-04-03T11:18:24.303639+00:00,"{""category_id"": 1}"
d5e59305-04ec-4358-93e0-d368ec53b554,checkout_started,61,sim-u61-s2,,checkout,synthetic,4,2026-04-03T11:18:54.303639+00:00,{}
3ce762b9-283e-4fcb-8883-f8543d21b46a,order_created,61,sim-u61-s2,7,,synthetic,5,2026-04-03T11:19:49.303639+00:00,"{""category_id"": 1}"
d32ae28a-7757-4d2e-8e3b-64dac447e917,order_paid,61,sim-u61-s2,7,,synthetic,6,2026-04-03T11:20:38.303639+00:00,"{""category_id"": 1}"
8b7fd48c-dbc3-4766-8694-237a75fac9ad,order_completed,61,sim-u61-s2,7,,synthetic,6,2026-04-03T11:22:16.303639+00:00,"{""category_id"": 1}"
36f737ee-7385-47ab-ae9e-6f305ead6231,chat_message_sent,61,sim-u61-s2,7,San pham nay co uu diem gi,synthetic,2,2026-04-03T11:24:30.303639+00:00,"{""category_id"": 1, ""intent"": ""advice""}"
fea03cc3-52aa-463f-ad4b-39bdff717733,chat_started,2,sim-u2-s1,,start session,synthetic,1,2026-04-03T15:43:11.303639+00:00,"{""channel"": ""web""}"
80444e82-a406-4bb1-bce0-cfeff02f9b7f,search_performed,2,sim-u2-s1,,gaming keyboard,synthetic,1,2026-04-03T15:43:43.303639+00:00,"{""search_query"": ""gaming keyboard""}"
e441be42-7ab3-4565-9841-39713502af29,product_clicked,2,sim-u2-s1,20,,synthetic,2,2026-04-03T15:44:31.303639+00:00,"{""category_id"": 8}"
31a1bfaa-35fd-4e0f-b8bf-f6efd79167dd,product_viewed,2,sim-u2-s1,20,,synthetic,1,2026-04-03T15:45:30.303639+00:00,"{""category_id"": 8}"
3fb0ba8a-14e1-4c6f-abb8-38d195212422,cart_viewed,2,sim-u2-s1,,open cart,synthetic,1,2026-04-03T15:47:38.303639+00:00,{}
90318ff5-3b31-4ff2-a283-132b08eef081,cart_item_added,2,sim-u2-s1,20,,synthetic,4,2026-04-03T15:50:30.303639+00:00,"{""category_id"": 8}"
b8db82d7-6278-40e8-b6e8-5e2bdfddf6f1,cart_item_quantity_updated,2,sim-u2-s1,20,,synthetic,3,2026-04-03T15:53:22.303639+00:00,"{""category_id"": 8, ""quantity"": 3}"
d371bf07-d948-4068-9d30-b59fdcb79b60,checkout_started,2,sim-u2-s1,,checkout,synthetic,4,2026-04-03T15:55:57.303639+00:00,{}
26eb3d6c-5f8d-4eea-8c7c-e8d34bc8e59c,order_created,2,sim-u2-s1,20,,synthetic,5,2026-04-03T15:57:21.303639+00:00,"{""category_id"": 8}"
2ceff6e9-737f-46e3-9111-f2dc8a4ad3fd,order_cancelled,2,sim-u2-s1,20,,synthetic,-2,2026-04-03T15:57:43.303639+00:00,"{""category_id"": 8}"
6f451aeb-b28f-4a4d-b879-0e90099a19fb,chat_message_sent,2,sim-u2-s1,20,Tu van cho toi mot san pham phu hop nhu cau,synthetic,2,2026-04-03T16:00:20.303639+00:00,"{""category_id"": 8, ""intent"": ""advice""}"
bcbf366f-7b4f-4cc3-8dd3-ebce74bd4001,search_performed,2,sim-u2-s1,,monitor 27 inch,synthetic,1,2026-04-03T16:02:07.303639+00:00,"{""search_query"": ""monitor 27 inch""}"
78fd8cfe-cf2f-4164-bc94-dbf1a8be1251,product_clicked,2,sim-u2-s1,11,,synthetic,2,2026-04-03T16:02:55.303639+00:00,"{""category_id"": 3}"
8a7ba3ab-7b09-43a2-9a84-34a3db4fcbbd,product_viewed,2,sim-u2-s1,11,,synthetic,1,2026-04-03T16:04:30.303639+00:00,"{""category_id"": 3}"
8a7e67c2-b8dc-47cd-ba6a-1aeee0627b91,cart_viewed,2,sim-u2-s1,,open cart,synthetic,1,2026-04-03T16:06:46.303639+00:00,{}
73f11ed1-a696-4e76-a4a2-9fc0bb3e11d9,cart_item_added,2,sim-u2-s1,11,,synthetic,4,2026-04-03T16:07:06.303639+00:00,"{""category_id"": 3}"
dbbed396-9d6b-4cab-900b-6917eda884b3,checkout_started,2,sim-u2-s1,,checkout,synthetic,4,2026-04-03T16:08:33.303639+00:00,{}
0428fec8-e76e-4cee-a3d1-cb6cabdfeada,order_created,2,sim-u2-s1,11,,synthetic,5,2026-04-03T16:11:01.303639+00:00,"{""category_id"": 3}"
39324486-804f-41d2-a45e-fdac13a6b8c0,order_paid,2,sim-u2-s1,11,,synthetic,6,2026-04-03T16:13:30.303639+00:00,"{""category_id"": 3}"
5de6eb07-4c37-4c4e-a3b2-7298daff9602,order_completed,2,sim-u2-s1,11,,synthetic,6,2026-04-03T16:14:17.303639+00:00,"{""category_id"": 3}"
a8b7035a-980f-476c-aa3e-800800505e58,search_performed,2,sim-u2-s1,,laptop stand,synthetic,1,2026-04-03T16:17:12.303639+00:00,"{""search_query"": ""laptop stand""}"
530396b2-feb0-4b8f-84ce-9c32dceb6e37,product_clicked,2,sim-u2-s1,26,,synthetic,2,2026-04-03T16:18:22.303639+00:00,"{""category_id"": 11}"
1550bce7-d477-45d1-b61e-5e2412544afc,product_viewed,2,sim-u2-s1,26,,synthetic,1,2026-04-03T16:19:21.303639+00:00,"{""category_id"": 11}"
9a019e36-e1bd-4111-b243-bb197b58db37,cart_viewed,2,sim-u2-s1,,open cart,synthetic,1,2026-04-03T16:20:22.303639+00:00,{}
7d8a8a31-5adf-480d-8fbb-d30fdb5e09d4,cart_item_added,2,sim-u2-s1,26,,synthetic,4,2026-04-03T16:23:00.303639+00:00,"{""category_id"": 11}"
b862c82c-c59c-44ce-9281-6c60d18e4075,checkout_started,2,sim-u2-s1,,checkout,synthetic,4,2026-04-03T16:23:20.303639+00:00,{}
773b1ce5-303c-4021-8c52-b214f2d74305,chat_started,38,sim-u38-s1,,start session,synthetic,1,2026-04-03T16:23:27.303639+00:00,"{""channel"": ""web""}"
7937fa86-e163-450e-8d6d-3c8f0870a2f8,order_created,2,sim-u2-s1,26,,synthetic,5,2026-04-03T16:26:13.303639+00:00,"{""category_id"": 11}"
5369e146-7695-47ad-b7dc-849cf920dae4,search_performed,38,sim-u38-s1,,mechanical keyboard,synthetic,1,2026-04-03T16:26:21.303639+00:00,"{""search_query"": ""mechanical keyboard""}"
a4fc3fde-9dcf-40e2-aed9-f28eabda76f7,order_paid,2,sim-u2-s1,26,,synthetic,6,2026-04-03T16:26:37.303639+00:00,"{""category_id"": 11}"
c653bd5f-9ebb-44d9-ae92-7741797442e4,order_completed,2,sim-u2-s1,26,,synthetic,6,2026-04-03T16:27:25.303639+00:00,"{""category_id"": 11}"
85c5693f-713b-4536-a1f4-97dcd3bae4b8,product_clicked,38,sim-u38-s1,31,,synthetic,2,2026-04-03T16:28:52.303639+00:00,"{""category_id"": 13}"
79a434b8-5d1c-4846-8a83-1c174f4d8cfd,product_viewed,38,sim-u38-s1,31,,synthetic,1,2026-04-03T16:30:28.303639+00:00,"{""category_id"": 13}"
ce78abaa-3d0c-4720-b509-4fd14880ff97,chat_message_sent,38,sim-u38-s1,31,Nen chon mau nao cho cong viec van phong,synthetic,2,2026-04-03T16:33:09.303639+00:00,"{""category_id"": 13, ""intent"": ""advice""}"
dc7fa685-d58e-4dd8-abfd-c980da321540,chat_started,100,sim-u100-s2,,start session,synthetic,1,2026-04-03T17:12:57.303639+00:00,"{""channel"": ""web""}"
64de8f67-f4f4-41ad-961b-6e24977f7dca,search_performed,100,sim-u100-s2,,gaming keyboard,synthetic,1,2026-04-03T17:13:49.303639+00:00,"{""search_query"": ""gaming keyboard""}"
00798991-4b81-406c-8c75-e8e1e6a2c545,product_clicked,100,sim-u100-s2,28,,synthetic,2,2026-04-03T17:16:18.303639+00:00,"{""category_id"": 12}"
0dab4ed8-ab4b-4cf7-8d8b-62729dfe74c5,product_viewed,100,sim-u100-s2,28,,synthetic,1,2026-04-03T17:17:08.303639+00:00,"{""category_id"": 12}"
9c59dd84-8f27-48c0-bea8-ab2d58106143,cart_viewed,100,sim-u100-s2,,open cart,synthetic,1,2026-04-03T17:19:08.303639+00:00,{}
02f6baff-695a-46b2-83d4-5e67d98a945b,cart_item_added,100,sim-u100-s2,28,,synthetic,4,2026-04-03T17:22:08.303639+00:00,"{""category_id"": 12}"
fae88393-c8ee-4336-a55e-0225ecb65199,checkout_started,100,sim-u100-s2,,checkout,synthetic,4,2026-04-03T17:23:08.303639+00:00,{}
83d9c324-2f2e-437e-97ac-66431ae2836f,order_created,100,sim-u100-s2,28,,synthetic,5,2026-04-03T17:24:50.303639+00:00,"{""category_id"": 12}"
07998c2e-34d2-4062-bd97-21099e8329d1,order_paid,100,sim-u100-s2,28,,synthetic,6,2026-04-03T17:25:33.303639+00:00,"{""category_id"": 12}"
0818e9e5-106c-4dd4-be10-b974675adc80,order_completed,100,sim-u100-s2,28,,synthetic,6,2026-04-03T17:25:59.303639+00:00,"{""category_id"": 12}"
cd29f7aa-9cc7-45b5-9d7c-b57745f94d60,chat_message_sent,100,sim-u100-s2,28,San pham nay co uu diem gi,synthetic,2,2026-04-03T17:26:26.303639+00:00,"{""category_id"": 12, ""intent"": ""advice""}"
22ae4f8c-9010-4d06-a138-cb8bc5bfa64c,search_performed,100,sim-u100-s2,,laptop stand,synthetic,1,2026-04-03T17:27:06.303639+00:00,"{""search_query"": ""laptop stand""}"
692cb1cb-bef1-41dd-902f-32e5aca0a24e,product_clicked,100,sim-u100-s2,16,,synthetic,2,2026-04-03T17:29:52.303639+00:00,"{""category_id"": 6}"
a53a1a84-a465-4788-b269-d1dfa2d850c9,product_viewed,100,sim-u100-s2,16,,synthetic,1,2026-04-03T17:31:49.303639+00:00,"{""category_id"": 6}"
6bf732dd-4ea0-463b-ac0b-5904c0fc72c0,cart_viewed,100,sim-u100-s2,,open cart,synthetic,1,2026-04-03T17:32:42.303639+00:00,{}
acde0947-79f4-408d-96da-7a1c2fa459c5,cart_item_added,100,sim-u100-s2,16,,synthetic,4,2026-04-03T17:34:58.303639+00:00,"{""category_id"": 6}"
46d7147b-688a-49ab-82bc-a76fc1dba937,checkout_started,100,sim-u100-s2,,checkout,synthetic,4,2026-04-03T17:36:05.303639+00:00,{}
5dcd53ed-e0ce-41da-b5ca-2c7b6e2b0152,order_created,100,sim-u100-s2,16,,synthetic,5,2026-04-03T17:37:26.303639+00:00,"{""category_id"": 6}"
190cacb5-926c-4730-bd88-ceccaf161d90,order_paid,100,sim-u100-s2,16,,synthetic,6,2026-04-03T17:38:42.303639+00:00,"{""category_id"": 6}"
cb4d8ee1-ce75-4900-a62a-2adb425c8c45,order_completed,100,sim-u100-s2,16,,synthetic,6,2026-04-03T17:40:18.303639+00:00,"{""category_id"": 6}"
27e1c37e-03bd-4fdb-90a7-a42085feabcb,chat_message_sent,100,sim-u100-s2,16,San pham nay co uu diem gi,synthetic,2,2026-04-03T17:42:14.303639+00:00,"{""category_id"": 6, ""intent"": ""advice""}"
f93e7eab-f148-49fd-8f6f-b1cf6148610f,chat_started,38,sim-u38-s3,,start session,synthetic,1,2026-04-03T19:58:31.303639+00:00,"{""channel"": ""web""}"
57332918-e6ff-4fd6-bcdb-832eeacb0972,search_performed,38,sim-u38-s3,,wireless mouse,synthetic,1,2026-04-03T20:00:28.303639+00:00,"{""search_query"": ""wireless mouse""}"
d2f89b43-2308-4154-add0-5936d97147c4,product_clicked,38,sim-u38-s3,14,,synthetic,2,2026-04-03T20:02:27.303639+00:00,"{""category_id"": 5}"
b2f120eb-7c97-4061-914e-bd5d549105f4,product_viewed,38,sim-u38-s3,14,,synthetic,1,2026-04-03T20:04:33.303639+00:00,"{""category_id"": 5}"
28c1606f-5929-45c6-90bc-872fcbeae3c5,search_performed,38,sim-u38-s3,,laptop stand,synthetic,1,2026-04-03T20:05:06.303639+00:00,"{""search_query"": ""laptop stand""}"
11d527d9-a711-4b1c-87f8-621b5e441803,product_clicked,38,sim-u38-s3,25,,synthetic,2,2026-04-03T20:05:29.303639+00:00,"{""category_id"": 10}"
387d8e97-aba3-41a6-aa2d-0429fc5ddc10,product_viewed,38,sim-u38-s3,25,,synthetic,1,2026-04-03T20:06:53.303639+00:00,"{""category_id"": 10}"
b474b1f4-fc0e-47e9-b9b8-ff41d9b3864a,cart_viewed,38,sim-u38-s3,,open cart,synthetic,1,2026-04-03T20:09:06.303639+00:00,{}
aeb02d4a-8903-4e09-9ba7-d8e2bdc06e5c,cart_item_added,38,sim-u38-s3,25,,synthetic,4,2026-04-03T20:10:23.303639+00:00,"{""category_id"": 10}"
369feb8d-b54b-41c0-a6b4-ef6aa96a5194,checkout_started,38,sim-u38-s3,,checkout,synthetic,4,2026-04-03T20:12:17.303639+00:00,{}
8dd3ddaf-c8df-4169-896a-13ae8c5a8ae9,order_created,38,sim-u38-s3,25,,synthetic,5,2026-04-03T20:15:07.303639+00:00,"{""category_id"": 10}"
7d2b2829-fab1-4b0c-b224-41ffcf79bc5d,order_paid,38,sim-u38-s3,25,,synthetic,6,2026-04-03T20:18:01.303639+00:00,"{""category_id"": 10}"
b024a250-a2a6-46ad-aa52-51c98529e69f,order_completed,38,sim-u38-s3,25,,synthetic,6,2026-04-03T20:19:11.303639+00:00,"{""category_id"": 10}"
acdd5734-f46e-49f0-98d7-82a78e285f5d,search_performed,38,sim-u38-s3,,monitor 27 inch,synthetic,1,2026-04-03T20:21:25.303639+00:00,"{""search_query"": ""monitor 27 inch""}"
b53700d9-c098-4770-b4d5-5ded3b6b076c,product_clicked,38,sim-u38-s3,29,,synthetic,2,2026-04-03T20:22:30.303639+00:00,"{""category_id"": 12}"
32394f48-46cc-4599-a0a8-bd6403fd544a,product_viewed,38,sim-u38-s3,29,,synthetic,1,2026-04-03T20:23:09.303639+00:00,"{""category_id"": 12}"
227d1b1f-0c53-4aab-b976-1596e91229b2,cart_viewed,38,sim-u38-s3,,open cart,synthetic,1,2026-04-03T20:24:13.303639+00:00,{}
c115d42f-1b78-4244-8ef9-5a4c99b3caf7,cart_item_added,38,sim-u38-s3,29,,synthetic,4,2026-04-03T20:26:44.303639+00:00,"{""category_id"": 12}"
2c7b2cb7-39ac-4281-8865-148823222611,cart_item_quantity_updated,38,sim-u38-s3,29,,synthetic,3,2026-04-03T20:28:53.303639+00:00,"{""category_id"": 12, ""quantity"": 2}"
0d93d3a7-6366-412f-8c83-76f995ddb217,checkout_started,38,sim-u38-s3,,checkout,synthetic,4,2026-04-03T20:30:20.303639+00:00,{}
258ab83a-71c4-4ce9-839b-c20e96e88741,order_created,38,sim-u38-s3,29,,synthetic,5,2026-04-03T20:31:13.303639+00:00,"{""category_id"": 12}"
0e7cc789-3df4-45e1-9988-ce93fd2743b1,order_paid,38,sim-u38-s3,29,,synthetic,6,2026-04-03T20:32:38.303639+00:00,"{""category_id"": 12}"
d4833094-3936-401e-92b3-0255e4bc80c9,order_completed,38,sim-u38-s3,29,,synthetic,6,2026-04-03T20:32:59.303639+00:00,"{""category_id"": 12}"
4e1743d0-b206-4ed6-897e-e59d843cc7bd,chat_message_sent,38,sim-u38-s3,29,San pham nay co uu diem gi,synthetic,2,2026-04-03T20:33:29.303639+00:00,"{""category_id"": 12, ""intent"": ""advice""}"
80cb5d6a-381e-43a3-a3a5-5ec50547068b,chat_started,70,sim-u70-s1,,start session,synthetic,1,2026-04-04T07:54:18.303639+00:00,"{""channel"": ""web""}"
88a766a8-61c3-4446-a6c2-01d16f0ddbd2,search_performed,70,sim-u70-s1,,wireless mouse,synthetic,1,2026-04-04T07:54:58.303639+00:00,"{""search_query"": ""wireless mouse""}"
9f28df5d-2b4b-4cf3-99a3-aeb9c4ae096a,product_clicked,70,sim-u70-s1,31,,synthetic,2,2026-04-04T07:57:15.303639+00:00,"{""category_id"": 13}"
5103c20f-b5d3-4cd1-ae2b-fd393ce2d27e,product_viewed,70,sim-u70-s1,31,,synthetic,1,2026-04-04T07:59:37.303639+00:00,"{""category_id"": 13}"
cfed8d1c-1dc1-4a8b-880d-7cc6825ef30c,cart_viewed,70,sim-u70-s1,,open cart,synthetic,1,2026-04-04T08:01:05.303639+00:00,{}
b7a0a8e2-8cf5-434b-a3bf-4dd1b230da6a,cart_item_added,70,sim-u70-s1,31,,synthetic,4,2026-04-04T08:03:57.303639+00:00,"{""category_id"": 13}"
9d9d8457-f69f-4d10-9365-3af0d72400c4,checkout_started,70,sim-u70-s1,,checkout,synthetic,4,2026-04-04T08:04:28.303639+00:00,{}
9ac1c29e-e141-4aeb-ab32-f5fc24456913,order_created,70,sim-u70-s1,31,,synthetic,5,2026-04-04T08:07:27.303639+00:00,"{""category_id"": 13}"
d3125ced-5979-4fcd-a194-d144d785e6e5,order_cancelled,70,sim-u70-s1,31,,synthetic,-2,2026-04-04T08:09:10.303639+00:00,"{""category_id"": 13}"
c8eb6bac-6e7c-4e45-af9a-54a90e4727f8,search_performed,70,sim-u70-s1,,webcam full hd,synthetic,1,2026-04-04T08:10:03.303639+00:00,"{""search_query"": ""webcam full hd""}"
652e756e-2521-4777-942a-2ae718cb1c55,product_clicked,70,sim-u70-s1,12,,synthetic,2,2026-04-04T08:11:17.303639+00:00,"{""category_id"": 4}"
dd108eaa-0597-49fd-9133-6b9ea82a81cc,product_viewed,70,sim-u70-s1,12,,synthetic,1,2026-04-04T08:11:49.303639+00:00,"{""category_id"": 4}"
ff66e874-f7ec-4434-a6c0-c2a8c728c5a1,chat_started,68,sim-u68-s1,,start session,synthetic,1,2026-04-04T08:12:04.303639+00:00,"{""channel"": ""web""}"
87ff49a0-a5b2-422c-99f2-22aafff56b21,chat_message_sent,70,sim-u70-s1,12,Tu van cho toi mot san pham phu hop nhu cau,synthetic,2,2026-04-04T08:12:27.303639+00:00,"{""category_id"": 4, ""intent"": ""advice""}"
9ddcb0d1-c015-4331-9068-a7cec5e3fc58,search_performed,68,sim-u68-s1,,usb c hub,synthetic,1,2026-04-04T08:12:58.303639+00:00,"{""search_query"": ""usb c hub""}"
a3929a9c-746b-42d3-ab5c-ed5a063e2fba,product_clicked,68,sim-u68-s1,35,,synthetic,2,2026-04-04T08:14:40.303639+00:00,"{""category_id"": 15}"
9229ead5-50bb-4536-96e9-6f4d099e3f5a,product_viewed,68,sim-u68-s1,35,,synthetic,1,2026-04-04T08:16:41.303639+00:00,"{""category_id"": 15}"
ef818c6d-986b-40f3-9729-e2466b36cfa1,cart_viewed,68,sim-u68-s1,,open cart,synthetic,1,2026-04-04T08:18:39.303639+00:00,{}
1c1dce17-2415-4397-8714-be60a2e445b1,cart_item_added,68,sim-u68-s1,35,,synthetic,4,2026-04-04T08:20:47.303639+00:00,"{""category_id"": 15}"
1d7973cc-3e9a-4d25-84ec-cc8efa17887b,checkout_started,68,sim-u68-s1,,checkout,synthetic,4,2026-04-04T08:21:31.303639+00:00,{}
a0de2ea8-67fe-4b38-873b-d7c145dde37b,order_created,68,sim-u68-s1,35,,synthetic,5,2026-04-04T08:24:13.303639+00:00,"{""category_id"": 15}"
e9db7a3c-9eb4-4000-a4d7-56b1029c0cb9,order_paid,68,sim-u68-s1,35,,synthetic,6,2026-04-04T08:25:58.303639+00:00,"{""category_id"": 15}"
a026e6b7-4172-4399-9ac8-c2b92dd8a48c,order_completed,68,sim-u68-s1,35,,synthetic,6,2026-04-04T08:27:18.303639+00:00,"{""category_id"": 15}"
226c1e47-e17e-4fd5-8de1-f2127d2f99e1,chat_message_sent,68,sim-u68-s1,35,Nen chon mau nao cho cong viec van phong,synthetic,2,2026-04-04T08:30:13.303639+00:00,"{""category_id"": 15, ""intent"": ""advice""}"
5c06fad9-0f47-4f0f-834a-2604bf4b0840,chat_started,42,sim-u42-s1,,start session,synthetic,1,2026-04-04T09:00:18.303639+00:00,"{""channel"": ""web""}"
0646d285-e475-4f3c-ad0d-11f5af217a8b,search_performed,42,sim-u42-s1,,webcam full hd,synthetic,1,2026-04-04T09:02:06.303639+00:00,"{""search_query"": ""webcam full hd""}"
bc1232fe-1711-4a8e-a78d-2cc9a7c591d0,product_clicked,42,sim-u42-s1,26,,synthetic,2,2026-04-04T09:04:07.303639+00:00,"{""category_id"": 11}"
eb72afdb-1b5c-4f51-84e8-814b03759bde,product_viewed,42,sim-u42-s1,26,,synthetic,1,2026-04-04T09:05:02.303639+00:00,"{""category_id"": 11}"
6c91f7ee-581c-41a2-b089-ba2e98ee7e27,chat_message_sent,42,sim-u42-s1,26,San pham nay co uu diem gi,synthetic,2,2026-04-04T09:07:16.303639+00:00,"{""category_id"": 11, ""intent"": ""advice""}"
5fe1c717-66d8-456c-bfe8-45c9e5ed5b9e,search_performed,42,sim-u42-s1,,office chair,synthetic,1,2026-04-04T09:08:01.303639+00:00,"{""search_query"": ""office chair""}"
f6b1ac3f-ea10-4503-84ce-feb27c36829c,product_clicked,42,sim-u42-s1,10,,synthetic,2,2026-04-04T09:09:15.303639+00:00,"{""category_id"": 3}"
3b6f61a3-607c-4057-956f-01482e388838,product_viewed,42,sim-u42-s1,10,,synthetic,1,2026-04-04T09:11:45.303639+00:00,"{""category_id"": 3}"
6644e9bd-6305-4fa5-acfe-e75a89529c5f,cart_viewed,42,sim-u42-s1,,open cart,synthetic,1,2026-04-04T09:13:31.303639+00:00,{}
2fd11b13-d6a5-4d61-951f-e722fdfb4b56,cart_item_added,42,sim-u42-s1,10,,synthetic,4,2026-04-04T09:16:11.303639+00:00,"{""category_id"": 3}"
95c91ceb-7669-4a25-b634-6905aaad9462,checkout_started,42,sim-u42-s1,,checkout,synthetic,4,2026-04-04T09:16:44.303639+00:00,{}
59c4fa09-377e-49da-bd1f-ffc5d94b1d23,order_created,42,sim-u42-s1,10,,synthetic,5,2026-04-04T09:17:45.303639+00:00,"{""category_id"": 3}"
cf25774e-2c20-49f6-97ff-7aa5b55a438b,order_paid,42,sim-u42-s1,10,,synthetic,6,2026-04-04T09:18:06.303639+00:00,"{""category_id"": 3}"
5a38f324-d7fd-456c-a56f-238f235b89ae,order_completed,42,sim-u42-s1,10,,synthetic,6,2026-04-04T09:18:49.303639+00:00,"{""category_id"": 3}"
3ee85654-ec99-4308-ac1c-7f44095dca6c,chat_started,78,sim-u78-s1,,start session,synthetic,1,2026-04-04T10:24:13.303639+00:00,"{""channel"": ""web""}"
d1ca383b-2c1e-40bb-bf7a-d83c66076eb5,search_performed,78,sim-u78-s1,,wireless mouse,synthetic,1,2026-04-04T10:25:44.303639+00:00,"{""search_query"": ""wireless mouse""}"
8d205c92-683e-476c-adab-7ccf44c9a7c7,product_clicked,78,sim-u78-s1,28,,synthetic,2,2026-04-04T10:27:51.303639+00:00,"{""category_id"": 12}"
bb2615d1-455a-4ad0-88ec-2e76b17ec8bf,product_viewed,78,sim-u78-s1,28,,synthetic,1,2026-04-04T10:30:27.303639+00:00,"{""category_id"": 12}"
2ab2f7ff-a27a-4c47-978a-7614ad569ec6,cart_viewed,78,sim-u78-s1,,open cart,synthetic,1,2026-04-04T10:30:48.303639+00:00,{}
1bbfd03a-884f-4f41-a7ef-f7bdb7f23991,cart_item_added,78,sim-u78-s1,28,,synthetic,4,2026-04-04T10:32:48.303639+00:00,"{""category_id"": 12}"
809d73f8-a197-4a4e-bf34-46981d3ca1e5,cart_item_quantity_updated,78,sim-u78-s1,28,,synthetic,3,2026-04-04T10:35:34.303639+00:00,"{""category_id"": 12, ""quantity"": 2}"
8d182d2d-19ed-42a2-8268-904a7965dee5,checkout_started,78,sim-u78-s1,,checkout,synthetic,4,2026-04-04T10:36:51.303639+00:00,{}
ee310c52-ec06-4b07-b638-9877973d3814,order_created,78,sim-u78-s1,28,,synthetic,5,2026-04-04T10:38:59.303639+00:00,"{""category_id"": 12}"
5dcafa82-e9a5-429f-ad4f-db8fc84be0a5,order_cancelled,78,sim-u78-s1,28,,synthetic,-2,2026-04-04T10:40:22.303639+00:00,"{""category_id"": 12}"
f85add8a-2706-42c8-b969-d10670fa6062,chat_message_sent,78,sim-u78-s1,28,Nen chon mau nao cho cong viec van phong,synthetic,2,2026-04-04T10:42:01.303639+00:00,"{""category_id"": 12, ""intent"": ""advice""}"
49bf3aa7-9df7-4b56-8c6e-4e9d90f82b46,search_performed,78,sim-u78-s1,,gaming keyboard,synthetic,1,2026-04-04T10:42:28.303639+00:00,"{""search_query"": ""gaming keyboard""}"
6a0b5600-d767-4b25-81f2-54c0b3cf4575,product_clicked,78,sim-u78-s1,33,,synthetic,2,2026-04-04T10:44:50.303639+00:00,"{""category_id"": 14}"
018feff5-32fe-48bc-9553-994da3a71202,product_viewed,78,sim-u78-s1,33,,synthetic,1,2026-04-04T10:47:00.303639+00:00,"{""category_id"": 14}"
14c46019-cc76-45dc-87d7-0d28a072ce5f,chat_message_sent,78,sim-u78-s1,33,Nen chon mau nao cho cong viec van phong,synthetic,2,2026-04-04T10:48:24.303639+00:00,"{""category_id"": 14, ""intent"": ""advice""}"
9fa2889c-80e4-4da3-8e40-414d37c15f9a,search_performed,78,sim-u78-s1,,gaming keyboard,synthetic,1,2026-04-04T10:50:45.303639+00:00,"{""search_query"": ""gaming keyboard""}"
1ee2911f-94f1-4944-8956-6557e4e28cf4,product_clicked,78,sim-u78-s1,28,,synthetic,2,2026-04-04T10:52:06.303639+00:00,"{""category_id"": 12}"
6eaf20c5-6485-46a1-ba51-9fabc9c03b76,product_viewed,78,sim-u78-s1,28,,synthetic,1,2026-04-04T10:53:53.303639+00:00,"{""category_id"": 12}"
4caeae99-4e08-4aef-a3af-445b72ff1aa7,chat_started,40,sim-u40-s3,,start session,synthetic,1,2026-04-04T10:56:51.303639+00:00,"{""channel"": ""web""}"
317300ad-a424-43c0-86ac-add06392ffc5,search_performed,40,sim-u40-s3,,office chair,synthetic,1,2026-04-04T10:59:22.303639+00:00,"{""search_query"": ""office chair""}"
0a44e9ab-24a1-4a40-be1f-6fdc24abe5a1,product_clicked,40,sim-u40-s3,14,,synthetic,2,2026-04-04T11:00:17.303639+00:00,"{""category_id"": 5}"
0049a76f-909e-4c4b-987a-6e234d6f3c93,product_viewed,40,sim-u40-s3,14,,synthetic,1,2026-04-04T11:02:31.303639+00:00,"{""category_id"": 5}"
2a857b28-77d8-417e-b230-3899bc156b21,cart_viewed,40,sim-u40-s3,,open cart,synthetic,1,2026-04-04T11:05:15.303639+00:00,{}
286d7f1e-1f5e-47fc-83a1-26e4e80fb00a,cart_item_added,40,sim-u40-s3,14,,synthetic,4,2026-04-04T11:07:59.303639+00:00,"{""category_id"": 5}"
d3c59cd4-4da1-42db-a8d6-caf4f5b07619,checkout_started,40,sim-u40-s3,,checkout,synthetic,4,2026-04-04T11:10:22.303639+00:00,{}
110fc18e-965d-42b0-9def-3bf7fc00e000,order_created,40,sim-u40-s3,14,,synthetic,5,2026-04-04T11:12:13.303639+00:00,"{""category_id"": 5}"
d5891bc1-6763-43a6-9710-958fc7d40261,order_paid,40,sim-u40-s3,14,,synthetic,6,2026-04-04T11:14:37.303639+00:00,"{""category_id"": 5}"
ae4ac5f1-a33b-43cb-bf7b-729d75fe9a40,order_completed,40,sim-u40-s3,14,,synthetic,6,2026-04-04T11:15:56.303639+00:00,"{""category_id"": 5}"
effb716d-1486-431e-8e64-6276ed66e7c1,chat_message_sent,40,sim-u40-s3,14,Nen chon mau nao cho cong viec van phong,synthetic,2,2026-04-04T11:17:15.303639+00:00,"{""category_id"": 5, ""intent"": ""advice""}"
b5cc82cc-2503-4bcf-8b62-f819b96f452d,search_performed,40,sim-u40-s3,,ergonomic desk,synthetic,1,2026-04-04T11:19:47.303639+00:00,"{""search_query"": ""ergonomic desk""}"
686a5773-457f-4239-b39a-5c98be328817,product_clicked,40,sim-u40-s3,34,,synthetic,2,2026-04-04T11:21:39.303639+00:00,"{""category_id"": 15}"
4b4bafa9-2edc-41c3-8b1f-a8e6ef587a38,product_viewed,40,sim-u40-s3,34,,synthetic,1,2026-04-04T11:23:38.303639+00:00,"{""category_id"": 15}"
031cc71d-6cc9-4e97-9097-1ebbb0200111,cart_viewed,40,sim-u40-s3,,open cart,synthetic,1,2026-04-04T11:25:54.303639+00:00,{}
638f4514-590b-432c-85be-7bf7de6a4744,cart_item_added,40,sim-u40-s3,34,,synthetic,4,2026-04-04T11:26:25.303639+00:00,"{""category_id"": 15}"
ba12282d-3dcb-416c-81e0-591d137e6279,cart_item_quantity_updated,40,sim-u40-s3,34,,synthetic,3,2026-04-04T11:28:07.303639+00:00,"{""category_id"": 15, ""quantity"": 4}"
6bde73ee-07e5-4b6d-8dee-a78f007ef1bf,cart_item_removed,40,sim-u40-s3,34,,synthetic,1,2026-04-04T11:30:40.303639+00:00,"{""category_id"": 15}"
f3df6023-8c4f-4d7f-b59b-92f4da1afa5c,checkout_started,40,sim-u40-s3,,checkout,synthetic,4,2026-04-04T11:32:10.303639+00:00,{}
eade70e4-14ad-40af-9129-e4b736e86742,order_created,40,sim-u40-s3,34,,synthetic,5,2026-04-04T11:33:37.303639+00:00,"{""category_id"": 15}"
6b7ca73b-34dd-4d69-8871-828c40711f9c,order_paid,40,sim-u40-s3,34,,synthetic,6,2026-04-04T11:36:22.303639+00:00,"{""category_id"": 15}"
49b90749-adc3-4e14-a720-09232c648db4,order_completed,40,sim-u40-s3,34,,synthetic,6,2026-04-04T11:37:26.303639+00:00,"{""category_id"": 15}"
46c9a7d3-45b3-40a8-90b3-7b8f569feb40,chat_message_sent,40,sim-u40-s3,34,Co goi y san pham thay the khong,synthetic,2,2026-04-04T11:39:19.303639+00:00,"{""category_id"": 15, ""intent"": ""advice""}"
ce858568-a027-4b92-ab6f-d0cddd07262c,search_performed,40,sim-u40-s3,,gaming keyboard,synthetic,1,2026-04-04T11:41:51.303639+00:00,"{""search_query"": ""gaming keyboard""}"
03511e3e-b156-4de7-b82b-29359a552a5a,product_clicked,40,sim-u40-s3,17,,synthetic,2,2026-04-04T11:43:15.303639+00:00,"{""category_id"": 6}"
c8d90686-2c43-47ef-a9a3-ddc420c429e3,product_viewed,40,sim-u40-s3,17,,synthetic,1,2026-04-04T11:45:11.303639+00:00,"{""category_id"": 6}"
4934969c-617c-45d5-88ff-65942ba40621,chat_message_sent,40,sim-u40-s3,17,Co goi y san pham thay the khong,synthetic,2,2026-04-04T11:47:01.303639+00:00,"{""category_id"": 6, ""intent"": ""advice""}"
e10ff217-4a62-4526-82bc-22df29dd75a5,chat_started,36,sim-u36-s3,,start session,synthetic,1,2026-04-04T13:08:19.303639+00:00,"{""channel"": ""web""}"
93fc8f2c-247b-4540-8bbf-af8324e92a98,search_performed,36,sim-u36-s3,,noise cancelling headset,synthetic,1,2026-04-04T13:10:06.303639+00:00,"{""search_query"": ""noise cancelling headset""}"
9871ac42-3442-4b19-8fd9-7c80ec6a891e,product_clicked,36,sim-u36-s3,33,,synthetic,2,2026-04-04T13:11:12.303639+00:00,"{""category_id"": 14}"
b3faf611-b173-4deb-81ad-424fee37baeb,product_viewed,36,sim-u36-s3,33,,synthetic,1,2026-04-04T13:12:01.303639+00:00,"{""category_id"": 14}"
b271cd48-dc2b-45c9-8364-f7e01239e3df,cart_viewed,36,sim-u36-s3,,open cart,synthetic,1,2026-04-04T13:14:17.303639+00:00,{}
8cad04eb-7325-4379-b9b4-e6c6d44201a7,cart_item_added,36,sim-u36-s3,33,,synthetic,4,2026-04-04T13:15:46.303639+00:00,"{""category_id"": 14}"
e7132f48-7f52-4d8f-849c-f58030725db0,checkout_started,36,sim-u36-s3,,checkout,synthetic,4,2026-04-04T13:18:08.303639+00:00,{}
7e0e93dc-c67b-4414-90f3-8a251d9b029b,order_created,36,sim-u36-s3,33,,synthetic,5,2026-04-04T13:20:15.303639+00:00,"{""category_id"": 14}"
a44befcf-abbc-44bb-aaae-5a93d72e4bd6,order_paid,36,sim-u36-s3,33,,synthetic,6,2026-04-04T13:21:17.303639+00:00,"{""category_id"": 14}"
35746ef1-eb97-44e4-9193-338be581f2fd,order_completed,36,sim-u36-s3,33,,synthetic,6,2026-04-04T13:22:05.303639+00:00,"{""category_id"": 14}"
e9529772-1f2d-422a-b58b-c6369df4473b,chat_message_sent,36,sim-u36-s3,33,Tu van cho toi mot san pham phu hop nhu cau,synthetic,2,2026-04-04T13:23:05.303639+00:00,"{""category_id"": 14, ""intent"": ""advice""}"
bff6e74e-d9a9-481f-95dc-60f522b1f88f,search_performed,36,sim-u36-s3,,mechanical keyboard,synthetic,1,2026-04-04T13:25:56.303639+00:00,"{""search_query"": ""mechanical keyboard""}"
e8f62ebe-745c-4373-80bb-81152dfd6ebd,product_clicked,36,sim-u36-s3,32,,synthetic,2,2026-04-04T13:28:19.303639+00:00,"{""category_id"": 14}"
acb26a2f-5230-4e78-8936-20548a0acc27,product_viewed,36,sim-u36-s3,32,,synthetic,1,2026-04-04T13:31:04.303639+00:00,"{""category_id"": 14}"
87d9bb26-728e-4ef5-8ab0-a63f6426c14f,cart_viewed,36,sim-u36-s3,,open cart,synthetic,1,2026-04-04T13:32:10.303639+00:00,{}
7dc66aee-cf3b-4982-92c4-eaa601563b17,cart_item_added,36,sim-u36-s3,32,,synthetic,4,2026-04-04T13:35:06.303639+00:00,"{""category_id"": 14}"
f7c656cb-2e45-4c39-9bda-fbb627a5c443,cart_item_quantity_updated,36,sim-u36-s3,32,,synthetic,3,2026-04-04T13:38:02.303639+00:00,"{""category_id"": 14, ""quantity"": 3}"
926dc3b4-a4b1-4cf5-96e2-e77e9846ef69,cart_item_removed,36,sim-u36-s3,32,,synthetic,1,2026-04-04T13:38:55.303639+00:00,"{""category_id"": 14}"
1ecb148f-dae4-434c-8098-e2c3f33e68e7,checkout_started,36,sim-u36-s3,,checkout,synthetic,4,2026-04-04T13:41:18.303639+00:00,{}
8b1506cb-4c80-44bf-bfcd-b67a0d8c6c55,order_created,36,sim-u36-s3,32,,synthetic,5,2026-04-04T13:43:42.303639+00:00,"{""category_id"": 14}"
2e29e076-776a-439f-b45f-a10905ef6bb3,order_paid,36,sim-u36-s3,32,,synthetic,6,2026-04-04T13:45:47.303639+00:00,"{""category_id"": 14}"
a0ea8685-71ec-42d4-82a7-8debe5c7dee7,order_completed,36,sim-u36-s3,32,,synthetic,6,2026-04-04T13:47:59.303639+00:00,"{""category_id"": 14}"
0961c7fe-70ff-454f-9695-da01492d246d,chat_message_sent,36,sim-u36-s3,32,Nen chon mau nao cho cong viec van phong,synthetic,2,2026-04-04T13:49:39.303639+00:00,"{""category_id"": 14, ""intent"": ""advice""}"
afbbda7a-942e-4f9e-a098-2ef71e70c69a,search_performed,36,sim-u36-s3,,laptop stand,synthetic,1,2026-04-04T13:52:26.303639+00:00,"{""search_query"": ""laptop stand""}"
3aa02fba-e7ec-45e2-9416-81547a664d2c,product_clicked,36,sim-u36-s3,35,,synthetic,2,2026-04-04T13:55:10.303639+00:00,"{""category_id"": 15}"
141886e8-2867-4903-8eaa-806f19c05747,product_viewed,36,sim-u36-s3,35,,synthetic,1,2026-04-04T13:56:27.303639+00:00,"{""category_id"": 15}"
8862b51e-d114-4fdf-8201-0ffe698eea71,chat_message_sent,36,sim-u36-s3,35,Nen chon mau nao cho cong viec van phong,synthetic,2,2026-04-04T13:58:59.303639+00:00,"{""category_id"": 15, ""intent"": ""advice""}"
5f7dae08-badc-4356-88ce-907a83cf93c1,chat_started,77,sim-u77-s2,,start session,synthetic,1,2026-04-04T15:15:31.303639+00:00,"{""channel"": ""web""}"
7bc6d926-9564-488a-a2f4-5d99c0dbb911,search_performed,77,sim-u77-s2,,office chair,synthetic,1,2026-04-04T15:15:53.303639+00:00,"{""search_query"": ""office chair""}"
4f98681f-dc01-4a25-942e-b9aca0af0bd6,product_clicked,77,sim-u77-s2,23,,synthetic,2,2026-04-04T15:16:44.303639+00:00,"{""category_id"": 9}"
51f39ea0-f8f9-4905-9767-8de1df06563f,product_viewed,77,sim-u77-s2,23,,synthetic,1,2026-04-04T15:19:02.303639+00:00,"{""category_id"": 9}"
9a0df169-8a03-4400-b65d-7a009f6374d4,cart_viewed,77,sim-u77-s2,,open cart,synthetic,1,2026-04-04T15:20:11.303639+00:00,{}
8145229f-ec1e-4d59-8c3e-4858111aa854,cart_item_added,77,sim-u77-s2,23,,synthetic,4,2026-04-04T15:22:24.303639+00:00,"{""category_id"": 9}"
260ef9ae-1425-4c94-97aa-b82c4560b61e,cart_item_quantity_updated,77,sim-u77-s2,23,,synthetic,3,2026-04-04T15:22:49.303639+00:00,"{""category_id"": 9, ""quantity"": 4}"
151fd680-7bc9-43ee-9451-4d7e02a5d8b7,checkout_started,77,sim-u77-s2,,checkout,synthetic,4,2026-04-04T15:24:40.303639+00:00,{}
53b9f951-176c-4568-a0fb-39588d641b55,order_created,77,sim-u77-s2,23,,synthetic,5,2026-04-04T15:25:49.303639+00:00,"{""category_id"": 9}"
cc6f98e9-7cb8-4dfc-bd2e-ec1281a18570,order_paid,77,sim-u77-s2,23,,synthetic,6,2026-04-04T15:28:46.303639+00:00,"{""category_id"": 9}"
7b795d13-3a34-4f49-9b95-337695e2f55c,order_completed,77,sim-u77-s2,23,,synthetic,6,2026-04-04T15:31:46.303639+00:00,"{""category_id"": 9}"
b20cb57c-56a8-4c4f-a078-3fb998d886b4,chat_message_sent,77,sim-u77-s2,23,San pham nay co uu diem gi,synthetic,2,2026-04-04T15:33:05.303639+00:00,"{""category_id"": 9, ""intent"": ""advice""}"
ab8333dd-d0ba-4e7f-bdd9-a7d006962257,search_performed,77,sim-u77-s2,,noise cancelling headset,synthetic,1,2026-04-04T15:33:34.303639+00:00,"{""search_query"": ""noise cancelling headset""}"
5a58e3a5-5760-4bb0-8d06-338e94e53a5f,product_clicked,77,sim-u77-s2,20,,synthetic,2,2026-04-04T15:35:05.303639+00:00,"{""category_id"": 8}"
5584d04f-9e68-4280-9965-fae362341e29,product_viewed,77,sim-u77-s2,20,,synthetic,1,2026-04-04T15:37:31.303639+00:00,"{""category_id"": 8}"
e15deda9-c305-45a3-972f-cc886ea9c8c8,chat_message_sent,77,sim-u77-s2,20,San pham nay co uu diem gi,synthetic,2,2026-04-04T15:37:52.303639+00:00,"{""category_id"": 8, ""intent"": ""advice""}"
6d2bd820-a200-43dd-b929-2cdef6b54326,chat_started,18,sim-u18-s2,,start session,synthetic,1,2026-04-04T16:30:48.303639+00:00,"{""channel"": ""web""}"
074914c2-d1bc-4c6d-befc-da6cda49efad,search_performed,18,sim-u18-s2,,webcam full hd,synthetic,1,2026-04-04T16:33:18.303639+00:00,"{""search_query"": ""webcam full hd""}"
5a21d9ba-e4e5-471f-8c5c-17db5150ea0f,product_clicked,18,sim-u18-s2,29,,synthetic,2,2026-04-04T16:35:20.303639+00:00,"{""category_id"": 12}"
60156f1f-b4b1-4924-b9bb-32c59c0131f0,product_viewed,18,sim-u18-s2,29,,synthetic,1,2026-04-04T16:37:48.303639+00:00,"{""category_id"": 12}"
20bb427e-bbb3-4734-b32d-540ec53fdfb1,cart_viewed,18,sim-u18-s2,,open cart,synthetic,1,2026-04-04T16:38:17.303639+00:00,{}
6d861190-fdc0-486d-947f-2a452fe9f9dd,cart_item_added,18,sim-u18-s2,29,,synthetic,4,2026-04-04T16:39:12.303639+00:00,"{""category_id"": 12}"
c3bb44ce-c3a5-4984-b350-41caec97e3ef,checkout_started,18,sim-u18-s2,,checkout,synthetic,4,2026-04-04T16:41:44.303639+00:00,{}
6bd70a80-7ad6-4e81-bdcf-8c1cde2c15c2,order_created,18,sim-u18-s2,29,,synthetic,5,2026-04-04T16:44:00.303639+00:00,"{""category_id"": 12}"
6095f86d-6ae4-46f3-9075-907b67f1cd0a,order_paid,18,sim-u18-s2,29,,synthetic,6,2026-04-04T16:46:31.303639+00:00,"{""category_id"": 12}"
f7403af6-d456-4c12-89f9-ec8663b94f38,order_completed,18,sim-u18-s2,29,,synthetic,6,2026-04-04T16:47:26.303639+00:00,"{""category_id"": 12}"
7f10e1b9-87dd-4960-b535-e20477dd21ab,chat_message_sent,18,sim-u18-s2,29,Nen chon mau nao cho cong viec van phong,synthetic,2,2026-04-04T16:48:27.303639+00:00,"{""category_id"": 12, ""intent"": ""advice""}"
393188d7-bec7-4c26-a2e1-719f87e18d16,chat_started,28,sim-u28-s3,,start session,synthetic,1,2026-04-04T23:45:11.303639+00:00,"{""channel"": ""web""}"
de51ecc1-6caf-48a5-b6f8-b631a367d042,search_performed,28,sim-u28-s3,,gaming keyboard,synthetic,1,2026-04-04T23:45:38.303639+00:00,"{""search_query"": ""gaming keyboard""}"
58d24796-ce43-4c16-80aa-d36366c82096,product_clicked,28,sim-u28-s3,7,,synthetic,2,2026-04-04T23:47:23.303639+00:00,"{""category_id"": 1}"
b4dbe8e5-e251-467c-b7ef-99d38f49de72,product_viewed,28,sim-u28-s3,7,,synthetic,1,2026-04-04T23:49:32.303639+00:00,"{""category_id"": 1}"
2f2d36bb-5520-44c5-883a-9656edd6a740,cart_viewed,28,sim-u28-s3,,open cart,synthetic,1,2026-04-04T23:50:08.303639+00:00,{}
270ad343-3da6-46e1-a81d-86bab2e71fa1,cart_item_added,28,sim-u28-s3,7,,synthetic,4,2026-04-04T23:51:35.303639+00:00,"{""category_id"": 1}"
90ed7979-673f-4b96-beb2-d5ed10a90125,checkout_started,28,sim-u28-s3,,checkout,synthetic,4,2026-04-04T23:52:14.303639+00:00,{}
a0d7bb77-3962-4eb0-af97-21f39a02b906,order_created,28,sim-u28-s3,7,,synthetic,5,2026-04-04T23:54:41.303639+00:00,"{""category_id"": 1}"
852a91a2-791c-4646-a5f9-1d08e924a6c8,order_paid,28,sim-u28-s3,7,,synthetic,6,2026-04-04T23:56:33.303639+00:00,"{""category_id"": 1}"
03e47d8d-30b7-4c52-b279-706bd4e559f3,order_completed,28,sim-u28-s3,7,,synthetic,6,2026-04-04T23:57:07.303639+00:00,"{""category_id"": 1}"
75c6e52f-55c1-4b70-a0ab-6d07ddadc98f,chat_message_sent,28,sim-u28-s3,7,San pham nay co uu diem gi,synthetic,2,2026-04-04T23:59:01.303639+00:00,"{""category_id"": 1, ""intent"": ""advice""}"
d3de0c35-e216-4f7d-8d3c-865efb90c1ae,search_performed,28,sim-u28-s3,,monitor 27 inch,synthetic,1,2026-04-04T23:59:47.303639+00:00,"{""search_query"": ""monitor 27 inch""}"
5bce08de-f4e3-46bb-b310-573aec805eb0,product_clicked,28,sim-u28-s3,30,,synthetic,2,2026-04-05T00:02:33.303639+00:00,"{""category_id"": 13}"
60c6cf6a-b1f1-422f-a428-c27ff5289e19,product_viewed,28,sim-u28-s3,30,,synthetic,1,2026-04-05T00:03:22.303639+00:00,"{""category_id"": 13}"
50d25b0e-0aba-4c61-bcb0-23977f6653de,cart_viewed,28,sim-u28-s3,,open cart,synthetic,1,2026-04-05T00:05:52.303639+00:00,{}
b0b2fe08-02db-4972-8cd5-53f960f65593,cart_item_added,28,sim-u28-s3,30,,synthetic,4,2026-04-05T00:06:12.303639+00:00,"{""category_id"": 13}"
8c0eccbb-0a6c-4ab0-8082-2a14965ccafb,cart_item_quantity_updated,28,sim-u28-s3,30,,synthetic,3,2026-04-05T00:07:34.303639+00:00,"{""category_id"": 13, ""quantity"": 2}"
d0a3996c-a1fe-49b0-a81d-e3488dd6db37,cart_item_removed,28,sim-u28-s3,30,,synthetic,1,2026-04-05T00:09:27.303639+00:00,"{""category_id"": 13}"
052480f8-97df-4084-b68a-e4f06f6aa5bc,checkout_started,28,sim-u28-s3,,checkout,synthetic,4,2026-04-05T00:11:25.303639+00:00,{}
0fbd9f71-b834-4b86-a60d-ee4ff917b26f,order_created,28,sim-u28-s3,30,,synthetic,5,2026-04-05T00:12:23.303639+00:00,"{""category_id"": 13}"
dd7ff57f-19c3-457a-badf-2a33ffb9235e,order_paid,28,sim-u28-s3,30,,synthetic,6,2026-04-05T00:12:52.303639+00:00,"{""category_id"": 13}"
da768f66-1d8b-41b3-abcc-c4882255bb41,order_completed,28,sim-u28-s3,30,,synthetic,6,2026-04-05T00:15:33.303639+00:00,"{""category_id"": 13}"
87d2dea7-c1c3-4d93-8ec7-813d0c71424e,search_performed,28,sim-u28-s3,,mechanical keyboard,synthetic,1,2026-04-05T00:16:50.303639+00:00,"{""search_query"": ""mechanical keyboard""}"
13e3801a-1f01-4247-9a4d-3d939cfe4692,product_clicked,28,sim-u28-s3,13,,synthetic,2,2026-04-05T00:18:32.303639+00:00,"{""category_id"": 4}"
a4c07b80-1590-40af-8058-63cc6f288417,product_viewed,28,sim-u28-s3,13,,synthetic,1,2026-04-05T00:19:55.303639+00:00,"{""category_id"": 4}"
087221d2-9bb0-4a2a-9ef3-5cb691234d87,cart_viewed,28,sim-u28-s3,,open cart,synthetic,1,2026-04-05T00:21:36.303639+00:00,{}
fecc11d1-fc7b-4ab9-87eb-b03eeac60ae6,cart_item_added,28,sim-u28-s3,13,,synthetic,4,2026-04-05T00:23:05.303639+00:00,"{""category_id"": 4}"
93b3b617-0afb-4089-8e13-a7e99c75517f,checkout_started,28,sim-u28-s3,,checkout,synthetic,4,2026-04-05T00:23:55.303639+00:00,{}
74712e6a-db3e-4d24-89fb-053c742739db,order_created,28,sim-u28-s3,13,,synthetic,5,2026-04-05T00:26:23.303639+00:00,"{""category_id"": 4}"
4381ee34-2b4f-4106-b326-acc652639d6a,order_paid,28,sim-u28-s3,13,,synthetic,6,2026-04-05T00:26:56.303639+00:00,"{""category_id"": 4}"
1797991b-8ff7-47a4-a65a-2460ec0df549,order_completed,28,sim-u28-s3,13,,synthetic,6,2026-04-05T00:28:01.303639+00:00,"{""category_id"": 4}"
ac955829-300f-47fe-8cb7-99e57fb97835,chat_message_sent,28,sim-u28-s3,13,Tu van cho toi mot san pham phu hop nhu cau,synthetic,2,2026-04-05T00:30:03.303639+00:00,"{""category_id"": 4, ""intent"": ""advice""}"
a5eb3e15-974b-4bda-86dd-bfa3f0815889,chat_started,61,sim-u61-s3,,start session,synthetic,1,2026-04-05T00:54:44.303639+00:00,"{""channel"": ""web""}"
c5553d55-216a-49ea-9320-30f1ef6847b4,search_performed,61,sim-u61-s3,,ergonomic desk,synthetic,1,2026-04-05T00:57:33.303639+00:00,"{""search_query"": ""ergonomic desk""}"
964e1e54-2b7e-4f27-b550-3365509ae2ac,product_clicked,61,sim-u61-s3,15,,synthetic,2,2026-04-05T01:00:07.303639+00:00,"{""category_id"": 5}"
4f61cd26-0274-4474-80d9-594412fa7c48,product_viewed,61,sim-u61-s3,15,,synthetic,1,2026-04-05T01:01:23.303639+00:00,"{""category_id"": 5}"
ef1fd9ff-c7f8-4544-9b50-69ff67c7b284,cart_viewed,61,sim-u61-s3,,open cart,synthetic,1,2026-04-05T01:02:54.303639+00:00,{}
25bc5aef-1c28-4a76-b435-f91d7fe7b6ad,cart_item_added,61,sim-u61-s3,15,,synthetic,4,2026-04-05T01:04:04.303639+00:00,"{""category_id"": 5}"
4840f2e1-5d09-4368-9568-eede173b13fe,cart_item_quantity_updated,61,sim-u61-s3,15,,synthetic,3,2026-04-05T01:06:18.303639+00:00,"{""category_id"": 5, ""quantity"": 4}"
b348bd00-8e88-49ed-9e20-248628ab1654,checkout_started,61,sim-u61-s3,,checkout,synthetic,4,2026-04-05T01:07:00.303639+00:00,{}
0cc58df5-9876-4eea-bbd0-2e899f520b40,order_created,61,sim-u61-s3,15,,synthetic,5,2026-04-05T01:09:31.303639+00:00,"{""category_id"": 5}"
7ee767c5-fa88-42db-a368-4031126ae36a,order_paid,61,sim-u61-s3,15,,synthetic,6,2026-04-05T01:11:56.303639+00:00,"{""category_id"": 5}"
0130db9b-aace-46c8-8149-3d5a2d9097da,order_completed,61,sim-u61-s3,15,,synthetic,6,2026-04-05T01:13:37.303639+00:00,"{""category_id"": 5}"
d050aafd-38ba-4383-9e29-e4c95128f5bf,chat_message_sent,61,sim-u61-s3,15,Tu van cho toi mot san pham phu hop nhu cau,synthetic,2,2026-04-05T01:15:29.303639+00:00,"{""category_id"": 5, ""intent"": ""advice""}"
106f58fa-1af0-48cd-96d1-763de9cc7fbf,search_performed,61,sim-u61-s3,,office chair,synthetic,1,2026-04-05T01:17:38.303639+00:00,"{""search_query"": ""office chair""}"
b2b2298a-8986-4337-9653-15b168f59db2,product_clicked,61,sim-u61-s3,23,,synthetic,2,2026-04-05T01:19:32.303639+00:00,"{""category_id"": 9}"
ec9d7794-41d9-4a87-9331-be2f9c049e1f,product_viewed,61,sim-u61-s3,23,,synthetic,1,2026-04-05T01:21:30.303639+00:00,"{""category_id"": 9}"
5daf4fa2-eca2-4202-bbc1-4de47bb27793,cart_viewed,61,sim-u61-s3,,open cart,synthetic,1,2026-04-05T01:23:02.303639+00:00,{}
b1a3b52a-dea9-489b-bf56-cc104dd30572,cart_item_added,61,sim-u61-s3,23,,synthetic,4,2026-04-05T01:24:50.303639+00:00,"{""category_id"": 9}"
7f8f5aca-2d22-4619-afea-5079e5619570,cart_item_quantity_updated,61,sim-u61-s3,23,,synthetic,3,2026-04-05T01:27:33.303639+00:00,"{""category_id"": 9, ""quantity"": 3}"
6d165c8c-5009-443f-a3e4-d7b2605e0e7a,cart_item_removed,61,sim-u61-s3,23,,synthetic,1,2026-04-05T01:29:46.303639+00:00,"{""category_id"": 9}"
7273d39f-85b2-452d-89de-87b36b0a17d7,checkout_started,61,sim-u61-s3,,checkout,synthetic,4,2026-04-05T01:31:52.303639+00:00,{}
3bd6bca2-f4fc-4447-a748-9c1f8acd9fac,order_created,61,sim-u61-s3,23,,synthetic,5,2026-04-05T01:34:05.303639+00:00,"{""category_id"": 9}"
b4b3329a-de12-47c7-970a-0453049ba7ec,order_paid,61,sim-u61-s3,23,,synthetic,6,2026-04-05T01:36:13.303639+00:00,"{""category_id"": 9}"
a32ec989-0151-484e-8e10-c02486e201fb,order_completed,61,sim-u61-s3,23,,synthetic,6,2026-04-05T01:38:19.303639+00:00,"{""category_id"": 9}"
7df2eb73-5f40-4856-a10d-147cf7e68014,chat_message_sent,61,sim-u61-s3,23,Tu van cho toi mot san pham phu hop nhu cau,synthetic,2,2026-04-05T01:39:15.303639+00:00,"{""category_id"": 9, ""intent"": ""advice""}"
3a8515e3-266a-41c0-b539-c0b3578eedd3,search_performed,61,sim-u61-s3,,monitor 27 inch,synthetic,1,2026-04-05T01:41:36.303639+00:00,"{""search_query"": ""monitor 27 inch""}"
991b7b95-fe1f-41cb-a13f-b4291b354f37,product_clicked,61,sim-u61-s3,29,,synthetic,2,2026-04-05T01:44:10.303639+00:00,"{""category_id"": 12}"
45076dce-cc7a-4a27-a1ab-e38e940b75c3,product_viewed,61,sim-u61-s3,29,,synthetic,1,2026-04-05T01:45:55.303639+00:00,"{""category_id"": 12}"
f7a92559-c545-45f4-94ba-bbab3525533c,cart_viewed,61,sim-u61-s3,,open cart,synthetic,1,2026-04-05T01:48:46.303639+00:00,{}
834d68d0-1e57-4a81-a425-b59fea0bd796,cart_item_added,61,sim-u61-s3,29,,synthetic,4,2026-04-05T01:50:42.303639+00:00,"{""category_id"": 12}"
1adea74b-abe2-49c6-98e0-41e79093147c,cart_item_quantity_updated,61,sim-u61-s3,29,,synthetic,3,2026-04-05T01:52:11.303639+00:00,"{""category_id"": 12, ""quantity"": 3}"
eb0b58e7-2769-4451-a992-50b67efc10f3,checkout_started,61,sim-u61-s3,,checkout,synthetic,4,2026-04-05T01:54:53.303639+00:00,{}
a541c92e-e746-4ccd-a958-137daeff3e06,order_created,61,sim-u61-s3,29,,synthetic,5,2026-04-05T01:57:11.303639+00:00,"{""category_id"": 12}"
f1df966c-0f58-47c9-98bc-e176851aa8d7,order_paid,61,sim-u61-s3,29,,synthetic,6,2026-04-05T01:58:06.303639+00:00,"{""category_id"": 12}"
020ad335-aa4c-4e80-9d7d-24e7686ba2c8,order_completed,61,sim-u61-s3,29,,synthetic,6,2026-04-05T01:59:17.303639+00:00,"{""category_id"": 12}"
1936e474-a8fa-4e02-932e-58610e522bb1,chat_message_sent,61,sim-u61-s3,29,Co goi y san pham thay the khong,synthetic,2,2026-04-05T02:00:51.303639+00:00,"{""category_id"": 12, ""intent"": ""advice""}"
59b82e32-aae2-4d9a-b5ca-c0a01bf98b86,chat_started,82,sim-u82-s1,,start session,synthetic,1,2026-04-05T08:39:59.303639+00:00,"{""channel"": ""web""}"
5eca7273-106d-4ab6-86a0-3407fe5762bf,search_performed,82,sim-u82-s1,,webcam full hd,synthetic,1,2026-04-05T08:40:29.303639+00:00,"{""search_query"": ""webcam full hd""}"
caaac3f0-148c-4189-b70d-f2a7a2f778c5,product_clicked,82,sim-u82-s1,21,,synthetic,2,2026-04-05T08:41:12.303639+00:00,"{""category_id"": 8}"
63e270aa-4db4-4503-9ce4-875f4ac4039c,product_viewed,82,sim-u82-s1,21,,synthetic,1,2026-04-05T08:42:45.303639+00:00,"{""category_id"": 8}"
bbec7a5d-ff1b-498f-90aa-e4f4ce55ef82,cart_viewed,82,sim-u82-s1,,open cart,synthetic,1,2026-04-05T08:45:01.303639+00:00,{}
2fa20335-9d82-4f47-9bbc-15b3e85d2487,cart_item_added,82,sim-u82-s1,21,,synthetic,4,2026-04-05T08:46:49.303639+00:00,"{""category_id"": 8}"
4cdde222-f103-4e90-a086-ccda63768e4b,checkout_started,82,sim-u82-s1,,checkout,synthetic,4,2026-04-05T08:48:25.303639+00:00,{}
68407236-8421-44ec-b8bd-934768cd8206,order_created,82,sim-u82-s1,21,,synthetic,5,2026-04-05T08:50:25.303639+00:00,"{""category_id"": 8}"
401ef184-655b-49e8-9eb9-a2c84b07d082,order_paid,82,sim-u82-s1,21,,synthetic,6,2026-04-05T08:51:29.303639+00:00,"{""category_id"": 8}"
8a8245bd-838f-4c25-8cef-dfa98f8c8335,order_completed,82,sim-u82-s1,21,,synthetic,6,2026-04-05T08:53:35.303639+00:00,"{""category_id"": 8}"
3be9b7b8-9e71-4458-b957-6639d5177e6b,chat_message_sent,82,sim-u82-s1,21,Co goi y san pham thay the khong,synthetic,2,2026-04-05T08:55:52.303639+00:00,"{""category_id"": 8, ""intent"": ""advice""}"
19c64a13-e17c-4d9b-b000-9aecee0e5b96,search_performed,82,sim-u82-s1,,office chair,synthetic,1,2026-04-05T08:58:37.303639+00:00,"{""search_query"": ""office chair""}"
220746ec-6204-40ad-b54b-0b02c9b3aaf8,product_clicked,82,sim-u82-s1,23,,synthetic,2,2026-04-05T08:59:21.303639+00:00,"{""category_id"": 9}"
be974246-fb19-483d-87a4-d9aed98378e2,product_viewed,82,sim-u82-s1,23,,synthetic,1,2026-04-05T09:01:21.303639+00:00,"{""category_id"": 9}"
8e740801-30ed-4684-8bd9-c37d86adf0c9,cart_viewed,82,sim-u82-s1,,open cart,synthetic,1,2026-04-05T09:01:52.303639+00:00,{}
d8fd1365-5f5e-4115-b360-39560cbb7d7f,cart_item_added,82,sim-u82-s1,23,,synthetic,4,2026-04-05T09:03:13.303639+00:00,"{""category_id"": 9}"
5fc6fd64-2897-4b9c-be00-0bf5b79adef6,cart_item_removed,82,sim-u82-s1,23,,synthetic,1,2026-04-05T09:06:13.303639+00:00,"{""category_id"": 9}"
71541547-13ac-4eac-b0f0-10fb83d3902b,checkout_started,82,sim-u82-s1,,checkout,synthetic,4,2026-04-05T09:08:50.303639+00:00,{}
b6a1a0af-c599-40b1-a35b-ffb7bfd509ac,order_created,82,sim-u82-s1,23,,synthetic,5,2026-04-05T09:10:24.303639+00:00,"{""category_id"": 9}"
dfc1eaac-d9cf-4db9-9b92-3ac707b17607,order_paid,82,sim-u82-s1,23,,synthetic,6,2026-04-05T09:11:01.303639+00:00,"{""category_id"": 9}"
f437c511-7fd6-4bb9-a8ac-0cd6f5002865,order_completed,82,sim-u82-s1,23,,synthetic,6,2026-04-05T09:12:16.303639+00:00,"{""category_id"": 9}"
a5adb2c4-d75d-47b6-8f5a-bb3772702478,chat_started,9,sim-u9-s3,,start session,synthetic,1,2026-04-05T09:15:21.303639+00:00,"{""channel"": ""web""}"
9a7e179c-8024-421a-a866-373d7890aad5,search_performed,9,sim-u9-s3,,noise cancelling headset,synthetic,1,2026-04-05T09:16:29.303639+00:00,"{""search_query"": ""noise cancelling headset""}"
1cec92ae-40f9-4a3c-a3d6-767aa4246ba4,product_clicked,9,sim-u9-s3,21,,synthetic,2,2026-04-05T09:17:50.303639+00:00,"{""category_id"": 8}"
0beb69fb-f255-402a-bc16-582144a5f24e,product_viewed,9,sim-u9-s3,21,,synthetic,1,2026-04-05T09:20:36.303639+00:00,"{""category_id"": 8}"
665a2232-cacc-43cb-a8d4-55bd57aef468,cart_viewed,9,sim-u9-s3,,open cart,synthetic,1,2026-04-05T09:22:41.303639+00:00,{}
9e3b1bb0-5d81-41d3-89c1-778cafe9c470,cart_item_added,9,sim-u9-s3,21,,synthetic,4,2026-04-05T09:23:12.303639+00:00,"{""category_id"": 8}"
ad77c4e6-5594-415a-9b37-a9f6a911cedc,chat_started,27,sim-u27-s1,,start session,synthetic,1,2026-04-05T09:23:47.303639+00:00,"{""channel"": ""web""}"
9b3b3ea2-20c6-4d8e-8f0c-43fd466e3077,cart_item_quantity_updated,9,sim-u9-s3,21,,synthetic,3,2026-04-05T09:25:09.303639+00:00,"{""category_id"": 8, ""quantity"": 3}"
b5d0ab3f-f00a-4745-b1c1-06b79b4fdf66,search_performed,27,sim-u27-s1,,usb c hub,synthetic,1,2026-04-05T09:25:34.303639+00:00,"{""search_query"": ""usb c hub""}"
79e17e52-1b43-4a2b-bc9b-8898bc379332,product_clicked,27,sim-u27-s1,8,,synthetic,2,2026-04-05T09:26:06.303639+00:00,"{""category_id"": 2}"
d80c8ec3-191d-477f-9512-56f251e1b4ac,checkout_started,9,sim-u9-s3,,checkout,synthetic,4,2026-04-05T09:26:07.303639+00:00,{}
f908497d-d43b-4e23-aef8-0f6eebbfc5ea,chat_started,19,sim-u19-s1,,start session,synthetic,1,2026-04-05T09:26:35.303639+00:00,"{""channel"": ""web""}"
9093a43c-9d55-4a3e-9d55-4a9797d0552e,product_viewed,27,sim-u27-s1,8,,synthetic,1,2026-04-05T09:26:37.303639+00:00,"{""category_id"": 2}"
851d5734-df93-4d10-afa9-2a85f8b75bab,search_performed,19,sim-u19-s1,,ergonomic desk,synthetic,1,2026-04-05T09:27:58.303639+00:00,"{""search_query"": ""ergonomic desk""}"
9ab6aa83-0217-4635-8775-d5b650e2d140,order_created,9,sim-u9-s3,21,,synthetic,5,2026-04-05T09:28:33.303639+00:00,"{""category_id"": 8}"
2e6d0b3c-7c43-47a7-93a8-ede5c5c5f4b3,cart_viewed,27,sim-u27-s1,,open cart,synthetic,1,2026-04-05T09:28:54.303639+00:00,{}
a44c03e1-9b40-4867-bd71-b7876bd6ba1f,cart_item_added,27,sim-u27-s1,8,,synthetic,4,2026-04-05T09:29:18.303639+00:00,"{""category_id"": 2}"
5f6dad7a-2152-46f3-9d34-0b60f52749ee,order_cancelled,9,sim-u9-s3,21,,synthetic,-2,2026-04-05T09:29:25.303639+00:00,"{""category_id"": 8}"
e966c4a5-4611-40c1-84b9-68a607fa55d1,product_clicked,19,sim-u19-s1,20,,synthetic,2,2026-04-05T09:29:29.303639+00:00,"{""category_id"": 8}"
0c0b247c-cefd-4afe-8469-4907202b2531,chat_message_sent,9,sim-u9-s3,21,Nen chon mau nao cho cong viec van phong,synthetic,2,2026-04-05T09:30:10.303639+00:00,"{""category_id"": 8, ""intent"": ""advice""}"
c83fd613-142c-4c93-8d06-b335867aafaa,search_performed,9,sim-u9-s3,,usb c hub,synthetic,1,2026-04-05T09:30:55.303639+00:00,"{""search_query"": ""usb c hub""}"
462c9f65-d13e-4a1f-b66d-bb15ec913427,cart_item_quantity_updated,27,sim-u27-s1,8,,synthetic,3,2026-04-05T09:31:30.303639+00:00,"{""category_id"": 2, ""quantity"": 2}"
916b8e93-8361-47f8-9c39-6ea593f4204a,product_viewed,19,sim-u19-s1,20,,synthetic,1,2026-04-05T09:32:11.303639+00:00,"{""category_id"": 8}"
77b96f50-6f98-4ce2-bbec-7ec7c04158b3,product_clicked,9,sim-u9-s3,8,,synthetic,2,2026-04-05T09:33:29.303639+00:00,"{""category_id"": 2}"
a7b17d6c-ecc1-4e15-83a0-a9e1f7a018e3,checkout_started,27,sim-u27-s1,,checkout,synthetic,4,2026-04-05T09:33:39.303639+00:00,{}
3b61cdc4-237e-47e0-9cb9-27ca0c6d8f3e,cart_viewed,19,sim-u19-s1,,open cart,synthetic,1,2026-04-05T09:33:47.303639+00:00,{}
4da25bc1-c68a-4f70-a716-15b0aaac77bf,order_created,27,sim-u27-s1,8,,synthetic,5,2026-04-05T09:34:50.303639+00:00,"{""category_id"": 2}"
f5f26549-196a-42a1-8a14-3e6862039646,cart_item_added,19,sim-u19-s1,20,,synthetic,4,2026-04-05T09:35:20.303639+00:00,"{""category_id"": 8}"
07022f5c-0d5a-42ac-8c06-f26c19fef335,order_cancelled,27,sim-u27-s1,8,,synthetic,-2,2026-04-05T09:35:43.303639+00:00,"{""category_id"": 2}"
653213d6-9031-4df5-b49a-d344cbe5810e,product_viewed,9,sim-u9-s3,8,,synthetic,1,2026-04-05T09:35:45.303639+00:00,"{""category_id"": 2}"
d6285db0-cc9e-4feb-8dfc-dc394a5e32cf,cart_viewed,9,sim-u9-s3,,open cart,synthetic,1,2026-04-05T09:36:41.303639+00:00,{}
19da7c19-c263-4cc3-af4e-d1aea1c4a3ff,search_performed,27,sim-u27-s1,,office chair,synthetic,1,2026-04-05T09:37:13.303639+00:00,"{""search_query"": ""office chair""}"
7e2d7f56-dd06-4830-919e-3a23ae43cf73,checkout_started,19,sim-u19-s1,,checkout,synthetic,4,2026-04-05T09:37:45.303639+00:00,{}
dc3c06af-1e41-44fd-acfd-1f1c9cd74f60,product_clicked,27,sim-u27-s1,26,,synthetic,2,2026-04-05T09:37:56.303639+00:00,"{""category_id"": 11}"
3e6c19a4-467a-4ecf-bd07-7a2ccc1899e6,cart_item_added,9,sim-u9-s3,8,,synthetic,4,2026-04-05T09:38:45.303639+00:00,"{""category_id"": 2}"
45c1bfdc-c3bc-4e38-9bb8-3c4e95783d4a,checkout_started,9,sim-u9-s3,,checkout,synthetic,4,2026-04-05T09:39:24.303639+00:00,{}
0fcd3f10-004d-4a91-92ea-8e3ab09ff629,order_created,19,sim-u19-s1,20,,synthetic,5,2026-04-05T09:39:26.303639+00:00,"{""category_id"": 8}"
804702d0-3db7-45ef-822c-2bbe392db67f,product_viewed,27,sim-u27-s1,26,,synthetic,1,2026-04-05T09:39:48.303639+00:00,"{""category_id"": 11}"
25364f9a-2b86-4352-9653-cb316171fd40,cart_viewed,27,sim-u27-s1,,open cart,synthetic,1,2026-04-05T09:41:43.303639+00:00,{}
fe5735cf-2a93-47d0-8eba-060eb60dee16,order_created,9,sim-u9-s3,8,,synthetic,5,2026-04-05T09:41:44.303639+00:00,"{""category_id"": 2}"
a0eaa940-150c-44b2-a28d-bc17929c76b7,order_paid,19,sim-u19-s1,20,,synthetic,6,2026-04-05T09:42:09.303639+00:00,"{""category_id"": 8}"
0b18bfdb-45ce-4a93-bcbb-d6c6bf4bf6ae,cart_item_added,27,sim-u27-s1,26,,synthetic,4,2026-04-05T09:42:45.303639+00:00,"{""category_id"": 11}"
3aff7edb-a79e-4b6c-84ad-bd509ba736c3,order_paid,9,sim-u9-s3,8,,synthetic,6,2026-04-05T09:43:11.303639+00:00,"{""category_id"": 2}"
11152cfa-d28b-406a-be8c-e567c060afcb,order_completed,19,sim-u19-s1,20,,synthetic,6,2026-04-05T09:43:39.303639+00:00,"{""category_id"": 8}"
46e1c9e0-29de-4f0d-affc-16e515ce42e6,cart_item_quantity_updated,27,sim-u27-s1,26,,synthetic,3,2026-04-05T09:44:23.303639+00:00,"{""category_id"": 11, ""quantity"": 4}"
367dfd9c-c33d-4da7-9dfd-8a00dd2f0d11,order_completed,9,sim-u9-s3,8,,synthetic,6,2026-04-05T09:44:57.303639+00:00,"{""category_id"": 2}"
95bad18e-28c6-42ca-9843-3e5daee33294,chat_message_sent,9,sim-u9-s3,8,Co goi y san pham thay the khong,synthetic,2,2026-04-05T09:45:37.303639+00:00,"{""category_id"": 2, ""intent"": ""advice""}"
d4ad04af-70d8-4907-8810-a7949139f049,chat_message_sent,19,sim-u19-s1,20,Co goi y san pham thay the khong,synthetic,2,2026-04-05T09:45:40.303639+00:00,"{""category_id"": 8, ""intent"": ""advice""}"
26131509-ac28-4cb1-9e64-98401a964d29,checkout_started,27,sim-u27-s1,,checkout,synthetic,4,2026-04-05T09:45:42.303639+00:00,{}
6766a3fe-37fb-4b56-b2e7-d1d124e22672,search_performed,19,sim-u19-s1,,noise cancelling headset,synthetic,1,2026-04-05T09:46:37.303639+00:00,"{""search_query"": ""noise cancelling headset""}"
fd571a06-a5a8-4089-a0e9-da8e3da11b19,order_created,27,sim-u27-s1,26,,synthetic,5,2026-04-05T09:47:51.303639+00:00,"{""category_id"": 11}"
a4bdea26-8e4f-4675-9a69-2949d28b00d0,product_clicked,19,sim-u19-s1,9,,synthetic,2,2026-04-05T09:48:11.303639+00:00,"{""category_id"": 2}"
76e03b98-600d-4792-b1b9-fbefbdbf2678,order_paid,27,sim-u27-s1,26,,synthetic,6,2026-04-05T09:48:35.303639+00:00,"{""category_id"": 11}"
8477e229-bf11-4054-bae9-a2c9fcb45541,product_viewed,19,sim-u19-s1,9,,synthetic,1,2026-04-05T09:48:41.303639+00:00,"{""category_id"": 2}"
fcfcfea1-d100-45f0-a63f-0805c452915a,order_completed,27,sim-u27-s1,26,,synthetic,6,2026-04-05T09:48:55.303639+00:00,"{""category_id"": 11}"
02082644-511b-4038-98ec-41d4265d6d57,cart_viewed,19,sim-u19-s1,,open cart,synthetic,1,2026-04-05T09:49:21.303639+00:00,{}
c9b6e2c1-3f57-4ebd-bcdc-36d6c0deb7e1,chat_message_sent,27,sim-u27-s1,26,Tu van cho toi mot san pham phu hop nhu cau,synthetic,2,2026-04-05T09:49:48.303639+00:00,"{""category_id"": 11, ""intent"": ""advice""}"
96b698f5-431d-45d1-933b-bbdc479c1270,cart_item_added,19,sim-u19-s1,9,,synthetic,4,2026-04-05T09:51:09.303639+00:00,"{""category_id"": 2}"
a7793bbc-bdce-4262-9de2-1332dcb7725a,search_performed,27,sim-u27-s1,,ergonomic desk,synthetic,1,2026-04-05T09:52:20.303639+00:00,"{""search_query"": ""ergonomic desk""}"
e5caa481-afb6-4997-91d3-47c198347d55,checkout_started,19,sim-u19-s1,,checkout,synthetic,4,2026-04-05T09:53:31.303639+00:00,{}
3439fb8b-615e-4af7-a356-d0adfcdd57fa,product_clicked,27,sim-u27-s1,17,,synthetic,2,2026-04-05T09:54:33.303639+00:00,"{""category_id"": 6}"
040c6b03-b1e3-4c0c-82bc-c3c443024a3b,order_created,19,sim-u19-s1,9,,synthetic,5,2026-04-05T09:54:45.303639+00:00,"{""category_id"": 2}"
a2899acb-dd7d-4e72-bd7d-e050a3533d5e,product_viewed,27,sim-u27-s1,17,,synthetic,1,2026-04-05T09:54:55.303639+00:00,"{""category_id"": 6}"
f1f5cb4b-5b35-4c8e-9269-bede55e49378,cart_viewed,27,sim-u27-s1,,open cart,synthetic,1,2026-04-05T09:56:42.303639+00:00,{}
f43560b4-17f1-4105-99fe-81af74c1dcf1,order_paid,19,sim-u19-s1,9,,synthetic,6,2026-04-05T09:57:22.303639+00:00,"{""category_id"": 2}"
4a253b95-0dbe-403e-bab6-ba982c32af89,cart_item_added,27,sim-u27-s1,17,,synthetic,4,2026-04-05T09:57:32.303639+00:00,"{""category_id"": 6}"
2bc40570-6760-4107-bbf8-9d5e74115b60,checkout_started,27,sim-u27-s1,,checkout,synthetic,4,2026-04-05T09:58:25.303639+00:00,{}
d15ccc1f-c909-4d3a-8f27-be8b0d7b8a2e,order_completed,19,sim-u19-s1,9,,synthetic,6,2026-04-05T09:58:51.303639+00:00,"{""category_id"": 2}"
e39768a0-7ff4-402c-8646-aacd26fd07bc,search_performed,19,sim-u19-s1,,monitor 27 inch,synthetic,1,2026-04-05T09:59:46.303639+00:00,"{""search_query"": ""monitor 27 inch""}"
cde7977b-a2c5-48af-8a2e-4a311d8e7026,product_clicked,19,sim-u19-s1,13,,synthetic,2,2026-04-05T10:00:33.303639+00:00,"{""category_id"": 4}"
93ac1bdb-1925-447b-abf0-77d7ebc64468,order_created,27,sim-u27-s1,17,,synthetic,5,2026-04-05T10:00:47.303639+00:00,"{""category_id"": 6}"
96aace39-541e-407b-bba7-79c12003cb7d,order_paid,27,sim-u27-s1,17,,synthetic,6,2026-04-05T10:02:45.303639+00:00,"{""category_id"": 6}"
490dd25c-fa15-4f2a-9321-a1b3bbf4a12e,order_completed,27,sim-u27-s1,17,,synthetic,6,2026-04-05T10:03:27.303639+00:00,"{""category_id"": 6}"
37bc106e-da0c-4fa0-b5b8-7ab31c844c28,product_viewed,19,sim-u19-s1,13,,synthetic,1,2026-04-05T10:03:30.303639+00:00,"{""category_id"": 4}"
0f1c0e97-ce07-496b-a1f3-d55ffff220da,chat_message_sent,27,sim-u27-s1,17,Tu van cho toi mot san pham phu hop nhu cau,synthetic,2,2026-04-05T10:04:13.303639+00:00,"{""category_id"": 6, ""intent"": ""advice""}"
ffd887c8-13da-4377-8bf6-172f740fd5b4,cart_viewed,19,sim-u19-s1,,open cart,synthetic,1,2026-04-05T10:04:51.303639+00:00,{}
bfbd72cc-ef61-4ac4-adb1-4e15551ddeae,cart_item_added,19,sim-u19-s1,13,,synthetic,4,2026-04-05T10:06:13.303639+00:00,"{""category_id"": 4}"
4dba40fd-e738-448c-a60c-af88e5309967,cart_item_quantity_updated,19,sim-u19-s1,13,,synthetic,3,2026-04-05T10:07:30.303639+00:00,"{""category_id"": 4, ""quantity"": 4}"
fd0c6a71-4d34-453d-a843-2d761c3eb6a9,checkout_started,19,sim-u19-s1,,checkout,synthetic,4,2026-04-05T10:08:03.303639+00:00,{}
8f7f92a5-fc6f-4b62-846d-ca633a90d109,order_created,19,sim-u19-s1,13,,synthetic,5,2026-04-05T10:08:48.303639+00:00,"{""category_id"": 4}"
1cac234f-2b1c-44e9-90c7-d8738dd784d6,order_paid,19,sim-u19-s1,13,,synthetic,6,2026-04-05T10:11:08.303639+00:00,"{""category_id"": 4}"
c64b12d4-483b-4c79-ad34-d4d22a96c6de,order_completed,19,sim-u19-s1,13,,synthetic,6,2026-04-05T10:11:53.303639+00:00,"{""category_id"": 4}"
e1c0e723-96a0-4d53-a3b8-9365f1c226c9,chat_message_sent,19,sim-u19-s1,13,San pham nay co uu diem gi,synthetic,2,2026-04-05T10:12:14.303639+00:00,"{""category_id"": 4, ""intent"": ""advice""}"
6608a1e3-dcb2-4ce6-98c5-7974d11dc2bf,chat_started,40,sim-u40-s2,,start session,synthetic,1,2026-04-05T11:29:46.303639+00:00,"{""channel"": ""web""}"
d1e28caf-97ec-4003-8b2d-b5b9e9c3eb9e,search_performed,40,sim-u40-s2,,monitor 27 inch,synthetic,1,2026-04-05T11:32:35.303639+00:00,"{""search_query"": ""monitor 27 inch""}"
ffedb43b-0b2f-416e-a228-7e9979f5265f,product_clicked,40,sim-u40-s2,14,,synthetic,2,2026-04-05T11:33:34.303639+00:00,"{""category_id"": 5}"
e7b02255-abda-453d-9856-37b0071d288c,product_viewed,40,sim-u40-s2,14,,synthetic,1,2026-04-05T11:36:18.303639+00:00,"{""category_id"": 5}"
a74f4b5c-a442-46df-89cd-913ec8db19db,cart_viewed,40,sim-u40-s2,,open cart,synthetic,1,2026-04-05T11:37:58.303639+00:00,{}
09fc061f-a1f2-4401-bc9b-e45c98b1650d,cart_item_added,40,sim-u40-s2,14,,synthetic,4,2026-04-05T11:40:07.303639+00:00,"{""category_id"": 5}"
19dc1583-52fa-4656-9b51-2c1a9c50c852,cart_item_quantity_updated,40,sim-u40-s2,14,,synthetic,3,2026-04-05T11:41:30.303639+00:00,"{""category_id"": 5, ""quantity"": 3}"
958050ad-3bff-4844-bfbc-bf9b0e1c5c8f,checkout_started,40,sim-u40-s2,,checkout,synthetic,4,2026-04-05T11:43:41.303639+00:00,{}
1c95b7f5-4f95-4f5e-b7d7-846560c8f55a,order_created,40,sim-u40-s2,14,,synthetic,5,2026-04-05T11:45:11.303639+00:00,"{""category_id"": 5}"
c6f93a30-4f84-45c2-971e-520067725474,order_paid,40,sim-u40-s2,14,,synthetic,6,2026-04-05T11:46:05.303639+00:00,"{""category_id"": 5}"
91763e92-740d-4579-a878-e0d5a6a11027,order_completed,40,sim-u40-s2,14,,synthetic,6,2026-04-05T11:47:49.303639+00:00,"{""category_id"": 5}"
8cb0fc23-c082-46cd-a8c7-7adee21cd844,search_performed,40,sim-u40-s2,,usb c hub,synthetic,1,2026-04-05T11:49:40.303639+00:00,"{""search_query"": ""usb c hub""}"
ca72043e-e63a-41c7-a132-1ed35ee5710f,product_clicked,40,sim-u40-s2,21,,synthetic,2,2026-04-05T11:51:18.303639+00:00,"{""category_id"": 8}"
2e9c1be1-a906-48ef-b373-40cc9a8e2f74,product_viewed,40,sim-u40-s2,21,,synthetic,1,2026-04-05T11:53:42.303639+00:00,"{""category_id"": 8}"
2b50272c-c183-418b-92da-83921805f74e,cart_viewed,40,sim-u40-s2,,open cart,synthetic,1,2026-04-05T11:54:46.303639+00:00,{}
7af33363-d055-4cdf-ac06-3aadfa6092f8,cart_item_added,40,sim-u40-s2,21,,synthetic,4,2026-04-05T11:57:41.303639+00:00,"{""category_id"": 8}"
a2714693-e001-4d1b-aa40-8fa6749652c4,cart_item_quantity_updated,40,sim-u40-s2,21,,synthetic,3,2026-04-05T11:58:36.303639+00:00,"{""category_id"": 8, ""quantity"": 3}"
b53ceb7f-11b6-4b48-bfd2-f33dba2dfdcc,checkout_started,40,sim-u40-s2,,checkout,synthetic,4,2026-04-05T11:59:46.303639+00:00,{}
b00fa4e2-299f-442c-81a8-36ccb3fbdf05,order_created,40,sim-u40-s2,21,,synthetic,5,2026-04-05T12:01:13.303639+00:00,"{""category_id"": 8}"
1c2ffac5-6453-4f90-af02-6ceccd621584,order_paid,40,sim-u40-s2,21,,synthetic,6,2026-04-05T12:04:13.303639+00:00,"{""category_id"": 8}"
9d951973-43d0-40cb-9c9c-459ad189f67d,order_completed,40,sim-u40-s2,21,,synthetic,6,2026-04-05T12:04:52.303639+00:00,"{""category_id"": 8}"
963e6c9f-b4a5-43f6-840d-4ec8d08949df,chat_message_sent,40,sim-u40-s2,21,Tu van cho toi mot san pham phu hop nhu cau,synthetic,2,2026-04-05T12:07:21.303639+00:00,"{""category_id"": 8, ""intent"": ""advice""}"
e12e458e-1025-4cbf-b28c-0d81c8757c0e,search_performed,40,sim-u40-s2,,wireless mouse,synthetic,1,2026-04-05T12:10:09.303639+00:00,"{""search_query"": ""wireless mouse""}"
f03a47b0-6457-4455-8da3-a0fb369a3409,product_clicked,40,sim-u40-s2,15,,synthetic,2,2026-04-05T12:12:57.303639+00:00,"{""category_id"": 5}"
0486511f-6047-46a2-8d4c-004d8b3dcc6b,product_viewed,40,sim-u40-s2,15,,synthetic,1,2026-04-05T12:15:00.303639+00:00,"{""category_id"": 5}"
147b5d39-ef3a-445e-bec9-e8bc61ca9e78,cart_viewed,40,sim-u40-s2,,open cart,synthetic,1,2026-04-05T12:16:14.303639+00:00,{}
645cbaa1-e273-4d23-9b1d-80a4c00fc118,cart_item_added,40,sim-u40-s2,15,,synthetic,4,2026-04-05T12:16:43.303639+00:00,"{""category_id"": 5}"
ce524943-711f-4d12-a471-f526c9cf784c,cart_item_quantity_updated,40,sim-u40-s2,15,,synthetic,3,2026-04-05T12:19:21.303639+00:00,"{""category_id"": 5, ""quantity"": 4}"
eaa15532-f3b4-4368-9c71-a383521ebadc,checkout_started,40,sim-u40-s2,,checkout,synthetic,4,2026-04-05T12:20:19.303639+00:00,{}
183f20da-bcba-4aa7-9f1f-ed972573f3b1,order_created,40,sim-u40-s2,15,,synthetic,5,2026-04-05T12:22:12.303639+00:00,"{""category_id"": 5}"
b168ab36-60a6-4e1f-929f-a9769a96ae7a,order_paid,40,sim-u40-s2,15,,synthetic,6,2026-04-05T12:25:02.303639+00:00,"{""category_id"": 5}"
a7868b25-562f-4243-bc96-1f5db260955c,order_completed,40,sim-u40-s2,15,,synthetic,6,2026-04-05T12:26:36.303639+00:00,"{""category_id"": 5}"
bb1ef169-eff1-4613-bc07-0503a81fd590,chat_message_sent,40,sim-u40-s2,15,Tu van cho toi mot san pham phu hop nhu cau,synthetic,2,2026-04-05T12:28:37.303639+00:00,"{""category_id"": 5, ""intent"": ""advice""}"
8eca03c3-e730-441b-ab14-1db47883acd0,chat_started,55,sim-u55-s1,,start session,synthetic,1,2026-04-05T15:02:02.303639+00:00,"{""channel"": ""web""}"
fe199ed1-72e0-4667-952e-3d41beaf32d3,search_performed,55,sim-u55-s1,,ergonomic desk,synthetic,1,2026-04-05T15:03:06.303639+00:00,"{""search_query"": ""ergonomic desk""}"
04f98ab6-7af6-4e1f-9bb0-d19e7a6e4766,product_clicked,55,sim-u55-s1,18,,synthetic,2,2026-04-05T15:05:27.303639+00:00,"{""category_id"": 7}"
4b39a5c1-7048-4601-a467-072e2322f3a9,product_viewed,55,sim-u55-s1,18,,synthetic,1,2026-04-05T15:06:22.303639+00:00,"{""category_id"": 7}"
ab5a7802-b0fb-4449-9fad-6cd9228f94be,cart_viewed,55,sim-u55-s1,,open cart,synthetic,1,2026-04-05T15:08:20.303639+00:00,{}
ea33a773-ed53-4951-9dfa-27250df48d15,cart_item_added,55,sim-u55-s1,18,,synthetic,4,2026-04-05T15:10:12.303639+00:00,"{""category_id"": 7}"
bc6efeed-ca75-4b23-b150-79485e855cb7,cart_item_removed,55,sim-u55-s1,18,,synthetic,1,2026-04-05T15:11:04.303639+00:00,"{""category_id"": 7}"
13a3bc23-d717-43aa-b3c1-f9f5d7572dff,checkout_started,55,sim-u55-s1,,checkout,synthetic,4,2026-04-05T15:11:58.303639+00:00,{}
8c5622ba-5705-411c-90e3-57cd58ef887f,order_created,55,sim-u55-s1,18,,synthetic,5,2026-04-05T15:12:20.303639+00:00,"{""category_id"": 7}"
875aa8c0-8617-4f47-9540-a968aa04a724,order_paid,55,sim-u55-s1,18,,synthetic,6,2026-04-05T15:12:44.303639+00:00,"{""category_id"": 7}"
d2f9b557-67a7-4918-b8e4-66fe9010bc39,order_completed,55,sim-u55-s1,18,,synthetic,6,2026-04-05T15:13:40.303639+00:00,"{""category_id"": 7}"
2b387aa7-ec69-421f-93cc-39c72a94b45a,chat_message_sent,55,sim-u55-s1,18,Co goi y san pham thay the khong,synthetic,2,2026-04-05T15:15:51.303639+00:00,"{""category_id"": 7, ""intent"": ""advice""}"
6c3f79f4-3d68-47fc-a0ee-fefa9c50735e,search_performed,55,sim-u55-s1,,gaming keyboard,synthetic,1,2026-04-05T15:16:46.303639+00:00,"{""search_query"": ""gaming keyboard""}"
f27df00c-d31a-4af2-9f8c-fd0284644a12,product_clicked,55,sim-u55-s1,31,,synthetic,2,2026-04-05T15:18:52.303639+00:00,"{""category_id"": 13}"
e37d6d8f-2d67-4a5a-abb7-9c702a65fd09,product_viewed,55,sim-u55-s1,31,,synthetic,1,2026-04-05T15:21:08.303639+00:00,"{""category_id"": 13}"
7edf87c3-280c-45c8-b281-40e06e83516a,chat_message_sent,55,sim-u55-s1,31,Co goi y san pham thay the khong,synthetic,2,2026-04-05T15:24:07.303639+00:00,"{""category_id"": 13, ""intent"": ""advice""}"
625f86b3-f1d8-45ab-a0c8-a4834073fe32,chat_started,27,sim-u27-s2,,start session,synthetic,1,2026-04-05T15:32:10.303639+00:00,"{""channel"": ""web""}"
4f46e442-57bc-456d-bb44-9f2cda020c27,search_performed,27,sim-u27-s2,,office chair,synthetic,1,2026-04-05T15:33:06.303639+00:00,"{""search_query"": ""office chair""}"
7ecb4139-b7d6-457d-ae50-29532b038df3,product_clicked,27,sim-u27-s2,23,,synthetic,2,2026-04-05T15:33:43.303639+00:00,"{""category_id"": 9}"
d7810042-18f2-40ff-b2a8-f0366c1d1498,product_viewed,27,sim-u27-s2,23,,synthetic,1,2026-04-05T15:36:18.303639+00:00,"{""category_id"": 9}"
b3b6c3a3-6552-41ee-a959-498eaa567d02,cart_viewed,27,sim-u27-s2,,open cart,synthetic,1,2026-04-05T15:39:14.303639+00:00,{}
2a80913e-a679-4f07-94cf-adb56b21b3cc,cart_item_added,27,sim-u27-s2,23,,synthetic,4,2026-04-05T15:40:16.303639+00:00,"{""category_id"": 9}"
ae8fc8bd-c8a3-4a23-980f-74698f15d625,cart_item_quantity_updated,27,sim-u27-s2,23,,synthetic,3,2026-04-05T15:41:30.303639+00:00,"{""category_id"": 9, ""quantity"": 4}"
98ec3756-f27a-451b-973e-a78777cdb8ad,checkout_started,27,sim-u27-s2,,checkout,synthetic,4,2026-04-05T15:42:28.303639+00:00,{}
0fec4294-cf4a-4367-be57-c07eea0c9761,order_created,27,sim-u27-s2,23,,synthetic,5,2026-04-05T15:44:33.303639+00:00,"{""category_id"": 9}"
794e5349-2945-42bd-b244-1903b949dbaf,order_paid,27,sim-u27-s2,23,,synthetic,6,2026-04-05T15:46:46.303639+00:00,"{""category_id"": 9}"
fed93d98-898e-49bb-b9a7-f1172578496b,order_completed,27,sim-u27-s2,23,,synthetic,6,2026-04-05T15:48:01.303639+00:00,"{""category_id"": 9}"
71d87b16-bb75-481b-9e75-a8af75392a9c,chat_message_sent,27,sim-u27-s2,23,Tu van cho toi mot san pham phu hop nhu cau,synthetic,2,2026-04-05T15:48:56.303639+00:00,"{""category_id"": 9, ""intent"": ""advice""}"
cec093de-954e-4384-8d68-bdfaa64fb353,chat_started,98,sim-u98-s3,,start session,synthetic,1,2026-04-05T17:56:30.303639+00:00,"{""channel"": ""web""}"
897a2022-6ed8-44be-bbb0-dff6053a07cc,search_performed,98,sim-u98-s3,,usb c hub,synthetic,1,2026-04-05T17:58:51.303639+00:00,"{""search_query"": ""usb c hub""}"
ed425b1b-e252-43d5-a681-52c3ed326d54,product_clicked,98,sim-u98-s3,22,,synthetic,2,2026-04-05T18:01:28.303639+00:00,"{""category_id"": 9}"
8e385ec5-4ab0-4c30-916a-fa74de4f2fca,product_viewed,98,sim-u98-s3,22,,synthetic,1,2026-04-05T18:02:29.303639+00:00,"{""category_id"": 9}"
a18bbd8b-2ed8-4fda-b68e-2283261163a3,chat_message_sent,98,sim-u98-s3,22,Co goi y san pham thay the khong,synthetic,2,2026-04-05T18:02:51.303639+00:00,"{""category_id"": 9, ""intent"": ""advice""}"
183893b7-f1dd-4695-8c30-d888a8f95e36,search_performed,98,sim-u98-s3,,webcam full hd,synthetic,1,2026-04-05T18:04:01.303639+00:00,"{""search_query"": ""webcam full hd""}"
d7f3b854-27cd-4317-8392-e133ca9a7867,product_clicked,98,sim-u98-s3,18,,synthetic,2,2026-04-05T18:04:40.303639+00:00,"{""category_id"": 7}"
898a62dc-5980-4d90-befd-53b0a85b7077,product_viewed,98,sim-u98-s3,18,,synthetic,1,2026-04-05T18:07:28.303639+00:00,"{""category_id"": 7}"
b32e7974-4598-4849-b3a3-82717a43417f,cart_viewed,98,sim-u98-s3,,open cart,synthetic,1,2026-04-05T18:09:10.303639+00:00,{}
8ff67ed9-95fe-4aed-81b2-c05bd82d14ca,cart_item_added,98,sim-u98-s3,18,,synthetic,4,2026-04-05T18:10:51.303639+00:00,"{""category_id"": 7}"
69e9b009-42e2-45bd-a49f-956bf1364395,cart_item_quantity_updated,98,sim-u98-s3,18,,synthetic,3,2026-04-05T18:11:48.303639+00:00,"{""category_id"": 7, ""quantity"": 3}"
73f2c392-65a5-405f-9bfe-ff2bf2e7c0e6,checkout_started,98,sim-u98-s3,,checkout,synthetic,4,2026-04-05T18:13:29.303639+00:00,{}
d59024e9-5248-4fd9-a493-b978d0e5110f,order_created,98,sim-u98-s3,18,,synthetic,5,2026-04-05T18:14:18.303639+00:00,"{""category_id"": 7}"
1bbaf2a2-9456-472d-a85c-3e3e73554f75,order_paid,98,sim-u98-s3,18,,synthetic,6,2026-04-05T18:16:22.303639+00:00,"{""category_id"": 7}"
b8732171-5ac3-475d-8a86-bb8e58622be3,order_completed,98,sim-u98-s3,18,,synthetic,6,2026-04-05T18:17:49.303639+00:00,"{""category_id"": 7}"
15f7f264-317e-4ce0-920e-5f330d8c5165,chat_message_sent,98,sim-u98-s3,18,Tu van cho toi mot san pham phu hop nhu cau,synthetic,2,2026-04-05T18:20:04.303639+00:00,"{""category_id"": 7, ""intent"": ""advice""}"
65ecfed0-c44c-47ba-b18f-8a97aeb425ed,chat_started,66,sim-u66-s1,,start session,synthetic,1,2026-04-05T18:47:11.303639+00:00,"{""channel"": ""web""}"
59a3146d-d5c0-4127-9c0d-db26b6c7ce18,search_performed,66,sim-u66-s1,,mechanical keyboard,synthetic,1,2026-04-05T18:48:24.303639+00:00,"{""search_query"": ""mechanical keyboard""}"
516933c3-2b4b-48ef-b91a-ae760f32c01d,product_clicked,66,sim-u66-s1,20,,synthetic,2,2026-04-05T18:50:12.303639+00:00,"{""category_id"": 8}"
5e074d26-058e-48d2-b351-bd36fc62b51a,product_viewed,66,sim-u66-s1,20,,synthetic,1,2026-04-05T18:50:51.303639+00:00,"{""category_id"": 8}"
ba665bea-e78a-4ba6-b627-afc818f1f357,cart_viewed,66,sim-u66-s1,,open cart,synthetic,1,2026-04-05T18:52:28.303639+00:00,{}
e75ab64d-223d-4506-b0c2-6b9aede610a3,cart_item_added,66,sim-u66-s1,20,,synthetic,4,2026-04-05T18:54:57.303639+00:00,"{""category_id"": 8}"
db85c82d-3ea3-4efc-85fa-9041cabe7925,checkout_started,66,sim-u66-s1,,checkout,synthetic,4,2026-04-05T18:57:35.303639+00:00,{}
fbdabe7e-4b56-4083-967d-fbaad7d3044e,order_created,66,sim-u66-s1,20,,synthetic,5,2026-04-05T18:59:15.303639+00:00,"{""category_id"": 8}"
f43d25d5-55ae-442f-9474-06defa9d8f39,order_paid,66,sim-u66-s1,20,,synthetic,6,2026-04-05T19:01:17.303639+00:00,"{""category_id"": 8}"
6dd110d0-8e90-43fc-afe1-8b8e00270a1f,order_completed,66,sim-u66-s1,20,,synthetic,6,2026-04-05T19:02:41.303639+00:00,"{""category_id"": 8}"
46157077-d661-4cae-883d-32a2bbd905ef,chat_message_sent,66,sim-u66-s1,20,Co goi y san pham thay the khong,synthetic,2,2026-04-05T19:05:21.303639+00:00,"{""category_id"": 8, ""intent"": ""advice""}"
5091b6d9-7306-4291-8926-a7619edf9000,search_performed,66,sim-u66-s1,,wireless mouse,synthetic,1,2026-04-05T19:08:21.303639+00:00,"{""search_query"": ""wireless mouse""}"
47ad80a6-d33c-4be3-9381-904cc89619a8,product_clicked,66,sim-u66-s1,30,,synthetic,2,2026-04-05T19:10:53.303639+00:00,"{""category_id"": 13}"
a1fb7d8f-2b86-4af2-8592-e83cfbe11ecf,product_viewed,66,sim-u66-s1,30,,synthetic,1,2026-04-05T19:12:00.303639+00:00,"{""category_id"": 13}"
aa77ce34-7882-4092-b7fc-1b118e2df5ad,cart_viewed,66,sim-u66-s1,,open cart,synthetic,1,2026-04-05T19:13:14.303639+00:00,{}
5efad25d-009f-4d32-aed2-4fbdfff3ac68,cart_item_added,66,sim-u66-s1,30,,synthetic,4,2026-04-05T19:15:33.303639+00:00,"{""category_id"": 13}"
442d1081-ea18-42ff-bd0b-40a27b43ff4a,cart_item_quantity_updated,66,sim-u66-s1,30,,synthetic,3,2026-04-05T19:18:09.303639+00:00,"{""category_id"": 13, ""quantity"": 4}"
86a1c681-e74f-466d-9652-a37e07173c78,checkout_started,66,sim-u66-s1,,checkout,synthetic,4,2026-04-05T19:20:20.303639+00:00,{}
cf1a76ee-c931-46d8-b0b0-73c548a18822,order_created,66,sim-u66-s1,30,,synthetic,5,2026-04-05T19:23:04.303639+00:00,"{""category_id"": 13}"
ae03f707-04c3-41fe-ac2b-c8d260e75b70,order_paid,66,sim-u66-s1,30,,synthetic,6,2026-04-05T19:23:39.303639+00:00,"{""category_id"": 13}"
32368483-d20b-453a-a8b0-3160b9d001b9,order_completed,66,sim-u66-s1,30,,synthetic,6,2026-04-05T19:26:12.303639+00:00,"{""category_id"": 13}"
ad1a7d79-a346-4a38-a8ab-dea953ae9d0c,chat_message_sent,66,sim-u66-s1,30,Co goi y san pham thay the khong,synthetic,2,2026-04-05T19:27:09.303639+00:00,"{""category_id"": 13, ""intent"": ""advice""}"
b94fae31-01be-4585-bc60-afaa7f6b916d,search_performed,66,sim-u66-s1,,office chair,synthetic,1,2026-04-05T19:28:45.303639+00:00,"{""search_query"": ""office chair""}"
f8f827e6-3d9e-4449-8e79-f8d9382c6f1d,product_clicked,66,sim-u66-s1,28,,synthetic,2,2026-04-05T19:30:56.303639+00:00,"{""category_id"": 12}"
46aa9c33-7220-4e8d-bc20-8356fc5d1904,product_viewed,66,sim-u66-s1,28,,synthetic,1,2026-04-05T19:33:01.303639+00:00,"{""category_id"": 12}"
ae7d0c0d-2848-4187-997f-34e37be634c3,cart_viewed,66,sim-u66-s1,,open cart,synthetic,1,2026-04-05T19:33:37.303639+00:00,{}
a90188f6-5224-4a49-b68f-9503c7eebd9e,cart_item_added,66,sim-u66-s1,28,,synthetic,4,2026-04-05T19:34:49.303639+00:00,"{""category_id"": 12}"
bb59b1df-bd57-4473-b103-89fee7325a02,checkout_started,66,sim-u66-s1,,checkout,synthetic,4,2026-04-05T19:36:22.303639+00:00,{}
647ae078-3793-40b7-a5e4-8c439be3c451,order_created,66,sim-u66-s1,28,,synthetic,5,2026-04-05T19:37:23.303639+00:00,"{""category_id"": 12}"
de3739fd-bad2-49b7-907b-206939935abc,order_paid,66,sim-u66-s1,28,,synthetic,6,2026-04-05T19:40:16.303639+00:00,"{""category_id"": 12}"
4def18a0-3c48-4408-bd75-1e05fb4e5cab,order_completed,66,sim-u66-s1,28,,synthetic,6,2026-04-05T19:41:36.303639+00:00,"{""category_id"": 12}"
4e6dff23-cb5c-4932-a35f-f832d9e0b065,chat_message_sent,66,sim-u66-s1,28,Tu van cho toi mot san pham phu hop nhu cau,synthetic,2,2026-04-05T19:42:34.303639+00:00,"{""category_id"": 12, ""intent"": ""advice""}"
4f0f6a4b-c44b-415c-aad4-18b154b740fb,chat_started,84,sim-u84-s1,,start session,synthetic,1,2026-04-05T21:48:23.303639+00:00,"{""channel"": ""web""}"
b5bb1d37-3007-4e6e-8f43-3ff9eca40919,search_performed,84,sim-u84-s1,,usb c hub,synthetic,1,2026-04-05T21:49:00.303639+00:00,"{""search_query"": ""usb c hub""}"
b4d6e6ec-ec61-469d-9b26-aa61e1895206,product_clicked,84,sim-u84-s1,8,,synthetic,2,2026-04-05T21:50:09.303639+00:00,"{""category_id"": 2}"
a33f08c4-c1b1-4ebb-99bb-178428de0180,product_viewed,84,sim-u84-s1,8,,synthetic,1,2026-04-05T21:50:42.303639+00:00,"{""category_id"": 2}"
28407905-3138-4897-af4c-28e260594adc,cart_viewed,84,sim-u84-s1,,open cart,synthetic,1,2026-04-05T21:51:38.303639+00:00,{}
648cf4c2-11d6-4e0b-9c79-79468d035aba,cart_item_added,84,sim-u84-s1,8,,synthetic,4,2026-04-05T21:52:50.303639+00:00,"{""category_id"": 2}"
0536d525-509a-45ea-b4f8-b840e8c014e0,cart_item_quantity_updated,84,sim-u84-s1,8,,synthetic,3,2026-04-05T21:55:41.303639+00:00,"{""category_id"": 2, ""quantity"": 2}"
42eefea0-7519-47b9-bb68-5d5b41f6e96a,checkout_started,84,sim-u84-s1,,checkout,synthetic,4,2026-04-05T21:56:53.303639+00:00,{}
4e923fa7-980c-46ad-9bee-b354611984d5,order_created,84,sim-u84-s1,8,,synthetic,5,2026-04-05T21:58:13.303639+00:00,"{""category_id"": 2}"
5d1beb07-3e7a-49c5-933c-b9a757be6716,order_paid,84,sim-u84-s1,8,,synthetic,6,2026-04-05T22:00:22.303639+00:00,"{""category_id"": 2}"
da458f17-a086-4a9f-aa6f-701840ec94a7,order_completed,84,sim-u84-s1,8,,synthetic,6,2026-04-05T22:02:41.303639+00:00,"{""category_id"": 2}"
53296662-9b6b-4257-9329-588648f6eb4d,chat_message_sent,84,sim-u84-s1,8,San pham nay co uu diem gi,synthetic,2,2026-04-05T22:04:03.303639+00:00,"{""category_id"": 2, ""intent"": ""advice""}"
c735e46c-64b6-4c2a-bcb0-e5ff1b46517f,chat_started,14,sim-u14-s2,,start session,synthetic,1,2026-04-06T00:51:53.303639+00:00,"{""channel"": ""web""}"
89b03410-0523-4681-afb4-918f4b0a0f28,search_performed,14,sim-u14-s2,,webcam full hd,synthetic,1,2026-04-06T00:52:51.303639+00:00,"{""search_query"": ""webcam full hd""}"
4036fcf6-e7fe-4a4c-adcd-95589a5b0bf9,product_clicked,14,sim-u14-s2,27,,synthetic,2,2026-04-06T00:54:36.303639+00:00,"{""category_id"": 11}"
d31da6ac-5606-4552-8b6f-4e9a1f30a83d,product_viewed,14,sim-u14-s2,27,,synthetic,1,2026-04-06T00:55:16.303639+00:00,"{""category_id"": 11}"
7cce8072-061b-480e-9fed-4f5539da184a,cart_viewed,14,sim-u14-s2,,open cart,synthetic,1,2026-04-06T00:56:12.303639+00:00,{}
974222f4-d156-4112-8e9b-82d54c6724d8,cart_item_added,14,sim-u14-s2,27,,synthetic,4,2026-04-06T00:58:01.303639+00:00,"{""category_id"": 11}"
f2bee216-b444-48ae-9b27-d7b882fcb477,cart_item_quantity_updated,14,sim-u14-s2,27,,synthetic,3,2026-04-06T01:00:01.303639+00:00,"{""category_id"": 11, ""quantity"": 4}"
f0b9491e-bb04-46c5-8d57-6e3ebb39a79f,cart_item_removed,14,sim-u14-s2,27,,synthetic,1,2026-04-06T01:00:42.303639+00:00,"{""category_id"": 11}"
970a9f59-5a33-4d15-a979-affa8b71f257,checkout_started,14,sim-u14-s2,,checkout,synthetic,4,2026-04-06T01:02:21.303639+00:00,{}
c223f613-95b8-4149-974f-6e5c03fecf4c,order_created,14,sim-u14-s2,27,,synthetic,5,2026-04-06T01:05:04.303639+00:00,"{""category_id"": 11}"
cc61c5c0-86ea-40af-b76a-dc34f14a9fc1,order_paid,14,sim-u14-s2,27,,synthetic,6,2026-04-06T01:06:48.303639+00:00,"{""category_id"": 11}"
44d0c7cb-475a-48b5-b8cc-15f883baf04c,order_completed,14,sim-u14-s2,27,,synthetic,6,2026-04-06T01:07:40.303639+00:00,"{""category_id"": 11}"
668f3996-21ea-4a4c-90d9-d9be5ed9812f,chat_message_sent,14,sim-u14-s2,27,Tu van cho toi mot san pham phu hop nhu cau,synthetic,2,2026-04-06T01:09:48.303639+00:00,"{""category_id"": 11, ""intent"": ""advice""}"
444d803d-239d-452f-80ef-554534ffefc5,search_performed,14,sim-u14-s2,,noise cancelling headset,synthetic,1,2026-04-06T01:10:12.303639+00:00,"{""search_query"": ""noise cancelling headset""}"
b8f8358e-0ed0-4227-81c3-0addd515990a,product_clicked,14,sim-u14-s2,19,,synthetic,2,2026-04-06T01:12:04.303639+00:00,"{""category_id"": 7}"
f6b3d4dd-197f-4051-aa1f-baeca929fdb2,product_viewed,14,sim-u14-s2,19,,synthetic,1,2026-04-06T01:13:43.303639+00:00,"{""category_id"": 7}"
729bb4db-3dfb-4e0c-8170-2bfbd1e4733e,cart_viewed,14,sim-u14-s2,,open cart,synthetic,1,2026-04-06T01:14:57.303639+00:00,{}
33819c01-b252-4898-9be3-22e79ca2c43b,cart_item_added,14,sim-u14-s2,19,,synthetic,4,2026-04-06T01:16:44.303639+00:00,"{""category_id"": 7}"
6c9262c5-c3fb-4095-b152-f80caf023226,checkout_started,14,sim-u14-s2,,checkout,synthetic,4,2026-04-06T01:18:01.303639+00:00,{}
401b2962-f8c7-41f4-9a9a-3bb53407a9b3,order_created,14,sim-u14-s2,19,,synthetic,5,2026-04-06T01:18:56.303639+00:00,"{""category_id"": 7}"
2fd5722b-beb3-454f-8e7d-b30bf04cf85f,order_paid,14,sim-u14-s2,19,,synthetic,6,2026-04-06T01:20:31.303639+00:00,"{""category_id"": 7}"
97bebf41-1db8-4d7a-b1c9-a98f7eb6a7ba,order_completed,14,sim-u14-s2,19,,synthetic,6,2026-04-06T01:21:16.303639+00:00,"{""category_id"": 7}"
48bb896b-8d8c-4650-9463-247cdc50b81f,chat_message_sent,14,sim-u14-s2,19,Tu van cho toi mot san pham phu hop nhu cau,synthetic,2,2026-04-06T01:23:02.303639+00:00,"{""category_id"": 7, ""intent"": ""advice""}"
47fb03f9-ba2e-4ce4-9174-e5a0fb1074c5,chat_started,89,sim-u89-s1,,start session,synthetic,1,2026-04-06T01:55:22.303639+00:00,"{""channel"": ""web""}"
af4ecdaf-0412-4f71-9abc-4aa06fa64e3b,search_performed,89,sim-u89-s1,,wireless mouse,synthetic,1,2026-04-06T01:57:22.303639+00:00,"{""search_query"": ""wireless mouse""}"
9ed6972f-22df-4a70-bb1a-0793ad24b020,product_clicked,89,sim-u89-s1,23,,synthetic,2,2026-04-06T02:00:04.303639+00:00,"{""category_id"": 9}"
3d6cac63-3806-4e85-8062-705bb8e88be5,product_viewed,89,sim-u89-s1,23,,synthetic,1,2026-04-06T02:02:41.303639+00:00,"{""category_id"": 9}"
78971511-d22a-47b2-8840-02b427876b5f,cart_viewed,89,sim-u89-s1,,open cart,synthetic,1,2026-04-06T02:05:16.303639+00:00,{}
bfb95aca-823a-4cdd-b09e-cf8ab95ca340,cart_item_added,89,sim-u89-s1,23,,synthetic,4,2026-04-06T02:07:41.303639+00:00,"{""category_id"": 9}"
7251fcc1-74eb-4699-92fd-85eef9e0ec32,cart_item_quantity_updated,89,sim-u89-s1,23,,synthetic,3,2026-04-06T02:10:18.303639+00:00,"{""category_id"": 9, ""quantity"": 4}"
a8a1fb64-c6ab-448b-9e82-62b7f2536929,checkout_started,89,sim-u89-s1,,checkout,synthetic,4,2026-04-06T02:11:09.303639+00:00,{}
589184ff-87ec-46c1-bd84-bac25cf8d0ca,order_created,89,sim-u89-s1,23,,synthetic,5,2026-04-06T02:12:22.303639+00:00,"{""category_id"": 9}"
1593a9b1-00f4-4b87-80b6-854055c58b73,order_cancelled,89,sim-u89-s1,23,,synthetic,-2,2026-04-06T02:13:12.303639+00:00,"{""category_id"": 9}"
df9a3e2f-8a58-4068-a774-9d94cd97c358,chat_message_sent,89,sim-u89-s1,23,San pham nay co uu diem gi,synthetic,2,2026-04-06T02:13:33.303639+00:00,"{""category_id"": 9, ""intent"": ""advice""}"
75e266f6-0a3a-40fb-8a28-41ea523ba51d,chat_started,64,sim-u64-s3,,start session,synthetic,1,2026-04-06T06:50:35.303639+00:00,"{""channel"": ""web""}"
e3c323bb-f9bc-4144-8438-a5ce98177b41,search_performed,64,sim-u64-s3,,laptop stand,synthetic,1,2026-04-06T06:53:01.303639+00:00,"{""search_query"": ""laptop stand""}"
4c2eea09-d3c3-41ad-8944-6f90e1ea75c9,product_clicked,64,sim-u64-s3,14,,synthetic,2,2026-04-06T06:55:20.303639+00:00,"{""category_id"": 5}"
dc454246-4167-4c2e-be8c-8b9fbf47e845,product_viewed,64,sim-u64-s3,14,,synthetic,1,2026-04-06T06:56:31.303639+00:00,"{""category_id"": 5}"
f8972fb1-73dd-4b20-b5de-0d2cff48579b,cart_viewed,64,sim-u64-s3,,open cart,synthetic,1,2026-04-06T06:58:58.303639+00:00,{}
a83d30a4-4c53-42b2-bf1a-b6d744bb6bd0,cart_item_added,64,sim-u64-s3,14,,synthetic,4,2026-04-06T07:01:23.303639+00:00,"{""category_id"": 5}"
b5611802-270f-421a-baef-4142fc971254,cart_item_quantity_updated,64,sim-u64-s3,14,,synthetic,3,2026-04-06T07:03:10.303639+00:00,"{""category_id"": 5, ""quantity"": 4}"
a3155e0d-5c3e-41fc-b3d6-602e4d6792f6,checkout_started,64,sim-u64-s3,,checkout,synthetic,4,2026-04-06T07:05:48.303639+00:00,{}
26d5ae42-4025-4df0-9a1c-764bf22cf02e,order_created,64,sim-u64-s3,14,,synthetic,5,2026-04-06T07:08:27.303639+00:00,"{""category_id"": 5}"
7937cf3f-60e5-4c3b-8fa7-2632eb523533,order_paid,64,sim-u64-s3,14,,synthetic,6,2026-04-06T07:08:55.303639+00:00,"{""category_id"": 5}"
fc2ece1f-c244-4480-865f-2e438cec6d18,order_completed,64,sim-u64-s3,14,,synthetic,6,2026-04-06T07:11:05.303639+00:00,"{""category_id"": 5}"
9c61c41e-ef29-490f-9ca7-a0c1bb9f2938,chat_message_sent,64,sim-u64-s3,,Tu van cho toi mot san pham phu hop nhu cau,synthetic,2,2026-04-06T07:13:03.303639+00:00,"{""intent"": ""followup""}"
bad4d104-e9b5-4666-8fec-c7c8f4f2fada,chat_started,74,sim-u74-s1,,start session,synthetic,1,2026-04-06T08:31:04.303639+00:00,"{""channel"": ""web""}"
1a9e3288-f3d7-47be-88c0-102d2d95c4e9,search_performed,74,sim-u74-s1,,ergonomic desk,synthetic,1,2026-04-06T08:33:52.303639+00:00,"{""search_query"": ""ergonomic desk""}"
7ab75181-5bb0-43d6-8815-95bb4adde6a9,product_clicked,74,sim-u74-s1,25,,synthetic,2,2026-04-06T08:36:36.303639+00:00,"{""category_id"": 10}"
c88cccbf-5c55-4f57-a35e-e19f32729927,product_viewed,74,sim-u74-s1,25,,synthetic,1,2026-04-06T08:39:36.303639+00:00,"{""category_id"": 10}"
cafa5f1a-7fa8-4a39-97f9-8f9a20fb709c,cart_viewed,74,sim-u74-s1,,open cart,synthetic,1,2026-04-06T08:42:28.303639+00:00,{}
94e90852-8982-4b9c-ab82-49d823b20c60,cart_item_added,74,sim-u74-s1,25,,synthetic,4,2026-04-06T08:43:47.303639+00:00,"{""category_id"": 10}"
0935eb40-236d-426e-aae7-af068c146b93,cart_item_quantity_updated,74,sim-u74-s1,25,,synthetic,3,2026-04-06T08:46:33.303639+00:00,"{""category_id"": 10, ""quantity"": 3}"
ca9ab677-d4d0-4529-941a-7a4cd6480de1,checkout_started,74,sim-u74-s1,,checkout,synthetic,4,2026-04-06T08:48:29.303639+00:00,{}
93aeb53e-e6c8-4681-9418-2db197d78619,order_created,74,sim-u74-s1,25,,synthetic,5,2026-04-06T08:51:02.303639+00:00,"{""category_id"": 10}"
3c80f8c9-88c5-451d-8aac-b4e8c26b5160,order_paid,74,sim-u74-s1,25,,synthetic,6,2026-04-06T08:51:48.303639+00:00,"{""category_id"": 10}"
7c5979cd-9200-4fce-bbd6-3dffa9de8c8d,order_completed,74,sim-u74-s1,25,,synthetic,6,2026-04-06T08:53:31.303639+00:00,"{""category_id"": 10}"
3a201d0e-b117-4d5c-b5af-e577ff9172f4,chat_message_sent,74,sim-u74-s1,25,San pham nay co uu diem gi,synthetic,2,2026-04-06T08:55:23.303639+00:00,"{""category_id"": 10, ""intent"": ""advice""}"
b3e6b477-03b4-45e2-bb78-855c2c9462bc,search_performed,74,sim-u74-s1,,gaming keyboard,synthetic,1,2026-04-06T08:56:20.303639+00:00,"{""search_query"": ""gaming keyboard""}"
9f157a88-26e3-45bd-b539-a1f6df2cd7fc,product_clicked,74,sim-u74-s1,21,,synthetic,2,2026-04-06T08:58:28.303639+00:00,"{""category_id"": 8}"
2b257048-3e2f-4cb5-b66e-e5d4359745cb,product_viewed,74,sim-u74-s1,21,,synthetic,1,2026-04-06T09:00:33.303639+00:00,"{""category_id"": 8}"
77093a8b-5a23-4b5e-b4b3-2c166cb083c4,cart_viewed,74,sim-u74-s1,,open cart,synthetic,1,2026-04-06T09:01:08.303639+00:00,{}
b5b946a6-30d9-45e1-aba1-794c60f7c7d5,cart_item_added,74,sim-u74-s1,21,,synthetic,4,2026-04-06T09:03:16.303639+00:00,"{""category_id"": 8}"
40904c19-8d09-4ff3-ab9f-fa1106692e81,checkout_started,74,sim-u74-s1,,checkout,synthetic,4,2026-04-06T09:05:30.303639+00:00,{}
79a6db10-00c0-47ed-840a-065cdbe6464b,order_created,74,sim-u74-s1,21,,synthetic,5,2026-04-06T09:06:09.303639+00:00,"{""category_id"": 8}"
70b44aaf-520c-45ec-bb59-c58e42eaae1b,order_paid,74,sim-u74-s1,21,,synthetic,6,2026-04-06T09:08:43.303639+00:00,"{""category_id"": 8}"
0eeccf9f-ed4f-4bf7-86d2-c1a6bf469ad3,order_completed,74,sim-u74-s1,21,,synthetic,6,2026-04-06T09:10:46.303639+00:00,"{""category_id"": 8}"
21967b18-7048-41b8-86d0-377065519fe2,chat_message_sent,74,sim-u74-s1,21,Co goi y san pham thay the khong,synthetic,2,2026-04-06T09:12:13.303639+00:00,"{""category_id"": 8, ""intent"": ""advice""}"
e69a11b0-f649-4038-a70b-28f69687d966,chat_started,19,sim-u19-s3,,start session,synthetic,1,2026-04-06T12:35:28.303639+00:00,"{""channel"": ""web""}"
c21b58d2-5034-443f-a823-643bc7f8915d,search_performed,19,sim-u19-s3,,office chair,synthetic,1,2026-04-06T12:37:57.303639+00:00,"{""search_query"": ""office chair""}"
e28e9bc5-5b55-4e8c-9050-50c87a01b2a0,product_clicked,19,sim-u19-s3,20,,synthetic,2,2026-04-06T12:40:16.303639+00:00,"{""category_id"": 8}"
5e4f0e15-18fa-4af5-b3d1-80b3964d1f3d,product_viewed,19,sim-u19-s3,20,,synthetic,1,2026-04-06T12:41:45.303639+00:00,"{""category_id"": 8}"
fb38e785-947e-4491-8fc2-8788e38fe337,cart_viewed,19,sim-u19-s3,,open cart,synthetic,1,2026-04-06T12:42:33.303639+00:00,{}
cdb34453-6376-41f1-a812-85fb6ee7783c,cart_item_added,19,sim-u19-s3,20,,synthetic,4,2026-04-06T12:44:17.303639+00:00,"{""category_id"": 8}"
6094d752-4e0a-4ed6-8286-8119344455b1,cart_item_quantity_updated,19,sim-u19-s3,20,,synthetic,3,2026-04-06T12:45:42.303639+00:00,"{""category_id"": 8, ""quantity"": 3}"
63000d88-a65b-401b-a849-6f0165f511d6,checkout_started,19,sim-u19-s3,,checkout,synthetic,4,2026-04-06T12:46:05.303639+00:00,{}
209dc07a-0ea0-4c1c-bd29-c132c6694f2e,order_created,19,sim-u19-s3,20,,synthetic,5,2026-04-06T12:47:51.303639+00:00,"{""category_id"": 8}"
bf12c14b-ad4c-4791-b0f0-c1c80d8da8fc,order_paid,19,sim-u19-s3,20,,synthetic,6,2026-04-06T12:50:36.303639+00:00,"{""category_id"": 8}"
26e00bc9-ab7d-4f1b-91ec-20fcf3f114e0,order_completed,19,sim-u19-s3,20,,synthetic,6,2026-04-06T12:51:45.303639+00:00,"{""category_id"": 8}"
a8defce3-819c-4c3c-8f24-846b02731882,chat_message_sent,19,sim-u19-s3,20,Co goi y san pham thay the khong,synthetic,2,2026-04-06T12:53:54.303639+00:00,"{""category_id"": 8, ""intent"": ""advice""}"
84be50e2-9b33-4fed-ada3-ecd921ec0011,search_performed,19,sim-u19-s3,,noise cancelling headset,synthetic,1,2026-04-06T12:54:36.303639+00:00,"{""search_query"": ""noise cancelling headset""}"
383e3eb0-599f-4b06-9d1f-afbe78635bd7,product_clicked,19,sim-u19-s3,19,,synthetic,2,2026-04-06T12:56:38.303639+00:00,"{""category_id"": 7}"
fc1edd11-273d-4a95-a2b0-736d3852dff4,product_viewed,19,sim-u19-s3,19,,synthetic,1,2026-04-06T12:57:22.303639+00:00,"{""category_id"": 7}"
65021777-c434-4e83-b673-ec6c310a2658,cart_viewed,19,sim-u19-s3,,open cart,synthetic,1,2026-04-06T12:58:17.303639+00:00,{}
2e5e8366-24b5-4bef-a569-b2eea97d5399,cart_item_added,19,sim-u19-s3,19,,synthetic,4,2026-04-06T13:00:39.303639+00:00,"{""category_id"": 7}"
74c3a89e-bd35-429d-bc07-b24c768cf428,cart_item_quantity_updated,19,sim-u19-s3,19,,synthetic,3,2026-04-06T13:01:00.303639+00:00,"{""category_id"": 7, ""quantity"": 2}"
f89cfc8d-b112-496c-80e2-ca5c2723b35a,checkout_started,19,sim-u19-s3,,checkout,synthetic,4,2026-04-06T13:02:20.303639+00:00,{}
19ed2a53-82e8-401e-8000-8175ffb01bd4,order_created,19,sim-u19-s3,19,,synthetic,5,2026-04-06T13:04:34.303639+00:00,"{""category_id"": 7}"
9cfbc000-a84a-48d9-b144-226961c4aede,order_paid,19,sim-u19-s3,19,,synthetic,6,2026-04-06T13:06:18.303639+00:00,"{""category_id"": 7}"
476192ad-7523-43de-800a-67b28f4662fb,order_completed,19,sim-u19-s3,19,,synthetic,6,2026-04-06T13:07:55.303639+00:00,"{""category_id"": 7}"
e68206f4-bebb-4e86-b6fb-ac69779c4409,chat_message_sent,19,sim-u19-s3,19,Tu van cho toi mot san pham phu hop nhu cau,synthetic,2,2026-04-06T13:09:21.303639+00:00,"{""category_id"": 7, ""intent"": ""advice""}"
67b547fa-7083-422e-b298-8d07da29ca35,search_performed,19,sim-u19-s3,,noise cancelling headset,synthetic,1,2026-04-06T13:10:41.303639+00:00,"{""search_query"": ""noise cancelling headset""}"
b49a560c-5d43-415a-bdec-4023eab50dba,product_clicked,19,sim-u19-s3,15,,synthetic,2,2026-04-06T13:11:16.303639+00:00,"{""category_id"": 5}"
a51d4866-ba44-4741-ae34-faf7fe085b1e,product_viewed,19,sim-u19-s3,15,,synthetic,1,2026-04-06T13:12:06.303639+00:00,"{""category_id"": 5}"
6a52abb5-c8c8-4f86-b5f5-a39142b7b598,cart_viewed,19,sim-u19-s3,,open cart,synthetic,1,2026-04-06T13:13:06.303639+00:00,{}
5c7dd8f1-7196-4a8b-8e30-6b0ce209b78e,cart_item_added,19,sim-u19-s3,15,,synthetic,4,2026-04-06T13:15:09.303639+00:00,"{""category_id"": 5}"
b7199e0d-ad49-41bb-8157-26c1ef98323d,checkout_started,19,sim-u19-s3,,checkout,synthetic,4,2026-04-06T13:16:48.303639+00:00,{}
d43fae6e-a3f5-443b-86c5-2ae61597b8f6,order_created,19,sim-u19-s3,15,,synthetic,5,2026-04-06T13:17:38.303639+00:00,"{""category_id"": 5}"
d419d64b-6fde-4786-a6b4-666842a01ec8,order_paid,19,sim-u19-s3,15,,synthetic,6,2026-04-06T13:19:13.303639+00:00,"{""category_id"": 5}"
acb8819c-75c0-4b45-9d7e-11d8936cada0,order_completed,19,sim-u19-s3,15,,synthetic,6,2026-04-06T13:21:07.303639+00:00,"{""category_id"": 5}"
c948bf66-e7bb-4643-b08e-cf0f1d2412e4,chat_message_sent,19,sim-u19-s3,15,San pham nay co uu diem gi,synthetic,2,2026-04-06T13:22:01.303639+00:00,"{""category_id"": 5, ""intent"": ""advice""}"
98416a6e-3dfa-4b32-ba77-dde3b8c293e1,chat_started,35,sim-u35-s1,,start session,synthetic,1,2026-04-06T13:58:25.303639+00:00,"{""channel"": ""web""}"
4aa269eb-60fb-4483-8e1f-53cf331901f2,search_performed,35,sim-u35-s1,,noise cancelling headset,synthetic,1,2026-04-06T14:00:29.303639+00:00,"{""search_query"": ""noise cancelling headset""}"
44bc5cb3-74c3-46c6-b049-d01ffa778962,chat_started,85,sim-u85-s2,,start session,synthetic,1,2026-04-06T14:01:24.303639+00:00,"{""channel"": ""web""}"
fbf29834-43f8-40b0-9775-bb6feadae679,search_performed,85,sim-u85-s2,,webcam full hd,synthetic,1,2026-04-06T14:03:12.303639+00:00,"{""search_query"": ""webcam full hd""}"
7217d526-d704-43d7-bb73-c632c650c413,product_clicked,35,sim-u35-s1,29,,synthetic,2,2026-04-06T14:03:14.303639+00:00,"{""category_id"": 12}"
4166a303-e9ed-45c2-89fc-6f2fee94b060,product_clicked,85,sim-u85-s2,15,,synthetic,2,2026-04-06T14:04:08.303639+00:00,"{""category_id"": 5}"
077a49fe-61cb-499d-bf88-277ccf608f7b,product_viewed,35,sim-u35-s1,29,,synthetic,1,2026-04-06T14:05:31.303639+00:00,"{""category_id"": 12}"
6940d9f0-3bf4-4ce8-8b59-682e589fe589,product_viewed,85,sim-u85-s2,15,,synthetic,1,2026-04-06T14:05:36.303639+00:00,"{""category_id"": 5}"
6a6f6d63-f602-467f-bea9-e17017b1bdb7,cart_viewed,35,sim-u35-s1,,open cart,synthetic,1,2026-04-06T14:06:37.303639+00:00,{}
1e0ab341-4960-4339-b0ef-529cd30e451a,cart_item_added,35,sim-u35-s1,29,,synthetic,4,2026-04-06T14:07:17.303639+00:00,"{""category_id"": 12}"
71afba32-80c8-401c-903a-e450310926a2,cart_viewed,85,sim-u85-s2,,open cart,synthetic,1,2026-04-06T14:07:37.303639+00:00,{}
9a1c6896-67b7-44f8-b26c-afe598f43651,cart_item_quantity_updated,35,sim-u35-s1,29,,synthetic,3,2026-04-06T14:08:22.303639+00:00,"{""category_id"": 12, ""quantity"": 4}"
681d9453-c327-41b2-bcf6-2feea49803ba,checkout_started,35,sim-u35-s1,,checkout,synthetic,4,2026-04-06T14:08:56.303639+00:00,{}
641f4912-b735-49be-aa0b-4485169bef12,cart_item_added,85,sim-u85-s2,15,,synthetic,4,2026-04-06T14:09:15.303639+00:00,"{""category_id"": 5}"
bdc27020-16a6-4a8c-ba8b-a75019f92dd2,order_created,35,sim-u35-s1,29,,synthetic,5,2026-04-06T14:09:17.303639+00:00,"{""category_id"": 12}"
de449ea7-fcff-47e7-80c6-251ed2aae909,order_paid,35,sim-u35-s1,29,,synthetic,6,2026-04-06T14:10:30.303639+00:00,"{""category_id"": 12}"
5a0559f0-0e5f-485b-b8ca-d737baca2bd8,order_completed,35,sim-u35-s1,29,,synthetic,6,2026-04-06T14:11:33.303639+00:00,"{""category_id"": 12}"
a5d46e75-92fe-4cc3-a5ad-b81d0da5696f,cart_item_quantity_updated,85,sim-u85-s2,15,,synthetic,3,2026-04-06T14:11:40.303639+00:00,"{""category_id"": 5, ""quantity"": 2}"
b50b2104-7e55-4ff9-a26a-16e10f824fec,cart_item_removed,85,sim-u85-s2,15,,synthetic,1,2026-04-06T14:12:17.303639+00:00,"{""category_id"": 5}"
c0f1cb0e-3e41-4c27-9d3f-7eac493c2fca,chat_message_sent,35,sim-u35-s1,29,San pham nay co uu diem gi,synthetic,2,2026-04-06T14:13:58.303639+00:00,"{""category_id"": 12, ""intent"": ""advice""}"
ed3e369f-8df1-4cbe-8097-3f1b5dfdefa8,checkout_started,85,sim-u85-s2,,checkout,synthetic,4,2026-04-06T14:14:23.303639+00:00,{}
e4e16507-e578-4914-8e74-10e3b359ae99,order_created,85,sim-u85-s2,15,,synthetic,5,2026-04-06T14:16:57.303639+00:00,"{""category_id"": 5}"
3914e44d-bbaa-44a7-868d-cc16102155d8,order_paid,85,sim-u85-s2,15,,synthetic,6,2026-04-06T14:18:30.303639+00:00,"{""category_id"": 5}"
a6f07f71-f4b7-4f38-8079-6cf44eebb8e5,order_completed,85,sim-u85-s2,15,,synthetic,6,2026-04-06T14:20:40.303639+00:00,"{""category_id"": 5}"
b4399674-2982-4b8b-a612-ef748ea8e0be,chat_message_sent,85,sim-u85-s2,15,Nen chon mau nao cho cong viec van phong,synthetic,2,2026-04-06T14:21:47.303639+00:00,"{""category_id"": 5, ""intent"": ""advice""}"
fb84e636-9540-4387-8b2a-f47c98578f32,chat_started,44,sim-u44-s2,,start session,synthetic,1,2026-04-06T19:32:40.303639+00:00,"{""channel"": ""web""}"
1b693e1c-c33c-4158-baea-a377e66e05b9,search_performed,44,sim-u44-s2,,gaming keyboard,synthetic,1,2026-04-06T19:33:41.303639+00:00,"{""search_query"": ""gaming keyboard""}"
1051bab3-b12b-4c34-997c-ec444bd7e118,product_clicked,44,sim-u44-s2,23,,synthetic,2,2026-04-06T19:34:16.303639+00:00,"{""category_id"": 9}"
5a212b35-d054-41c6-963c-6a55aa3452fb,product_viewed,44,sim-u44-s2,23,,synthetic,1,2026-04-06T19:35:31.303639+00:00,"{""category_id"": 9}"
5c477782-9162-4c19-8403-39b859beabaf,chat_message_sent,44,sim-u44-s2,23,Tu van cho toi mot san pham phu hop nhu cau,synthetic,2,2026-04-06T19:37:46.303639+00:00,"{""category_id"": 9, ""intent"": ""advice""}"
caa45dc2-460b-4d7f-a211-172a2cc38c36,chat_started,86,sim-u86-s1,,start session,synthetic,1,2026-04-07T01:08:57.303639+00:00,"{""channel"": ""web""}"
dae113d4-5b57-4401-9c12-482bfb031775,search_performed,86,sim-u86-s1,,noise cancelling headset,synthetic,1,2026-04-07T01:09:24.303639+00:00,"{""search_query"": ""noise cancelling headset""}"
7585273c-692c-456f-a056-a1755c5a6c07,product_clicked,86,sim-u86-s1,33,,synthetic,2,2026-04-07T01:12:13.303639+00:00,"{""category_id"": 14}"
6e24a25c-eb44-4843-a5a8-211abecac5e4,product_viewed,86,sim-u86-s1,33,,synthetic,1,2026-04-07T01:13:33.303639+00:00,"{""category_id"": 14}"
70dab59e-8dfc-4c9d-a594-054c63d4ee27,cart_viewed,86,sim-u86-s1,,open cart,synthetic,1,2026-04-07T01:14:18.303639+00:00,{}
98f55f9e-541d-4311-a93f-31e1e0031f53,cart_item_added,86,sim-u86-s1,33,,synthetic,4,2026-04-07T01:14:40.303639+00:00,"{""category_id"": 14}"
e46b325d-769d-476f-944e-e4c8c3694bfa,cart_item_quantity_updated,86,sim-u86-s1,33,,synthetic,3,2026-04-07T01:17:29.303639+00:00,"{""category_id"": 14, ""quantity"": 2}"
96fde373-4e53-4590-b6ca-bdd0caca48c6,checkout_started,86,sim-u86-s1,,checkout,synthetic,4,2026-04-07T01:17:59.303639+00:00,{}
ac224eca-96a0-4119-a244-8f7bdb93bcf3,order_created,86,sim-u86-s1,33,,synthetic,5,2026-04-07T01:18:43.303639+00:00,"{""category_id"": 14}"
931803b7-7049-4329-a59f-b9f7a9d74606,order_paid,86,sim-u86-s1,33,,synthetic,6,2026-04-07T01:19:04.303639+00:00,"{""category_id"": 14}"
addc547a-2c82-4411-b442-184105be843e,order_completed,86,sim-u86-s1,33,,synthetic,6,2026-04-07T01:21:00.303639+00:00,"{""category_id"": 14}"
56b49918-7a25-417f-9b2a-e5e2763ef4d5,chat_message_sent,86,sim-u86-s1,33,Nen chon mau nao cho cong viec van phong,synthetic,2,2026-04-07T01:23:24.303639+00:00,"{""category_id"": 14, ""intent"": ""advice""}"
04791362-263c-4949-9ab8-c2a09fd95da2,search_performed,86,sim-u86-s1,,noise cancelling headset,synthetic,1,2026-04-07T01:26:18.303639+00:00,"{""search_query"": ""noise cancelling headset""}"
00581ce7-e9ec-4dae-8941-f8f5155f13b8,product_clicked,86,sim-u86-s1,20,,synthetic,2,2026-04-07T01:28:27.303639+00:00,"{""category_id"": 8}"
2c43d308-387c-4de7-8a17-fbb06a382b63,product_viewed,86,sim-u86-s1,20,,synthetic,1,2026-04-07T01:30:13.303639+00:00,"{""category_id"": 8}"
e1351217-aae1-4143-84ed-4c91576bafa1,cart_viewed,86,sim-u86-s1,,open cart,synthetic,1,2026-04-07T01:32:00.303639+00:00,{}
f11d3192-b9eb-4370-a70b-3d8b0aaf8c1f,cart_item_added,86,sim-u86-s1,20,,synthetic,4,2026-04-07T01:33:40.303639+00:00,"{""category_id"": 8}"
c0476897-a9d2-482a-a120-69ba57f6e6dc,checkout_started,86,sim-u86-s1,,checkout,synthetic,4,2026-04-07T01:35:42.303639+00:00,{}
b62150ad-022c-49c8-ade9-aace026492e9,order_created,86,sim-u86-s1,20,,synthetic,5,2026-04-07T01:37:38.303639+00:00,"{""category_id"": 8}"
89bfc1dc-37de-4872-9aa0-52a661763ed1,order_paid,86,sim-u86-s1,20,,synthetic,6,2026-04-07T01:39:29.303639+00:00,"{""category_id"": 8}"
fc7dc885-82d2-4fdf-9d4f-d8b3603a69d1,order_completed,86,sim-u86-s1,20,,synthetic,6,2026-04-07T01:41:13.303639+00:00,"{""category_id"": 8}"
a5200356-387e-4b79-b941-2a8af5a879d5,chat_started,10,sim-u10-s2,,start session,synthetic,1,2026-04-07T05:20:49.303639+00:00,"{""channel"": ""web""}"
daa23e58-5109-4bc6-976f-31809eaa6642,search_performed,10,sim-u10-s2,,laptop stand,synthetic,1,2026-04-07T05:21:49.303639+00:00,"{""search_query"": ""laptop stand""}"
4c02efd8-881c-44be-8331-26eb300379b9,product_clicked,10,sim-u10-s2,14,,synthetic,2,2026-04-07T05:22:27.303639+00:00,"{""category_id"": 5}"
fd55029c-4ad0-4249-8f42-3b4cf9150e48,product_viewed,10,sim-u10-s2,14,,synthetic,1,2026-04-07T05:24:40.303639+00:00,"{""category_id"": 5}"
2f547005-f387-42f3-99ca-3d4deb9a5aed,search_performed,10,sim-u10-s2,,mechanical keyboard,synthetic,1,2026-04-07T05:26:04.303639+00:00,"{""search_query"": ""mechanical keyboard""}"
51528f8b-e97a-4379-8799-22f9e43b75dc,product_clicked,10,sim-u10-s2,26,,synthetic,2,2026-04-07T05:28:20.303639+00:00,"{""category_id"": 11}"
6fa504fe-9b9b-4fe3-9bcb-6e4d6ed89ac0,product_viewed,10,sim-u10-s2,26,,synthetic,1,2026-04-07T05:29:57.303639+00:00,"{""category_id"": 11}"
aa2a50f9-793e-4676-af36-d5ae887d2054,cart_viewed,10,sim-u10-s2,,open cart,synthetic,1,2026-04-07T05:31:55.303639+00:00,{}
48d6a8e0-c0ef-4451-b4b5-f21077128e38,cart_item_added,10,sim-u10-s2,26,,synthetic,4,2026-04-07T05:34:18.303639+00:00,"{""category_id"": 11}"
d87d8d4f-5354-4768-90ab-c8929b83ce6f,cart_item_quantity_updated,10,sim-u10-s2,26,,synthetic,3,2026-04-07T05:37:04.303639+00:00,"{""category_id"": 11, ""quantity"": 3}"
163e4ec2-d706-4cd0-a106-dc3b43cb45f2,checkout_started,10,sim-u10-s2,,checkout,synthetic,4,2026-04-07T05:38:39.303639+00:00,{}
204016a5-6d81-40b0-b904-749c8a6e0a79,order_created,10,sim-u10-s2,26,,synthetic,5,2026-04-07T05:40:14.303639+00:00,"{""category_id"": 11}"
2bf980d0-028e-4545-8f17-0c0ba83fc751,order_paid,10,sim-u10-s2,26,,synthetic,6,2026-04-07T05:42:15.303639+00:00,"{""category_id"": 11}"
2996e30b-8ee9-49fd-9479-7cdfa5ae0479,order_completed,10,sim-u10-s2,26,,synthetic,6,2026-04-07T05:43:45.303639+00:00,"{""category_id"": 11}"
03c25783-3467-4897-be36-9ce2b0c4e336,chat_started,56,sim-u56-s2,,start session,synthetic,1,2026-04-07T05:44:53.303639+00:00,"{""channel"": ""web""}"
ceb7c14b-866f-4e6f-a252-6e6803860b16,chat_message_sent,10,sim-u10-s2,26,Tu van cho toi mot san pham phu hop nhu cau,synthetic,2,2026-04-07T05:46:40.303639+00:00,"{""category_id"": 11, ""intent"": ""advice""}"
939b4f8a-2f8d-4e48-8434-615bdbe9bb13,search_performed,56,sim-u56-s2,,ergonomic desk,synthetic,1,2026-04-07T05:47:43.303639+00:00,"{""search_query"": ""ergonomic desk""}"
81af189a-3aa8-4dde-8763-28aaf21ee413,product_clicked,56,sim-u56-s2,11,,synthetic,2,2026-04-07T05:48:52.303639+00:00,"{""category_id"": 3}"
a2c7da98-a2a2-488c-96cc-5d231ccbc07c,product_viewed,56,sim-u56-s2,11,,synthetic,1,2026-04-07T05:51:25.303639+00:00,"{""category_id"": 3}"
effe9d2f-da81-4e1d-85cb-77fb0484945c,cart_viewed,56,sim-u56-s2,,open cart,synthetic,1,2026-04-07T05:52:31.303639+00:00,{}
99c29f48-b46e-4dc8-95c1-acabaa680389,cart_item_added,56,sim-u56-s2,11,,synthetic,4,2026-04-07T05:54:11.303639+00:00,"{""category_id"": 3}"
f3b0cb63-960f-4fa7-91a0-750e66baa4f0,cart_item_quantity_updated,56,sim-u56-s2,11,,synthetic,3,2026-04-07T05:54:33.303639+00:00,"{""category_id"": 3, ""quantity"": 4}"
ed336fc7-5f86-4855-abcf-bbc5873fbaac,checkout_started,56,sim-u56-s2,,checkout,synthetic,4,2026-04-07T05:54:56.303639+00:00,{}
9b0a37d0-3a8b-4364-a93e-3bed915fd870,order_created,56,sim-u56-s2,11,,synthetic,5,2026-04-07T05:57:01.303639+00:00,"{""category_id"": 3}"
c0078ca0-f937-4308-b50f-998f03136df3,order_paid,56,sim-u56-s2,11,,synthetic,6,2026-04-07T05:57:47.303639+00:00,"{""category_id"": 3}"
9813544e-c07a-48ef-8ff8-cd0404211666,order_completed,56,sim-u56-s2,11,,synthetic,6,2026-04-07T06:00:01.303639+00:00,"{""category_id"": 3}"
132fac8f-0150-48bd-b417-981b85823dae,chat_message_sent,56,sim-u56-s2,11,Nen chon mau nao cho cong viec van phong,synthetic,2,2026-04-07T06:01:25.303639+00:00,"{""category_id"": 3, ""intent"": ""advice""}"
4b181d4d-8047-42bb-b99e-83e77e28f1fb,search_performed,56,sim-u56-s2,,wireless mouse,synthetic,1,2026-04-07T06:01:51.303639+00:00,"{""search_query"": ""wireless mouse""}"
0ed05b4e-91d5-407a-abc2-0d4d1ba2935e,product_clicked,56,sim-u56-s2,29,,synthetic,2,2026-04-07T06:04:49.303639+00:00,"{""category_id"": 12}"
594fc8bd-c4d9-493c-b9be-36b657dc2b87,product_viewed,56,sim-u56-s2,29,,synthetic,1,2026-04-07T06:05:32.303639+00:00,"{""category_id"": 12}"
43658cc4-9aed-4045-a4c8-d4ee7324e588,cart_viewed,56,sim-u56-s2,,open cart,synthetic,1,2026-04-07T06:08:24.303639+00:00,{}
72f517c0-37a3-4b97-ab08-18f914f29aa3,cart_item_added,56,sim-u56-s2,29,,synthetic,4,2026-04-07T06:09:39.303639+00:00,"{""category_id"": 12}"
2bbfe6ac-9fb8-42ea-a7a4-8437e6af3108,checkout_started,56,sim-u56-s2,,checkout,synthetic,4,2026-04-07T06:10:29.303639+00:00,{}
4aac1ea9-f446-43ad-bc18-49aaa1fba921,order_created,56,sim-u56-s2,29,,synthetic,5,2026-04-07T06:11:11.303639+00:00,"{""category_id"": 12}"
9e54a771-3565-443d-ba9a-dff610861b3a,order_cancelled,56,sim-u56-s2,29,,synthetic,-2,2026-04-07T06:12:04.303639+00:00,"{""category_id"": 12}"
b2890c58-bf61-4b35-83b0-3d8b4fbf849b,chat_message_sent,56,sim-u56-s2,29,San pham nay co uu diem gi,synthetic,2,2026-04-07T06:12:52.303639+00:00,"{""category_id"": 12, ""intent"": ""advice""}"
b0388455-0071-4b50-8e8f-729791c95f62,chat_started,76,sim-u76-s1,,start session,synthetic,1,2026-04-07T09:09:38.303639+00:00,"{""channel"": ""web""}"
4794a152-cb5b-49fc-bac9-03c3400e597c,search_performed,76,sim-u76-s1,,laptop stand,synthetic,1,2026-04-07T09:10:30.303639+00:00,"{""search_query"": ""laptop stand""}"
ae0b6a3b-a4d0-4d45-8dfc-903adcdf4b19,product_clicked,76,sim-u76-s1,11,,synthetic,2,2026-04-07T09:12:07.303639+00:00,"{""category_id"": 3}"
ffa18543-53ca-45ac-b157-549314ee62cc,product_viewed,76,sim-u76-s1,11,,synthetic,1,2026-04-07T09:14:52.303639+00:00,"{""category_id"": 3}"
f609bbc1-3e19-4454-acbf-bbbb3d68cb76,cart_viewed,76,sim-u76-s1,,open cart,synthetic,1,2026-04-07T09:15:33.303639+00:00,{}
21355f47-beb0-4d12-83da-ca86d5206e61,cart_item_added,76,sim-u76-s1,11,,synthetic,4,2026-04-07T09:18:01.303639+00:00,"{""category_id"": 3}"
ab700104-6be8-41c4-8d31-6cce1de38574,cart_item_quantity_updated,76,sim-u76-s1,11,,synthetic,3,2026-04-07T09:19:56.303639+00:00,"{""category_id"": 3, ""quantity"": 2}"
c441058f-46ab-4c1f-8701-8bf06481f5b0,checkout_started,76,sim-u76-s1,,checkout,synthetic,4,2026-04-07T09:20:59.303639+00:00,{}
fc6cf3f6-606d-4d5d-9104-58021720ec8a,order_created,76,sim-u76-s1,11,,synthetic,5,2026-04-07T09:22:21.303639+00:00,"{""category_id"": 3}"
6a1f4107-8c76-41f6-bc82-770837b28836,order_paid,76,sim-u76-s1,11,,synthetic,6,2026-04-07T09:24:29.303639+00:00,"{""category_id"": 3}"
38d71b26-993d-42b5-a79b-3ba40c3d95b5,order_completed,76,sim-u76-s1,11,,synthetic,6,2026-04-07T09:27:11.303639+00:00,"{""category_id"": 3}"
c090dfa2-9e67-4db5-90e7-d1b16d8c0b18,chat_message_sent,76,sim-u76-s1,11,Tu van cho toi mot san pham phu hop nhu cau,synthetic,2,2026-04-07T09:29:29.303639+00:00,"{""category_id"": 3, ""intent"": ""advice""}"
2bde3f9c-4941-4229-9473-b43a079c5bba,chat_started,13,sim-u13-s1,,start session,synthetic,1,2026-04-07T12:57:56.303639+00:00,"{""channel"": ""web""}"
8fe0ea08-2ff1-4761-be6a-7b607041c481,search_performed,13,sim-u13-s1,,usb c hub,synthetic,1,2026-04-07T13:00:02.303639+00:00,"{""search_query"": ""usb c hub""}"
5be1db50-9247-48f0-b0da-d16a8e764e2b,product_clicked,13,sim-u13-s1,16,,synthetic,2,2026-04-07T13:01:31.303639+00:00,"{""category_id"": 6}"
fb13b99f-2dbc-4b7f-b038-af399105ebad,product_viewed,13,sim-u13-s1,16,,synthetic,1,2026-04-07T13:02:46.303639+00:00,"{""category_id"": 6}"
089776e5-e24f-4b68-88b8-733c5af8cc31,cart_viewed,13,sim-u13-s1,,open cart,synthetic,1,2026-04-07T13:03:35.303639+00:00,{}
878b4add-ed49-4f98-9870-bf4090fe9825,chat_started,32,sim-u32-s3,,start session,synthetic,1,2026-04-07T13:04:28.303639+00:00,"{""channel"": ""web""}"
7543b0dc-4664-4e01-a84d-b61b1f1dd5c5,cart_item_added,13,sim-u13-s1,16,,synthetic,4,2026-04-07T13:05:23.303639+00:00,"{""category_id"": 6}"
532f30e4-249c-426e-9d7a-ec46d10ba3f5,search_performed,32,sim-u32-s3,,monitor 27 inch,synthetic,1,2026-04-07T13:07:12.303639+00:00,"{""search_query"": ""monitor 27 inch""}"
ec00ab59-aee4-4dfa-94e0-9938f1e3e7e3,product_clicked,32,sim-u32-s3,9,,synthetic,2,2026-04-07T13:07:47.303639+00:00,"{""category_id"": 2}"
a28c1556-2ecb-4c82-b803-93fa23337f16,cart_item_quantity_updated,13,sim-u13-s1,16,,synthetic,3,2026-04-07T13:08:14.303639+00:00,"{""category_id"": 6, ""quantity"": 3}"
029f9da5-4094-4958-9e6a-b1fbf6852812,product_viewed,32,sim-u32-s3,9,,synthetic,1,2026-04-07T13:08:45.303639+00:00,"{""category_id"": 2}"
c29d7cf9-4e5c-4a9f-8b98-30a2d423d19f,cart_viewed,32,sim-u32-s3,,open cart,synthetic,1,2026-04-07T13:09:29.303639+00:00,{}
7cd18689-27f3-4648-be55-7fbf5fe26586,checkout_started,13,sim-u13-s1,,checkout,synthetic,4,2026-04-07T13:09:52.303639+00:00,{}
ed435375-697b-4f83-842b-4741d05538b9,cart_item_added,32,sim-u32-s3,9,,synthetic,4,2026-04-07T13:10:10.303639+00:00,"{""category_id"": 2}"
cddc5d89-b378-48ae-ba7e-6a25c10c560f,order_created,13,sim-u13-s1,16,,synthetic,5,2026-04-07T13:10:23.303639+00:00,"{""category_id"": 6}"
1b61d93e-f1e6-4111-b2b1-88d75b46696c,checkout_started,32,sim-u32-s3,,checkout,synthetic,4,2026-04-07T13:12:15.303639+00:00,{}
0d4f6d73-1dc3-4579-96ab-b7bebbaf6eaf,order_paid,13,sim-u13-s1,16,,synthetic,6,2026-04-07T13:13:16.303639+00:00,"{""category_id"": 6}"
49dd3936-b694-4a33-aec8-23ad537c2bf6,order_completed,13,sim-u13-s1,16,,synthetic,6,2026-04-07T13:13:50.303639+00:00,"{""category_id"": 6}"
9cb4d453-3915-4501-8283-0bad99d16584,chat_message_sent,13,sim-u13-s1,16,Nen chon mau nao cho cong viec van phong,synthetic,2,2026-04-07T13:15:04.303639+00:00,"{""category_id"": 6, ""intent"": ""advice""}"
6f056ef2-a2dd-4f15-b3ef-2655cd8b7097,order_created,32,sim-u32-s3,9,,synthetic,5,2026-04-07T13:15:05.303639+00:00,"{""category_id"": 2}"
2ff2c1b2-1970-4ea5-a588-7927264fad06,order_paid,32,sim-u32-s3,9,,synthetic,6,2026-04-07T13:15:40.303639+00:00,"{""category_id"": 2}"
9768cfa5-8a4c-49c2-8f25-f5340cc561e2,search_performed,13,sim-u13-s1,,office chair,synthetic,1,2026-04-07T13:16:29.303639+00:00,"{""search_query"": ""office chair""}"
3746b133-f622-4f7b-81fb-3bffff10bc8e,order_completed,32,sim-u32-s3,9,,synthetic,6,2026-04-07T13:17:39.303639+00:00,"{""category_id"": 2}"
09ee21ec-0a1f-4166-8931-2d993df1528a,product_clicked,13,sim-u13-s1,11,,synthetic,2,2026-04-07T13:18:03.303639+00:00,"{""category_id"": 3}"
f0ae8d48-87e4-4f02-b6c4-0467125b07c1,product_viewed,13,sim-u13-s1,11,,synthetic,1,2026-04-07T13:19:46.303639+00:00,"{""category_id"": 3}"
d989e579-2312-490e-a632-fd7ced05615e,chat_message_sent,32,sim-u32-s3,,Co goi y san pham thay the khong,synthetic,2,2026-04-07T13:20:16.303639+00:00,"{""intent"": ""followup""}"
d502ea13-bdcd-4f60-b6a6-e73513e4722d,cart_viewed,13,sim-u13-s1,,open cart,synthetic,1,2026-04-07T13:22:13.303639+00:00,{}
342fbeca-9fcc-4a86-a5a6-027bb77ca717,cart_item_added,13,sim-u13-s1,11,,synthetic,4,2026-04-07T13:24:23.303639+00:00,"{""category_id"": 3}"
f2ea8294-0861-42ab-ab42-e43c91ecad1b,cart_item_quantity_updated,13,sim-u13-s1,11,,synthetic,3,2026-04-07T13:26:59.303639+00:00,"{""category_id"": 3, ""quantity"": 3}"
011c6ed4-405d-4cce-886e-4dffd3c2f84b,checkout_started,13,sim-u13-s1,,checkout,synthetic,4,2026-04-07T13:29:27.303639+00:00,{}
05ca1ab4-6ea7-4443-9b46-5e0eb547f8fc,order_created,13,sim-u13-s1,11,,synthetic,5,2026-04-07T13:32:10.303639+00:00,"{""category_id"": 3}"
75593c37-2836-46ed-9887-69c2c45b04b1,order_paid,13,sim-u13-s1,11,,synthetic,6,2026-04-07T13:34:00.303639+00:00,"{""category_id"": 3}"
55324a80-42ba-410d-8445-51badb466b23,order_completed,13,sim-u13-s1,11,,synthetic,6,2026-04-07T13:34:38.303639+00:00,"{""category_id"": 3}"
a38f6150-4dd9-442b-a2cf-251d189aee2e,chat_message_sent,13,sim-u13-s1,11,Tu van cho toi mot san pham phu hop nhu cau,synthetic,2,2026-04-07T13:36:49.303639+00:00,"{""category_id"": 3, ""intent"": ""advice""}"
531cd1bd-e5fc-441f-ae1c-2047a64d12ca,chat_started,75,sim-u75-s3,,start session,synthetic,1,2026-04-07T15:14:28.303639+00:00,"{""channel"": ""web""}"
06fd4a35-254d-4f2d-a002-a8eb38b7dcc9,search_performed,75,sim-u75-s3,,ergonomic desk,synthetic,1,2026-04-07T15:17:20.303639+00:00,"{""search_query"": ""ergonomic desk""}"
be15cfed-9de8-42d1-8d20-85428fd4994d,product_clicked,75,sim-u75-s3,29,,synthetic,2,2026-04-07T15:20:10.303639+00:00,"{""category_id"": 12}"
13d229ef-3c23-434d-a3e4-a157562f5f20,product_viewed,75,sim-u75-s3,29,,synthetic,1,2026-04-07T15:21:30.303639+00:00,"{""category_id"": 12}"
11d5b377-8cd2-40ed-9422-4454c3da9453,cart_viewed,75,sim-u75-s3,,open cart,synthetic,1,2026-04-07T15:23:59.303639+00:00,{}
62f55af3-b5a0-43df-9edd-d5fc5ea61f39,cart_item_added,75,sim-u75-s3,29,,synthetic,4,2026-04-07T15:25:57.303639+00:00,"{""category_id"": 12}"
09572ab0-dd81-4509-b39e-794e4dc7836f,checkout_started,75,sim-u75-s3,,checkout,synthetic,4,2026-04-07T15:27:38.303639+00:00,{}
8fac1117-753a-4e0a-9cf5-41b8c429258e,order_created,75,sim-u75-s3,29,,synthetic,5,2026-04-07T15:29:56.303639+00:00,"{""category_id"": 12}"
87b72f03-a893-4caf-9f12-e088af211b18,order_paid,75,sim-u75-s3,29,,synthetic,6,2026-04-07T15:30:32.303639+00:00,"{""category_id"": 12}"
8fa1563e-22b4-48dc-a2bb-0ae6678319e9,order_completed,75,sim-u75-s3,29,,synthetic,6,2026-04-07T15:32:55.303639+00:00,"{""category_id"": 12}"
787eaa6f-1233-4fbe-a7d0-4142288af514,chat_message_sent,75,sim-u75-s3,29,San pham nay co uu diem gi,synthetic,2,2026-04-07T15:33:19.303639+00:00,"{""category_id"": 12, ""intent"": ""advice""}"
1bc21699-f2ef-41da-9141-62f903f277ac,chat_started,22,sim-u22-s1,,start session,synthetic,1,2026-04-07T15:49:25.303639+00:00,"{""channel"": ""web""}"
8f2bd9b4-86fe-44bf-bc42-9d6425393ae7,search_performed,22,sim-u22-s1,,usb c hub,synthetic,1,2026-04-07T15:51:06.303639+00:00,"{""search_query"": ""usb c hub""}"
74a77a19-81ca-495d-93a9-034752c2cdff,product_clicked,22,sim-u22-s1,32,,synthetic,2,2026-04-07T15:52:18.303639+00:00,"{""category_id"": 14}"
2df414be-fedd-4bcb-98a1-87db4bb691db,product_viewed,22,sim-u22-s1,32,,synthetic,1,2026-04-07T15:54:12.303639+00:00,"{""category_id"": 14}"
1a41f308-6dde-4c42-91d5-8aa5f619182b,cart_viewed,22,sim-u22-s1,,open cart,synthetic,1,2026-04-07T15:54:43.303639+00:00,{}
11c46fb3-4574-4af4-8b9b-01a8126e5daf,cart_item_added,22,sim-u22-s1,32,,synthetic,4,2026-04-07T15:57:27.303639+00:00,"{""category_id"": 14}"
5da609d9-0666-47b6-9943-695dd3f6b281,checkout_started,22,sim-u22-s1,,checkout,synthetic,4,2026-04-07T15:57:51.303639+00:00,{}
51d2e423-884d-4446-8eed-c86ae28cf16d,order_created,22,sim-u22-s1,32,,synthetic,5,2026-04-07T15:59:17.303639+00:00,"{""category_id"": 14}"
3672c761-cbe9-400f-b5dd-1bd0795e1cf0,order_paid,22,sim-u22-s1,32,,synthetic,6,2026-04-07T16:02:06.303639+00:00,"{""category_id"": 14}"
b7b14224-63d5-46d9-a599-00c0ddf2e857,order_completed,22,sim-u22-s1,32,,synthetic,6,2026-04-07T16:04:54.303639+00:00,"{""category_id"": 14}"
0ef1ac6b-ae6a-44c5-9801-ae67dc9daf05,chat_message_sent,22,sim-u22-s1,32,Nen chon mau nao cho cong viec van phong,synthetic,2,2026-04-07T16:05:53.303639+00:00,"{""category_id"": 14, ""intent"": ""advice""}"
b4ed7615-2c42-4850-b716-38c36c1f8f2d,search_performed,22,sim-u22-s1,,noise cancelling headset,synthetic,1,2026-04-07T16:07:11.303639+00:00,"{""search_query"": ""noise cancelling headset""}"
1f02e8f3-4b41-4f82-96d0-94505cb832e8,product_clicked,22,sim-u22-s1,29,,synthetic,2,2026-04-07T16:09:08.303639+00:00,"{""category_id"": 12}"
116ce551-578d-44a0-8f71-d2cef8a6e79e,product_viewed,22,sim-u22-s1,29,,synthetic,1,2026-04-07T16:11:53.303639+00:00,"{""category_id"": 12}"
d94d533e-449e-4cdc-b428-b49569b106b8,chat_message_sent,22,sim-u22-s1,29,Nen chon mau nao cho cong viec van phong,synthetic,2,2026-04-07T16:13:18.303639+00:00,"{""category_id"": 12, ""intent"": ""advice""}"
b752cc06-e935-4edf-a826-1ecefe246806,chat_started,94,sim-u94-s1,,start session,synthetic,1,2026-04-07T21:07:54.303639+00:00,"{""channel"": ""web""}"
c9a6a990-020e-4f6e-af28-f7d403ec6bfe,search_performed,94,sim-u94-s1,,ergonomic desk,synthetic,1,2026-04-07T21:10:05.303639+00:00,"{""search_query"": ""ergonomic desk""}"
d0d1ef14-d96f-4d99-bc16-14fe2a5f4801,product_clicked,94,sim-u94-s1,21,,synthetic,2,2026-04-07T21:11:59.303639+00:00,"{""category_id"": 8}"
6deb2acc-21a3-4bad-b705-adc207f058d8,product_viewed,94,sim-u94-s1,21,,synthetic,1,2026-04-07T21:12:56.303639+00:00,"{""category_id"": 8}"
800d32a6-d8fb-4b04-adeb-75809760c98c,chat_message_sent,94,sim-u94-s1,21,San pham nay co uu diem gi,synthetic,2,2026-04-07T21:15:13.303639+00:00,"{""category_id"": 8, ""intent"": ""advice""}"
0cf06f92-d743-40ba-989a-05a5307f4fbf,chat_started,31,sim-u31-s1,,start session,synthetic,1,2026-04-07T21:57:10.303639+00:00,"{""channel"": ""web""}"
8b3c17c5-5ff5-4967-ba7b-3a095a395cce,search_performed,31,sim-u31-s1,,wireless mouse,synthetic,1,2026-04-07T21:58:41.303639+00:00,"{""search_query"": ""wireless mouse""}"
29e8e034-bbca-45d0-beff-b10c6a7170a5,product_clicked,31,sim-u31-s1,28,,synthetic,2,2026-04-07T21:59:15.303639+00:00,"{""category_id"": 12}"
2bd9ecbb-e7cc-48f1-9a44-6eea739a146c,product_viewed,31,sim-u31-s1,28,,synthetic,1,2026-04-07T22:01:35.303639+00:00,"{""category_id"": 12}"
30a6ac8a-b6c1-4c5e-aae9-1b26b8fa9d6c,cart_viewed,31,sim-u31-s1,,open cart,synthetic,1,2026-04-07T22:04:24.303639+00:00,{}
9af8222e-766d-442e-8be9-cc5ea8f3fa4d,cart_item_added,31,sim-u31-s1,28,,synthetic,4,2026-04-07T22:05:43.303639+00:00,"{""category_id"": 12}"
b17fc67c-e084-4a8f-8d8b-2c09bb3b99b3,cart_item_removed,31,sim-u31-s1,28,,synthetic,1,2026-04-07T22:07:04.303639+00:00,"{""category_id"": 12}"
ff2f9b4c-62ec-4c07-a054-d4c9486af684,checkout_started,31,sim-u31-s1,,checkout,synthetic,4,2026-04-07T22:08:32.303639+00:00,{}
f72c8a92-e3c5-417f-a6ea-ecd2590a516f,order_created,31,sim-u31-s1,28,,synthetic,5,2026-04-07T22:11:08.303639+00:00,"{""category_id"": 12}"
618fd92e-f104-4491-a04f-4c3457faa067,order_paid,31,sim-u31-s1,28,,synthetic,6,2026-04-07T22:11:42.303639+00:00,"{""category_id"": 12}"
7654cc6b-1882-4a89-beac-3cf30318f50b,order_completed,31,sim-u31-s1,28,,synthetic,6,2026-04-07T22:12:58.303639+00:00,"{""category_id"": 12}"
ac0ab7d1-6ced-4241-85b3-95333430dfe8,chat_message_sent,31,sim-u31-s1,28,Co goi y san pham thay the khong,synthetic,2,2026-04-07T22:14:48.303639+00:00,"{""category_id"": 12, ""intent"": ""advice""}"
e509ef3b-852f-4c23-8982-f363f9760f72,search_performed,31,sim-u31-s1,,office chair,synthetic,1,2026-04-07T22:15:53.303639+00:00,"{""search_query"": ""office chair""}"
ca3c551f-1d17-4046-80e3-572f04a67fc9,product_clicked,31,sim-u31-s1,6,,synthetic,2,2026-04-07T22:17:13.303639+00:00,"{""category_id"": 1}"
d6041c73-47c4-4c53-93d0-d5098f62ff3f,product_viewed,31,sim-u31-s1,6,,synthetic,1,2026-04-07T22:20:04.303639+00:00,"{""category_id"": 1}"
f44e241b-d18f-4279-aea0-15654ab80f21,cart_viewed,31,sim-u31-s1,,open cart,synthetic,1,2026-04-07T22:21:55.303639+00:00,{}
9766c5d6-e13b-46b2-9b65-51e7b70ed69e,cart_item_added,31,sim-u31-s1,6,,synthetic,4,2026-04-07T22:24:46.303639+00:00,"{""category_id"": 1}"
2ce3f68e-bbc3-4f2a-a840-bf0b9e92d5b1,cart_item_quantity_updated,31,sim-u31-s1,6,,synthetic,3,2026-04-07T22:26:36.303639+00:00,"{""category_id"": 1, ""quantity"": 4}"
4becb8b3-48ae-4c7e-9344-6eb7cf266f64,checkout_started,31,sim-u31-s1,,checkout,synthetic,4,2026-04-07T22:29:20.303639+00:00,{}
f91db422-52ac-4e12-adfc-2f987728e9a8,order_created,31,sim-u31-s1,6,,synthetic,5,2026-04-07T22:30:16.303639+00:00,"{""category_id"": 1}"
8c49cfc4-55cb-4680-a98f-cac1c051fa8d,order_paid,31,sim-u31-s1,6,,synthetic,6,2026-04-07T22:31:24.303639+00:00,"{""category_id"": 1}"
8f76cd81-8607-4c3c-a975-792c89727ce2,order_completed,31,sim-u31-s1,6,,synthetic,6,2026-04-07T22:33:50.303639+00:00,"{""category_id"": 1}"
495936a8-e987-4614-a038-2e6d0efa1f7f,chat_message_sent,31,sim-u31-s1,6,San pham nay co uu diem gi,synthetic,2,2026-04-07T22:36:15.303639+00:00,"{""category_id"": 1, ""intent"": ""advice""}"
bcd226c8-cbcf-45db-8b92-536821ff7adf,search_performed,31,sim-u31-s1,,gaming keyboard,synthetic,1,2026-04-07T22:36:49.303639+00:00,"{""search_query"": ""gaming keyboard""}"
7b978bb3-2c3b-4b8f-9701-a843ddef16f7,product_clicked,31,sim-u31-s1,34,,synthetic,2,2026-04-07T22:38:08.303639+00:00,"{""category_id"": 15}"
1d0a7998-00a3-426f-8ee5-9b03a3777af8,product_viewed,31,sim-u31-s1,34,,synthetic,1,2026-04-07T22:41:02.303639+00:00,"{""category_id"": 15}"
69c32eab-1117-4c3f-8577-8050f62f988e,cart_viewed,31,sim-u31-s1,,open cart,synthetic,1,2026-04-07T22:43:36.303639+00:00,{}
31e0c7c0-0702-443a-873d-5bb33382beaa,cart_item_added,31,sim-u31-s1,34,,synthetic,4,2026-04-07T22:45:58.303639+00:00,"{""category_id"": 15}"
c9d6bc3b-3d2c-44bf-bc5d-bca6f710a77f,cart_item_quantity_updated,31,sim-u31-s1,34,,synthetic,3,2026-04-07T22:47:09.303639+00:00,"{""category_id"": 15, ""quantity"": 4}"
469d36c4-228f-4342-a736-6aa52c4a69f5,checkout_started,31,sim-u31-s1,,checkout,synthetic,4,2026-04-07T22:48:56.303639+00:00,{}
04417085-4e2e-4c19-8183-d32c93f49642,order_created,31,sim-u31-s1,34,,synthetic,5,2026-04-07T22:50:01.303639+00:00,"{""category_id"": 15}"
af84f96d-60a6-4fb7-b4c9-19e083a87ff1,order_cancelled,31,sim-u31-s1,34,,synthetic,-2,2026-04-07T22:51:43.303639+00:00,"{""category_id"": 15}"
37de0963-0085-4f00-91b5-a9e0fe8c367c,chat_message_sent,31,sim-u31-s1,34,San pham nay co uu diem gi,synthetic,2,2026-04-07T22:54:33.303639+00:00,"{""category_id"": 15, ""intent"": ""advice""}"
f8116bc4-7a96-40f8-bd50-333c2ae32174,chat_started,77,sim-u77-s1,,start session,synthetic,1,2026-04-08T05:28:57.303639+00:00,"{""channel"": ""web""}"
a9eb8447-7b58-4c2b-9e7f-8c11ab8e5066,search_performed,77,sim-u77-s1,,webcam full hd,synthetic,1,2026-04-08T05:30:41.303639+00:00,"{""search_query"": ""webcam full hd""}"
5578b825-e331-41c3-a06b-e65d277c2efa,product_clicked,77,sim-u77-s1,21,,synthetic,2,2026-04-08T05:31:05.303639+00:00,"{""category_id"": 8}"
ea438d13-b311-4d90-bb4a-2a0c8403e72e,product_viewed,77,sim-u77-s1,21,,synthetic,1,2026-04-08T05:31:59.303639+00:00,"{""category_id"": 8}"
982484c1-755b-45d3-89fa-f7d825fa5af4,cart_viewed,77,sim-u77-s1,,open cart,synthetic,1,2026-04-08T05:32:19.303639+00:00,{}
1e1f1563-9315-449f-85c4-caf57be241f6,cart_item_added,77,sim-u77-s1,21,,synthetic,4,2026-04-08T05:35:14.303639+00:00,"{""category_id"": 8}"
aa9183b8-0fa8-4aa2-b9a5-33eb463402d5,cart_item_quantity_updated,77,sim-u77-s1,21,,synthetic,3,2026-04-08T05:36:18.303639+00:00,"{""category_id"": 8, ""quantity"": 2}"
af36a86d-2154-47f8-9ab7-6e94531c0b00,checkout_started,77,sim-u77-s1,,checkout,synthetic,4,2026-04-08T05:38:43.303639+00:00,{}
452a02fa-dd33-438b-bbe5-d7bdc29641f6,order_created,77,sim-u77-s1,21,,synthetic,5,2026-04-08T05:40:43.303639+00:00,"{""category_id"": 8}"
71bd3f45-03d0-4b4d-aa0c-6b47cf41a54a,order_paid,77,sim-u77-s1,21,,synthetic,6,2026-04-08T05:41:22.303639+00:00,"{""category_id"": 8}"
957c5e54-2018-4fe9-98c7-9919813306f1,order_completed,77,sim-u77-s1,21,,synthetic,6,2026-04-08T05:43:59.303639+00:00,"{""category_id"": 8}"
d0dc7eb7-fc49-490d-abf5-e77fe5a49e71,chat_message_sent,77,sim-u77-s1,21,Co goi y san pham thay the khong,synthetic,2,2026-04-08T05:44:50.303639+00:00,"{""category_id"": 8, ""intent"": ""advice""}"
a6026afd-8d2b-4d44-9267-d4bbaa9c35fb,chat_started,64,sim-u64-s2,,start session,synthetic,1,2026-04-08T06:37:49.303639+00:00,"{""channel"": ""web""}"
33a41714-71f7-4fff-9a1e-9753286f2df7,search_performed,64,sim-u64-s2,,wireless mouse,synthetic,1,2026-04-08T06:38:26.303639+00:00,"{""search_query"": ""wireless mouse""}"
edb1fba7-c535-46bf-b870-c670933e40af,product_clicked,64,sim-u64-s2,12,,synthetic,2,2026-04-08T06:40:53.303639+00:00,"{""category_id"": 4}"
100cd971-696f-4603-9b18-3d67adff2103,product_viewed,64,sim-u64-s2,12,,synthetic,1,2026-04-08T06:41:19.303639+00:00,"{""category_id"": 4}"
b9c4b053-0330-4ac1-a3f4-7467e5abd410,chat_message_sent,64,sim-u64-s2,12,Nen chon mau nao cho cong viec van phong,synthetic,2,2026-04-08T06:42:18.303639+00:00,"{""category_id"": 4, ""intent"": ""advice""}"
72ef40e9-4ef1-4187-8b6d-18b25dfa1036,chat_started,91,sim-u91-s1,,start session,synthetic,1,2026-04-08T09:39:26.303639+00:00,"{""channel"": ""web""}"
74581a0d-103b-471f-87be-e60f0ffcec31,search_performed,91,sim-u91-s1,,usb c hub,synthetic,1,2026-04-08T09:41:01.303639+00:00,"{""search_query"": ""usb c hub""}"
af368362-d13a-48b0-be28-ede4e79b0435,product_clicked,91,sim-u91-s1,26,,synthetic,2,2026-04-08T09:42:28.303639+00:00,"{""category_id"": 11}"
a6ae5cc6-189d-4f4a-8f0e-466a2dffcc9d,product_viewed,91,sim-u91-s1,26,,synthetic,1,2026-04-08T09:43:42.303639+00:00,"{""category_id"": 11}"
8792efa3-e01b-4ed7-831b-2c4c8e21abdb,cart_viewed,91,sim-u91-s1,,open cart,synthetic,1,2026-04-08T09:46:27.303639+00:00,{}
ccf8203e-ba60-4533-8785-b8ac5f890277,cart_item_added,91,sim-u91-s1,26,,synthetic,4,2026-04-08T09:48:27.303639+00:00,"{""category_id"": 11}"
3743e726-feb7-4fef-9c3f-d32ef1430f12,cart_item_quantity_updated,91,sim-u91-s1,26,,synthetic,3,2026-04-08T09:50:58.303639+00:00,"{""category_id"": 11, ""quantity"": 3}"
78c2e16c-ae63-43d6-8194-cada410ac10e,checkout_started,91,sim-u91-s1,,checkout,synthetic,4,2026-04-08T09:51:27.303639+00:00,{}
9f625755-f3c0-4070-88cc-64186b6ecfc1,order_created,91,sim-u91-s1,26,,synthetic,5,2026-04-08T09:53:45.303639+00:00,"{""category_id"": 11}"
68385309-80c0-4c99-89f4-a9f83c2ad025,order_cancelled,91,sim-u91-s1,26,,synthetic,-2,2026-04-08T09:56:09.303639+00:00,"{""category_id"": 11}"
7f828029-f0a6-4a94-8405-8c92b4c41f31,chat_message_sent,91,sim-u91-s1,26,Tu van cho toi mot san pham phu hop nhu cau,synthetic,2,2026-04-08T09:59:06.303639+00:00,"{""category_id"": 11, ""intent"": ""advice""}"
780c17d5-86fc-4b73-893e-979f773e3a4e,search_performed,91,sim-u91-s1,,noise cancelling headset,synthetic,1,2026-04-08T10:00:42.303639+00:00,"{""search_query"": ""noise cancelling headset""}"
4bef888d-d96b-444e-b0e5-c4e1ea7e0b7d,product_clicked,91,sim-u91-s1,21,,synthetic,2,2026-04-08T10:02:32.303639+00:00,"{""category_id"": 8}"
29fe64eb-bf6d-4395-989e-634d9783e3eb,product_viewed,91,sim-u91-s1,21,,synthetic,1,2026-04-08T10:03:19.303639+00:00,"{""category_id"": 8}"
441875d9-df09-4682-913f-bd1b9a51b363,cart_viewed,91,sim-u91-s1,,open cart,synthetic,1,2026-04-08T10:04:26.303639+00:00,{}
d3d5a4a5-1b0e-44de-8243-5506af7d01d6,cart_item_added,91,sim-u91-s1,21,,synthetic,4,2026-04-08T10:06:28.303639+00:00,"{""category_id"": 8}"
37e3d976-4aa7-4984-a045-3ebf47a68dae,cart_item_quantity_updated,91,sim-u91-s1,21,,synthetic,3,2026-04-08T10:08:38.303639+00:00,"{""category_id"": 8, ""quantity"": 2}"
41069771-012b-46fd-ac94-88887b3c2c3e,checkout_started,91,sim-u91-s1,,checkout,synthetic,4,2026-04-08T10:09:19.303639+00:00,{}
41d42716-2594-4faa-8a0c-6aec1ab0d32a,order_created,91,sim-u91-s1,21,,synthetic,5,2026-04-08T10:11:54.303639+00:00,"{""category_id"": 8}"
6d5f7a3f-5293-40fa-9414-bf6f9eb01cc7,order_paid,91,sim-u91-s1,21,,synthetic,6,2026-04-08T10:12:53.303639+00:00,"{""category_id"": 8}"
f100f34d-3305-4669-8acb-7737c96c99b1,order_completed,91,sim-u91-s1,21,,synthetic,6,2026-04-08T10:14:58.303639+00:00,"{""category_id"": 8}"
38cd09ba-7a0a-4a72-b862-f8a1e063e856,chat_message_sent,91,sim-u91-s1,21,Co goi y san pham thay the khong,synthetic,2,2026-04-08T10:15:19.303639+00:00,"{""category_id"": 8, ""intent"": ""advice""}"
10f87975-d9f4-4b79-b73d-950115398433,chat_started,25,sim-u25-s1,,start session,synthetic,1,2026-04-08T10:40:15.303639+00:00,"{""channel"": ""web""}"
ff7892a9-6fd0-4a34-97a4-bfdd611c2f58,search_performed,25,sim-u25-s1,,webcam full hd,synthetic,1,2026-04-08T10:41:31.303639+00:00,"{""search_query"": ""webcam full hd""}"
306ea026-c994-4ee2-878f-586303bc6c63,product_clicked,25,sim-u25-s1,17,,synthetic,2,2026-04-08T10:43:45.303639+00:00,"{""category_id"": 6}"
8760ea7e-0ef8-4ee3-87c2-fffc361440f2,product_viewed,25,sim-u25-s1,17,,synthetic,1,2026-04-08T10:45:40.303639+00:00,"{""category_id"": 6}"
e32f56d6-58d4-49f3-b595-efb1f6ff3929,cart_viewed,25,sim-u25-s1,,open cart,synthetic,1,2026-04-08T10:48:30.303639+00:00,{}
63e59bc1-3b2b-4831-8c5d-fc94ab7e6532,cart_item_added,25,sim-u25-s1,17,,synthetic,4,2026-04-08T10:50:58.303639+00:00,"{""category_id"": 6}"
033c294a-aec9-4fbc-b8ce-76c58497973c,cart_item_quantity_updated,25,sim-u25-s1,17,,synthetic,3,2026-04-08T10:53:21.303639+00:00,"{""category_id"": 6, ""quantity"": 2}"
c73115bb-1bec-4e2b-9627-77926587bba2,cart_item_removed,25,sim-u25-s1,17,,synthetic,1,2026-04-08T10:55:27.303639+00:00,"{""category_id"": 6}"
ff517668-9807-475b-bc93-1db5a12eacb8,checkout_started,25,sim-u25-s1,,checkout,synthetic,4,2026-04-08T10:56:08.303639+00:00,{}
a0b0fc8e-fda5-4ed1-b933-78ca82807ba1,order_created,25,sim-u25-s1,17,,synthetic,5,2026-04-08T10:56:57.303639+00:00,"{""category_id"": 6}"
2e398baf-a4a6-4f21-9ed2-795dc6a6a633,order_paid,25,sim-u25-s1,17,,synthetic,6,2026-04-08T10:57:53.303639+00:00,"{""category_id"": 6}"
d62c5155-47c7-4c51-a3da-9b29ed4fd088,order_completed,25,sim-u25-s1,17,,synthetic,6,2026-04-08T10:59:42.303639+00:00,"{""category_id"": 6}"
4fb6239f-5957-42f9-bdae-7caf7e709647,chat_message_sent,25,sim-u25-s1,17,Co goi y san pham thay the khong,synthetic,2,2026-04-08T11:00:54.303639+00:00,"{""category_id"": 6, ""intent"": ""advice""}"
6717f83c-0e62-4bfa-b1e0-8adc4f3f2dff,search_performed,25,sim-u25-s1,,usb c hub,synthetic,1,2026-04-08T11:02:43.303639+00:00,"{""search_query"": ""usb c hub""}"
622517c4-7347-4924-a88d-81d93871da2e,product_clicked,25,sim-u25-s1,19,,synthetic,2,2026-04-08T11:05:04.303639+00:00,"{""category_id"": 7}"
e05ddf90-5336-493d-9002-7ca8203c25b9,product_viewed,25,sim-u25-s1,19,,synthetic,1,2026-04-08T11:05:48.303639+00:00,"{""category_id"": 7}"
b97b242b-c102-47e1-aa98-e88c3e21438f,cart_viewed,25,sim-u25-s1,,open cart,synthetic,1,2026-04-08T11:08:03.303639+00:00,{}
e374eb02-8d30-4d7d-b9aa-477d70e2b6bb,cart_item_added,25,sim-u25-s1,19,,synthetic,4,2026-04-08T11:09:44.303639+00:00,"{""category_id"": 7}"
bfdf8b35-de14-4c6e-9207-ecfa7ad0bde3,cart_item_quantity_updated,25,sim-u25-s1,19,,synthetic,3,2026-04-08T11:10:33.303639+00:00,"{""category_id"": 7, ""quantity"": 2}"
2f02d2c8-c4a7-4ec4-8aa6-8a90c736666b,cart_item_removed,25,sim-u25-s1,19,,synthetic,1,2026-04-08T11:12:20.303639+00:00,"{""category_id"": 7}"
a86546ab-ba66-4fab-9b33-f241a487bfe2,checkout_started,25,sim-u25-s1,,checkout,synthetic,4,2026-04-08T11:13:07.303639+00:00,{}
3198f3ff-c82e-4b94-9e8e-9c808532b5f3,order_created,25,sim-u25-s1,19,,synthetic,5,2026-04-08T11:14:09.303639+00:00,"{""category_id"": 7}"
88aa1a8c-bb09-416a-97c0-7a1ee4e75ba6,order_cancelled,25,sim-u25-s1,19,,synthetic,-2,2026-04-08T11:15:31.303639+00:00,"{""category_id"": 7}"
58a970a8-8c32-4293-bc96-037bead89747,chat_message_sent,25,sim-u25-s1,19,San pham nay co uu diem gi,synthetic,2,2026-04-08T11:17:15.303639+00:00,"{""category_id"": 7, ""intent"": ""advice""}"
3e7f7151-cd49-45bc-9dbb-ecc90011207c,search_performed,25,sim-u25-s1,,mechanical keyboard,synthetic,1,2026-04-08T11:19:33.303639+00:00,"{""search_query"": ""mechanical keyboard""}"
83344950-247d-44fc-95fe-e672c006b2d2,product_clicked,25,sim-u25-s1,18,,synthetic,2,2026-04-08T11:20:52.303639+00:00,"{""category_id"": 7}"
986a6f3d-4164-4a54-9d83-064a1f22eded,product_viewed,25,sim-u25-s1,18,,synthetic,1,2026-04-08T11:22:55.303639+00:00,"{""category_id"": 7}"
992c16aa-961b-4423-a16d-6facb91e7b85,cart_viewed,25,sim-u25-s1,,open cart,synthetic,1,2026-04-08T11:24:02.303639+00:00,{}
6d11ad1a-e611-40ea-b66f-f92ea10d9a8f,cart_item_added,25,sim-u25-s1,18,,synthetic,4,2026-04-08T11:26:12.303639+00:00,"{""category_id"": 7}"
e296af78-1076-45bb-b630-c31d0d585c59,cart_item_quantity_updated,25,sim-u25-s1,18,,synthetic,3,2026-04-08T11:29:09.303639+00:00,"{""category_id"": 7, ""quantity"": 4}"
575c23ea-d377-4c98-8285-18779c992f20,checkout_started,25,sim-u25-s1,,checkout,synthetic,4,2026-04-08T11:31:24.303639+00:00,{}
904307eb-87d3-43c5-8aa4-f36968439df2,order_created,25,sim-u25-s1,18,,synthetic,5,2026-04-08T11:34:15.303639+00:00,"{""category_id"": 7}"
27ce2379-647a-4774-9ca1-0630e90f52e3,order_paid,25,sim-u25-s1,18,,synthetic,6,2026-04-08T11:34:36.303639+00:00,"{""category_id"": 7}"
9c046a79-8330-413d-a160-b195a8d7ca2f,order_completed,25,sim-u25-s1,18,,synthetic,6,2026-04-08T11:35:50.303639+00:00,"{""category_id"": 7}"
4fe1de70-88ef-4552-8e89-dd7800362f87,chat_message_sent,25,sim-u25-s1,18,Tu van cho toi mot san pham phu hop nhu cau,synthetic,2,2026-04-08T11:38:37.303639+00:00,"{""category_id"": 7, ""intent"": ""advice""}"
f90980d9-5f68-4772-ade6-03d55721aa44,chat_started,81,sim-u81-s2,,start session,synthetic,1,2026-04-08T13:47:06.303639+00:00,"{""channel"": ""web""}"
6f46046f-90f4-4af0-a086-b993ef2a54d6,search_performed,81,sim-u81-s2,,monitor 27 inch,synthetic,1,2026-04-08T13:48:49.303639+00:00,"{""search_query"": ""monitor 27 inch""}"
a07a6c62-4298-4bbc-9396-1e448c5009b2,product_clicked,81,sim-u81-s2,18,,synthetic,2,2026-04-08T13:51:39.303639+00:00,"{""category_id"": 7}"
80c15653-3eca-43f4-aaee-e2d04241664b,product_viewed,81,sim-u81-s2,18,,synthetic,1,2026-04-08T13:52:04.303639+00:00,"{""category_id"": 7}"
463c43b2-811c-4a6b-a6de-e2607e3cd358,cart_viewed,81,sim-u81-s2,,open cart,synthetic,1,2026-04-08T13:52:32.303639+00:00,{}
ed9e7b0e-74ea-4e4c-93bc-d9dd07db0bc9,cart_item_added,81,sim-u81-s2,18,,synthetic,4,2026-04-08T13:53:27.303639+00:00,"{""category_id"": 7}"
aa40bd92-d210-4075-bfdf-1ed9912770d8,cart_item_quantity_updated,81,sim-u81-s2,18,,synthetic,3,2026-04-08T13:56:12.303639+00:00,"{""category_id"": 7, ""quantity"": 3}"
fad9455a-5bd6-43ae-a551-d3bf7e0ccb3a,checkout_started,81,sim-u81-s2,,checkout,synthetic,4,2026-04-08T13:59:06.303639+00:00,{}
e7e6c093-8f70-4d29-b4ac-8a285150e22c,order_created,81,sim-u81-s2,18,,synthetic,5,2026-04-08T14:02:01.303639+00:00,"{""category_id"": 7}"
efbd7fe8-875f-4acf-9b36-5207bbfb5470,order_paid,81,sim-u81-s2,18,,synthetic,6,2026-04-08T14:04:01.303639+00:00,"{""category_id"": 7}"
d9b74c9a-a15c-4db3-92fb-9ca4bce44087,order_completed,81,sim-u81-s2,18,,synthetic,6,2026-04-08T14:05:58.303639+00:00,"{""category_id"": 7}"
568fe0de-f616-4a66-af20-4a0edfc8a0ba,chat_message_sent,81,sim-u81-s2,18,Co goi y san pham thay the khong,synthetic,2,2026-04-08T14:06:34.303639+00:00,"{""category_id"": 7, ""intent"": ""advice""}"
b34e62bd-515c-47a5-8c03-03509525cd02,search_performed,81,sim-u81-s2,,mechanical keyboard,synthetic,1,2026-04-08T14:07:42.303639+00:00,"{""search_query"": ""mechanical keyboard""}"
a554799f-80a6-4201-b11d-497b1cef47d2,product_clicked,81,sim-u81-s2,18,,synthetic,2,2026-04-08T14:10:03.303639+00:00,"{""category_id"": 7}"
ffb39880-a623-4fc9-b99d-b6495a98191a,product_viewed,81,sim-u81-s2,18,,synthetic,1,2026-04-08T14:10:50.303639+00:00,"{""category_id"": 7}"
9244592c-00b5-447c-9b0b-a99a8d0d8e98,cart_viewed,81,sim-u81-s2,,open cart,synthetic,1,2026-04-08T14:13:05.303639+00:00,{}
e1404c4c-30cf-45ff-8b6d-c19b6e5af6fd,cart_item_added,81,sim-u81-s2,18,,synthetic,4,2026-04-08T14:14:42.303639+00:00,"{""category_id"": 7}"
f32c85d2-0660-44d9-88d6-a1cc3873b51e,cart_item_quantity_updated,81,sim-u81-s2,18,,synthetic,3,2026-04-08T14:17:23.303639+00:00,"{""category_id"": 7, ""quantity"": 2}"
73a09680-38d6-4ac7-bbb3-ce821ccf5660,cart_item_removed,81,sim-u81-s2,18,,synthetic,1,2026-04-08T14:20:17.303639+00:00,"{""category_id"": 7}"
1818cfed-467b-46b3-9181-5509c86a5efa,checkout_started,81,sim-u81-s2,,checkout,synthetic,4,2026-04-08T14:22:42.303639+00:00,{}
0300d5de-13ce-4c87-a995-4b5520b3d079,order_created,81,sim-u81-s2,18,,synthetic,5,2026-04-08T14:23:08.303639+00:00,"{""category_id"": 7}"
215bc680-b571-4127-b1dc-f0c19e7a1d64,order_paid,81,sim-u81-s2,18,,synthetic,6,2026-04-08T14:23:45.303639+00:00,"{""category_id"": 7}"
26ad1a8d-c482-442c-93d5-c63037533da4,order_completed,81,sim-u81-s2,18,,synthetic,6,2026-04-08T14:25:43.303639+00:00,"{""category_id"": 7}"
28f4d763-3f1c-4aba-b986-c1affa900e88,chat_message_sent,81,sim-u81-s2,18,San pham nay co uu diem gi,synthetic,2,2026-04-08T14:27:17.303639+00:00,"{""category_id"": 7, ""intent"": ""advice""}"
6372c225-f8e6-4c9f-9aa7-d3fc257d7ae5,search_performed,81,sim-u81-s2,,laptop stand,synthetic,1,2026-04-08T14:27:54.303639+00:00,"{""search_query"": ""laptop stand""}"
dc4017d8-ba3d-4be4-ad21-50bca1464d83,product_clicked,81,sim-u81-s2,14,,synthetic,2,2026-04-08T14:30:10.303639+00:00,"{""category_id"": 5}"
02271fa0-c936-46de-9b48-76d066c0420a,product_viewed,81,sim-u81-s2,14,,synthetic,1,2026-04-08T14:30:44.303639+00:00,"{""category_id"": 5}"
5c9d5227-70e1-411d-8a3e-43b12115e143,cart_viewed,81,sim-u81-s2,,open cart,synthetic,1,2026-04-08T14:31:06.303639+00:00,{}
c3270081-9076-403e-a99c-c7db085f9b4e,cart_item_added,81,sim-u81-s2,14,,synthetic,4,2026-04-08T14:32:09.303639+00:00,"{""category_id"": 5}"
58eda015-ea29-481c-a268-5043eaaeadf6,cart_item_quantity_updated,81,sim-u81-s2,14,,synthetic,3,2026-04-08T14:34:09.303639+00:00,"{""category_id"": 5, ""quantity"": 3}"
081e1cce-6234-4b41-a339-6324ec16fa00,cart_item_removed,81,sim-u81-s2,14,,synthetic,1,2026-04-08T14:34:57.303639+00:00,"{""category_id"": 5}"
ababb88f-1523-4399-bbbe-eb41ea916f35,checkout_started,81,sim-u81-s2,,checkout,synthetic,4,2026-04-08T14:35:50.303639+00:00,{}
a7837cae-2a32-4c3f-83f6-3b359e3bded5,order_created,81,sim-u81-s2,14,,synthetic,5,2026-04-08T14:38:27.303639+00:00,"{""category_id"": 5}"
0dc56176-44db-4587-b996-833b20c750e0,order_paid,81,sim-u81-s2,14,,synthetic,6,2026-04-08T14:39:04.303639+00:00,"{""category_id"": 5}"
d16d3b36-a59d-4dd5-9387-876f35885d54,order_completed,81,sim-u81-s2,14,,synthetic,6,2026-04-08T14:41:03.303639+00:00,"{""category_id"": 5}"
73ace339-6a3b-4ddf-b846-8b7a930c80ed,chat_started,23,sim-u23-s3,,start session,synthetic,1,2026-04-08T15:56:51.303639+00:00,"{""channel"": ""web""}"
79d1872e-23e2-4f25-b605-813abc8fe93e,search_performed,23,sim-u23-s3,,webcam full hd,synthetic,1,2026-04-08T15:58:48.303639+00:00,"{""search_query"": ""webcam full hd""}"
ffccbb7b-09f2-454e-bf6d-073247c44873,product_clicked,23,sim-u23-s3,30,,synthetic,2,2026-04-08T15:59:29.303639+00:00,"{""category_id"": 13}"
b4a537b5-95e4-442d-9032-4273154de662,product_viewed,23,sim-u23-s3,30,,synthetic,1,2026-04-08T16:02:27.303639+00:00,"{""category_id"": 13}"
89ef7093-db2f-4fc5-a403-e5ac1735459c,cart_viewed,23,sim-u23-s3,,open cart,synthetic,1,2026-04-08T16:03:50.303639+00:00,{}
787bf548-ace6-4c2d-9d4d-67e4f6131087,cart_item_added,23,sim-u23-s3,30,,synthetic,4,2026-04-08T16:04:28.303639+00:00,"{""category_id"": 13}"
d9135bcc-931a-48fe-aa09-42f0cb4a06f6,cart_item_quantity_updated,23,sim-u23-s3,30,,synthetic,3,2026-04-08T16:06:25.303639+00:00,"{""category_id"": 13, ""quantity"": 2}"
82428034-4e2e-4a9d-96d1-1d563a592b59,checkout_started,23,sim-u23-s3,,checkout,synthetic,4,2026-04-08T16:07:24.303639+00:00,{}
65c251e8-a480-4789-b3b9-556e9c161aba,order_created,23,sim-u23-s3,30,,synthetic,5,2026-04-08T16:09:23.303639+00:00,"{""category_id"": 13}"
c7ae5c79-5853-4ef2-93c6-52a5d8f1b7e7,order_paid,23,sim-u23-s3,30,,synthetic,6,2026-04-08T16:10:10.303639+00:00,"{""category_id"": 13}"
f7d3a929-45a0-490a-a694-1f237e73c88d,order_completed,23,sim-u23-s3,30,,synthetic,6,2026-04-08T16:10:53.303639+00:00,"{""category_id"": 13}"
fae44f7d-f5ca-4046-b126-9c5757c46308,chat_message_sent,23,sim-u23-s3,30,Nen chon mau nao cho cong viec van phong,synthetic,2,2026-04-08T16:13:06.303639+00:00,"{""category_id"": 13, ""intent"": ""advice""}"
5ba213ae-7c91-4411-86bc-ff39c570ad9c,search_performed,23,sim-u23-s3,,monitor 27 inch,synthetic,1,2026-04-08T16:13:52.303639+00:00,"{""search_query"": ""monitor 27 inch""}"
f1684dad-464a-4262-9679-4da4f402c65e,product_clicked,23,sim-u23-s3,24,,synthetic,2,2026-04-08T16:14:45.303639+00:00,"{""category_id"": 10}"
5e6be94c-f436-4019-8c59-100429154ef7,product_viewed,23,sim-u23-s3,24,,synthetic,1,2026-04-08T16:15:27.303639+00:00,"{""category_id"": 10}"
264fc8a8-71af-487b-bdcb-90b60542e388,cart_viewed,23,sim-u23-s3,,open cart,synthetic,1,2026-04-08T16:17:41.303639+00:00,{}
5e905740-1c8a-4905-9946-f116495ae99f,cart_item_added,23,sim-u23-s3,24,,synthetic,4,2026-04-08T16:20:23.303639+00:00,"{""category_id"": 10}"
93e799fc-2e3b-4640-a2a1-807fb0fb0ec7,cart_item_quantity_updated,23,sim-u23-s3,24,,synthetic,3,2026-04-08T16:21:09.303639+00:00,"{""category_id"": 10, ""quantity"": 3}"
28644d47-63a9-4250-ad87-0f4d0692ab43,cart_item_removed,23,sim-u23-s3,24,,synthetic,1,2026-04-08T16:22:59.303639+00:00,"{""category_id"": 10}"
ffa11a8f-08b2-4dc5-97ef-142d102f35a3,checkout_started,23,sim-u23-s3,,checkout,synthetic,4,2026-04-08T16:25:40.303639+00:00,{}
d956d8ad-93df-4a2e-8e9c-ba6173ca8b43,order_created,23,sim-u23-s3,24,,synthetic,5,2026-04-08T16:26:23.303639+00:00,"{""category_id"": 10}"
f28e6103-193d-4050-b3c9-747e6f0af1a1,order_paid,23,sim-u23-s3,24,,synthetic,6,2026-04-08T16:28:06.303639+00:00,"{""category_id"": 10}"
e60772e9-2ffd-4387-b194-51c8cd9ded08,order_completed,23,sim-u23-s3,24,,synthetic,6,2026-04-08T16:30:04.303639+00:00,"{""category_id"": 10}"
1d634e1c-52ba-4fcb-a947-75f6ceedc3c2,chat_message_sent,23,sim-u23-s3,24,Co goi y san pham thay the khong,synthetic,2,2026-04-08T16:32:03.303639+00:00,"{""category_id"": 10, ""intent"": ""advice""}"
ab343bdb-d2a9-4767-946e-e8328ed74169,chat_started,52,sim-u52-s2,,start session,synthetic,1,2026-04-08T18:09:38.303639+00:00,"{""channel"": ""web""}"
bef13928-c5e5-48e4-a615-00afaa03bef7,search_performed,52,sim-u52-s2,,usb c hub,synthetic,1,2026-04-08T18:12:38.303639+00:00,"{""search_query"": ""usb c hub""}"
6b9758ac-bc9a-4c2b-81ef-fcbe180ee24d,product_clicked,52,sim-u52-s2,35,,synthetic,2,2026-04-08T18:13:28.303639+00:00,"{""category_id"": 15}"
4d160953-a555-492e-b86b-449d7e9b4f6c,product_viewed,52,sim-u52-s2,35,,synthetic,1,2026-04-08T18:14:41.303639+00:00,"{""category_id"": 15}"
6cf9d7e5-3ccf-46a1-8d6c-65550700b5f1,cart_viewed,52,sim-u52-s2,,open cart,synthetic,1,2026-04-08T18:16:47.303639+00:00,{}
b8877ccd-7924-4f22-abf6-90b7db6aeacf,cart_item_added,52,sim-u52-s2,35,,synthetic,4,2026-04-08T18:18:52.303639+00:00,"{""category_id"": 15}"
1f0c5d4e-abfc-48ba-b877-63057dfef702,cart_item_quantity_updated,52,sim-u52-s2,35,,synthetic,3,2026-04-08T18:21:35.303639+00:00,"{""category_id"": 15, ""quantity"": 3}"
7281aa5a-1ded-4f73-be9b-0a3a4787f8ff,checkout_started,52,sim-u52-s2,,checkout,synthetic,4,2026-04-08T18:22:49.303639+00:00,{}
43a15136-7f83-41ad-bb71-3217c02e8bb9,order_created,52,sim-u52-s2,35,,synthetic,5,2026-04-08T18:23:11.303639+00:00,"{""category_id"": 15}"
bcd1cd64-deb0-42b7-ba3e-8352695eb100,order_paid,52,sim-u52-s2,35,,synthetic,6,2026-04-08T18:24:43.303639+00:00,"{""category_id"": 15}"
12f27ef4-5e6f-44fd-b72c-a19b91b1530d,order_completed,52,sim-u52-s2,35,,synthetic,6,2026-04-08T18:26:08.303639+00:00,"{""category_id"": 15}"
799bb451-8455-4483-b0f5-19810d20ddc2,chat_message_sent,52,sim-u52-s2,,Nen chon mau nao cho cong viec van phong,synthetic,2,2026-04-08T18:27:44.303639+00:00,"{""intent"": ""followup""}"
eb17cb17-5d42-485e-a780-2bc41f24a958,chat_started,5,sim-u5-s1,,start session,synthetic,1,2026-04-08T21:16:47.303639+00:00,"{""channel"": ""web""}"
1327de8c-be7f-4fd0-bf0e-82866e244d26,search_performed,5,sim-u5-s1,,usb c hub,synthetic,1,2026-04-08T21:19:43.303639+00:00,"{""search_query"": ""usb c hub""}"
0c34dd12-f447-4f58-9451-82f81003281d,product_clicked,5,sim-u5-s1,28,,synthetic,2,2026-04-08T21:20:21.303639+00:00,"{""category_id"": 12}"
bbdcff62-50f3-47f9-8620-7be92a8d61d9,product_viewed,5,sim-u5-s1,28,,synthetic,1,2026-04-08T21:22:37.303639+00:00,"{""category_id"": 12}"
74b3c62f-3244-4e1a-a0e1-fffff5baa74b,cart_viewed,5,sim-u5-s1,,open cart,synthetic,1,2026-04-08T21:25:24.303639+00:00,{}
1d8e26d2-2396-4f24-8b0f-9f42a706c5a9,cart_item_added,5,sim-u5-s1,28,,synthetic,4,2026-04-08T21:26:33.303639+00:00,"{""category_id"": 12}"
737e1fe3-e3d5-492d-a90f-23530ab13673,checkout_started,5,sim-u5-s1,,checkout,synthetic,4,2026-04-08T21:28:35.303639+00:00,{}
41f3f0ec-6bce-4e15-aaf0-c298c5819507,order_created,5,sim-u5-s1,28,,synthetic,5,2026-04-08T21:29:57.303639+00:00,"{""category_id"": 12}"
b1db7338-1a71-4eff-a38a-e4dadb9a88cd,order_paid,5,sim-u5-s1,28,,synthetic,6,2026-04-08T21:30:18.303639+00:00,"{""category_id"": 12}"
b869460d-4266-40bc-89ae-9f24501249fa,order_completed,5,sim-u5-s1,28,,synthetic,6,2026-04-08T21:31:05.303639+00:00,"{""category_id"": 12}"
abb72ae2-dce4-4737-9216-34d8b6f8034c,chat_message_sent,5,sim-u5-s1,,San pham nay co uu diem gi,synthetic,2,2026-04-08T21:32:10.303639+00:00,"{""intent"": ""followup""}"
f783e9b6-17f1-4cb7-a06f-c734a9930ab8,chat_started,58,sim-u58-s3,,start session,synthetic,1,2026-04-09T00:19:28.303639+00:00,"{""channel"": ""web""}"
27b62850-b0d0-42d4-a24d-6031a1665b0e,search_performed,58,sim-u58-s3,,mechanical keyboard,synthetic,1,2026-04-09T00:20:39.303639+00:00,"{""search_query"": ""mechanical keyboard""}"
ff54276c-5cab-4fe1-8613-93fbb0bcc881,product_clicked,58,sim-u58-s3,28,,synthetic,2,2026-04-09T00:22:35.303639+00:00,"{""category_id"": 12}"
694ba525-df6c-4112-b072-18e060a51362,product_viewed,58,sim-u58-s3,28,,synthetic,1,2026-04-09T00:23:51.303639+00:00,"{""category_id"": 12}"
e7bd38f7-3f46-45b5-80f6-abe3f207486e,cart_viewed,58,sim-u58-s3,,open cart,synthetic,1,2026-04-09T00:26:40.303639+00:00,{}
52937e61-f1e6-4d3f-a360-f107497fe323,cart_item_added,58,sim-u58-s3,28,,synthetic,4,2026-04-09T00:29:04.303639+00:00,"{""category_id"": 12}"
50bda121-d0d7-4066-80df-2a3bf4e69ceb,cart_item_quantity_updated,58,sim-u58-s3,28,,synthetic,3,2026-04-09T00:30:01.303639+00:00,"{""category_id"": 12, ""quantity"": 3}"
fafa2b3b-0b61-4c42-907f-0bdcec61b69a,cart_item_removed,58,sim-u58-s3,28,,synthetic,1,2026-04-09T00:32:57.303639+00:00,"{""category_id"": 12}"
3e52d7a2-a8f6-4071-99fa-f33825313d93,checkout_started,58,sim-u58-s3,,checkout,synthetic,4,2026-04-09T00:35:13.303639+00:00,{}
f695504d-4c00-4916-8b4d-f2b435d66cf0,order_created,58,sim-u58-s3,28,,synthetic,5,2026-04-09T00:36:18.303639+00:00,"{""category_id"": 12}"
2c0284fe-42b4-4cea-8946-1946ab2a4645,order_paid,58,sim-u58-s3,28,,synthetic,6,2026-04-09T00:37:12.303639+00:00,"{""category_id"": 12}"
1148d001-830b-47f9-9d9f-846377cf186e,order_completed,58,sim-u58-s3,28,,synthetic,6,2026-04-09T00:39:29.303639+00:00,"{""category_id"": 12}"
5c9412fb-19cb-4e85-b54d-bfbdf5ec5262,chat_message_sent,58,sim-u58-s3,28,Nen chon mau nao cho cong viec van phong,synthetic,2,2026-04-09T00:40:58.303639+00:00,"{""category_id"": 12, ""intent"": ""advice""}"
8542fd66-1778-42e7-b02a-788159dd7268,chat_started,42,sim-u42-s3,,start session,synthetic,1,2026-04-09T05:40:03.303639+00:00,"{""channel"": ""web""}"
20e667e9-fb2d-4609-9db8-03fd25401045,search_performed,42,sim-u42-s3,,wireless mouse,synthetic,1,2026-04-09T05:42:56.303639+00:00,"{""search_query"": ""wireless mouse""}"
947987f3-3d5e-4539-ac15-406208f08281,product_clicked,42,sim-u42-s3,29,,synthetic,2,2026-04-09T05:45:26.303639+00:00,"{""category_id"": 12}"
2dfa3996-03f1-4e3c-a140-24ca6695c14e,product_viewed,42,sim-u42-s3,29,,synthetic,1,2026-04-09T05:47:58.303639+00:00,"{""category_id"": 12}"
d7a5c690-a1ed-4bef-b3be-f6f31e25078e,cart_viewed,42,sim-u42-s3,,open cart,synthetic,1,2026-04-09T05:50:55.303639+00:00,{}
26453bad-b6a7-46d1-8c49-cce20c179398,cart_item_added,42,sim-u42-s3,29,,synthetic,4,2026-04-09T05:51:58.303639+00:00,"{""category_id"": 12}"
5701ed36-c7d8-4437-9759-d2a53c6a870e,checkout_started,42,sim-u42-s3,,checkout,synthetic,4,2026-04-09T05:52:18.303639+00:00,{}
10121265-d5fd-43bc-b749-e60348ecaf86,order_created,42,sim-u42-s3,29,,synthetic,5,2026-04-09T05:53:18.303639+00:00,"{""category_id"": 12}"
e20ddad0-6790-4cd2-97dc-6681415cfa39,order_paid,42,sim-u42-s3,29,,synthetic,6,2026-04-09T05:54:48.303639+00:00,"{""category_id"": 12}"
da04426b-5575-4128-a81a-1a5da5e2c72e,order_completed,42,sim-u42-s3,29,,synthetic,6,2026-04-09T05:56:50.303639+00:00,"{""category_id"": 12}"
24d5dd25-a75b-443b-aed6-c1c697816eed,chat_message_sent,42,sim-u42-s3,29,Co goi y san pham thay the khong,synthetic,2,2026-04-09T05:58:53.303639+00:00,"{""category_id"": 12, ""intent"": ""advice""}"
67a38ced-bc90-4935-9218-31350ad93fc3,search_performed,42,sim-u42-s3,,ergonomic desk,synthetic,1,2026-04-09T06:01:25.303639+00:00,"{""search_query"": ""ergonomic desk""}"
dbfd6577-8901-432d-8104-61bf125245cb,product_clicked,42,sim-u42-s3,17,,synthetic,2,2026-04-09T06:01:48.303639+00:00,"{""category_id"": 6}"
621f901b-bc1c-43d3-a6ed-906a9d46b543,product_viewed,42,sim-u42-s3,17,,synthetic,1,2026-04-09T06:02:25.303639+00:00,"{""category_id"": 6}"
5179beec-240e-44fd-9185-4bb0b9812286,chat_message_sent,42,sim-u42-s3,17,Nen chon mau nao cho cong viec van phong,synthetic,2,2026-04-09T06:04:13.303639+00:00,"{""category_id"": 6, ""intent"": ""advice""}"
865de5db-2bcf-4cda-a694-6246ea2d8b28,chat_started,77,sim-u77-s3,,start session,synthetic,1,2026-04-09T06:16:53.303639+00:00,"{""channel"": ""web""}"
ae2f796b-f9cb-4ef0-8a9b-5ce18b8d6bb7,search_performed,77,sim-u77-s3,,laptop stand,synthetic,1,2026-04-09T06:19:19.303639+00:00,"{""search_query"": ""laptop stand""}"
c3885926-a667-4cff-a451-ca460e58f9eb,product_clicked,77,sim-u77-s3,17,,synthetic,2,2026-04-09T06:20:22.303639+00:00,"{""category_id"": 6}"
e4a303c8-be60-47a6-ae3d-f4ca94f719c2,product_viewed,77,sim-u77-s3,17,,synthetic,1,2026-04-09T06:23:03.303639+00:00,"{""category_id"": 6}"
65384b14-4b0a-429d-892c-752b37500f21,cart_viewed,77,sim-u77-s3,,open cart,synthetic,1,2026-04-09T06:25:47.303639+00:00,{}
edfb5556-9f4c-49f0-b980-8f3702c76829,cart_item_added,77,sim-u77-s3,17,,synthetic,4,2026-04-09T06:28:41.303639+00:00,"{""category_id"": 6}"
1b3e166f-3679-4f00-b254-63116f8dedf6,cart_item_quantity_updated,77,sim-u77-s3,17,,synthetic,3,2026-04-09T06:31:31.303639+00:00,"{""category_id"": 6, ""quantity"": 2}"
3ae300df-8d88-497c-a693-2a8d5e486dd9,cart_item_removed,77,sim-u77-s3,17,,synthetic,1,2026-04-09T06:32:07.303639+00:00,"{""category_id"": 6}"
5b4bae74-786c-4fbb-a398-d7e7085561d9,checkout_started,77,sim-u77-s3,,checkout,synthetic,4,2026-04-09T06:32:59.303639+00:00,{}
68d6d98f-ff94-422e-8f42-467e8d295a8c,order_created,77,sim-u77-s3,17,,synthetic,5,2026-04-09T06:34:25.303639+00:00,"{""category_id"": 6}"
6ba6eef9-4363-4cd4-8e22-68d1533e458c,order_cancelled,77,sim-u77-s3,17,,synthetic,-2,2026-04-09T06:35:43.303639+00:00,"{""category_id"": 6}"
3922461a-6756-43d5-b24c-8624b25771b0,search_performed,77,sim-u77-s3,,monitor 27 inch,synthetic,1,2026-04-09T06:36:52.303639+00:00,"{""search_query"": ""monitor 27 inch""}"
75787d3a-cbb3-4e61-816a-280305cbb560,product_clicked,77,sim-u77-s3,12,,synthetic,2,2026-04-09T06:37:17.303639+00:00,"{""category_id"": 4}"
bea85062-73fe-426a-bd1f-c5bf3eaf953c,product_viewed,77,sim-u77-s3,12,,synthetic,1,2026-04-09T06:39:53.303639+00:00,"{""category_id"": 4}"
7127901f-ce77-4235-88d3-94a4aceb451a,cart_viewed,77,sim-u77-s3,,open cart,synthetic,1,2026-04-09T06:42:36.303639+00:00,{}
d2f9694c-38ca-4508-8b28-451063c7ad77,cart_item_added,77,sim-u77-s3,12,,synthetic,4,2026-04-09T06:44:52.303639+00:00,"{""category_id"": 4}"
817e3cf9-860c-4b03-9971-4612d3ad950d,cart_item_quantity_updated,77,sim-u77-s3,12,,synthetic,3,2026-04-09T06:45:25.303639+00:00,"{""category_id"": 4, ""quantity"": 3}"
8dbaae92-b472-4c75-9592-10ae3d716470,checkout_started,77,sim-u77-s3,,checkout,synthetic,4,2026-04-09T06:47:07.303639+00:00,{}
bc6a8ab1-ad13-4e4b-a7ac-eb3903e63424,order_created,77,sim-u77-s3,12,,synthetic,5,2026-04-09T06:49:17.303639+00:00,"{""category_id"": 4}"
74c0a380-ec55-4cc2-a082-26ccedb32acb,order_paid,77,sim-u77-s3,12,,synthetic,6,2026-04-09T06:51:21.303639+00:00,"{""category_id"": 4}"
60c6193a-f4bc-4ac9-a727-2670a32f8c2b,order_completed,77,sim-u77-s3,12,,synthetic,6,2026-04-09T06:52:51.303639+00:00,"{""category_id"": 4}"
6e2a234c-76de-46f1-b23c-dd7f4a77e019,chat_message_sent,77,sim-u77-s3,12,Co goi y san pham thay the khong,synthetic,2,2026-04-09T06:55:17.303639+00:00,"{""category_id"": 4, ""intent"": ""advice""}"
dea352b1-310a-4c48-a1a9-64f0e851b046,chat_started,64,sim-u64-s1,,start session,synthetic,1,2026-04-09T07:46:39.303639+00:00,"{""channel"": ""web""}"
67be1106-6eb5-465f-81e4-a931299d16a2,search_performed,64,sim-u64-s1,,mechanical keyboard,synthetic,1,2026-04-09T07:49:06.303639+00:00,"{""search_query"": ""mechanical keyboard""}"
9cba75f6-4559-4004-be15-accdcacc485f,product_clicked,64,sim-u64-s1,28,,synthetic,2,2026-04-09T07:50:37.303639+00:00,"{""category_id"": 12}"
60389a7a-e4e5-4814-b7d5-6937544b9406,product_viewed,64,sim-u64-s1,28,,synthetic,1,2026-04-09T07:53:25.303639+00:00,"{""category_id"": 12}"
2aad07e2-8abd-456f-bfb5-51ee7a3d07f8,cart_viewed,64,sim-u64-s1,,open cart,synthetic,1,2026-04-09T07:55:27.303639+00:00,{}
c426b68e-d732-48c0-812a-e0e43a2d6d51,cart_item_added,64,sim-u64-s1,28,,synthetic,4,2026-04-09T07:57:18.303639+00:00,"{""category_id"": 12}"
a96b8abb-36d4-40f2-b79f-2e79a7de31e3,cart_item_quantity_updated,64,sim-u64-s1,28,,synthetic,3,2026-04-09T07:59:21.303639+00:00,"{""category_id"": 12, ""quantity"": 4}"
c3c02853-df25-4c9f-ae5a-4fba0a726bbf,checkout_started,64,sim-u64-s1,,checkout,synthetic,4,2026-04-09T08:01:51.303639+00:00,{}
d5497682-03e9-4eab-82ce-4f19c60f6b68,order_created,64,sim-u64-s1,28,,synthetic,5,2026-04-09T08:03:22.303639+00:00,"{""category_id"": 12}"
b39e4cc3-838d-493a-ace3-9ceb9f107217,order_paid,64,sim-u64-s1,28,,synthetic,6,2026-04-09T08:05:38.303639+00:00,"{""category_id"": 12}"
c546adbe-aa21-4b0b-ad4f-ba207c46d69f,order_completed,64,sim-u64-s1,28,,synthetic,6,2026-04-09T08:06:25.303639+00:00,"{""category_id"": 12}"
28562467-ad2f-492d-b32d-c835a55369f4,chat_message_sent,64,sim-u64-s1,28,Co goi y san pham thay the khong,synthetic,2,2026-04-09T08:08:52.303639+00:00,"{""category_id"": 12, ""intent"": ""advice""}"
35ec3277-ee06-49d7-b49c-cb495fc97cb9,chat_started,33,sim-u33-s3,,start session,synthetic,1,2026-04-09T14:12:07.303639+00:00,"{""channel"": ""web""}"
35af4528-0ecc-460c-a35e-53c852975513,search_performed,33,sim-u33-s3,,noise cancelling headset,synthetic,1,2026-04-09T14:12:41.303639+00:00,"{""search_query"": ""noise cancelling headset""}"
00760bf2-a4e9-47e4-97d7-05bee20bb67d,product_clicked,33,sim-u33-s3,8,,synthetic,2,2026-04-09T14:15:12.303639+00:00,"{""category_id"": 2}"
f128ca89-e0b4-4d10-aa03-d8addfb63107,product_viewed,33,sim-u33-s3,8,,synthetic,1,2026-04-09T14:16:12.303639+00:00,"{""category_id"": 2}"
7ac6fca5-70ba-45f0-9224-7303e343dd15,cart_viewed,33,sim-u33-s3,,open cart,synthetic,1,2026-04-09T14:18:41.303639+00:00,{}
fd2ce65f-face-4250-a450-3b6bbb9801e9,cart_item_added,33,sim-u33-s3,8,,synthetic,4,2026-04-09T14:20:44.303639+00:00,"{""category_id"": 2}"
21f5ab76-711f-483a-8681-e328abf9cfc0,cart_item_quantity_updated,33,sim-u33-s3,8,,synthetic,3,2026-04-09T14:23:29.303639+00:00,"{""category_id"": 2, ""quantity"": 4}"
86665feb-1839-4c21-b5ff-33f19dc76efe,cart_item_removed,33,sim-u33-s3,8,,synthetic,1,2026-04-09T14:24:38.303639+00:00,"{""category_id"": 2}"
481cef7d-8d43-42a5-9274-45833c5fe974,checkout_started,33,sim-u33-s3,,checkout,synthetic,4,2026-04-09T14:25:49.303639+00:00,{}
a28a6385-afe1-4df5-8e37-5dca1a3ab46e,order_created,33,sim-u33-s3,8,,synthetic,5,2026-04-09T14:26:23.303639+00:00,"{""category_id"": 2}"
28b80b95-93b3-4808-8b94-24e3fa15478d,order_paid,33,sim-u33-s3,8,,synthetic,6,2026-04-09T14:28:39.303639+00:00,"{""category_id"": 2}"
62c54558-b474-454b-9fbb-7e2e13ed6ad4,order_completed,33,sim-u33-s3,8,,synthetic,6,2026-04-09T14:29:11.303639+00:00,"{""category_id"": 2}"
af45b684-cc27-42f9-a3c1-555dfb87b82e,search_performed,33,sim-u33-s3,,ergonomic desk,synthetic,1,2026-04-09T14:30:41.303639+00:00,"{""search_query"": ""ergonomic desk""}"
cf595aeb-1d63-46b1-b4aa-a012b31ab56a,product_clicked,33,sim-u33-s3,13,,synthetic,2,2026-04-09T14:32:35.303639+00:00,"{""category_id"": 4}"
3744ae81-0bd7-4a1b-b44d-c0dd094e1408,product_viewed,33,sim-u33-s3,13,,synthetic,1,2026-04-09T14:34:53.303639+00:00,"{""category_id"": 4}"
5c65b5e5-6275-4d99-8f54-2528fd9f34b3,cart_viewed,33,sim-u33-s3,,open cart,synthetic,1,2026-04-09T14:35:44.303639+00:00,{}
90b6e068-958e-4d51-a557-14f3721a05b4,cart_item_added,33,sim-u33-s3,13,,synthetic,4,2026-04-09T14:36:11.303639+00:00,"{""category_id"": 4}"
3f8821b1-6365-40ec-a10b-245a0d6e35b3,cart_item_quantity_updated,33,sim-u33-s3,13,,synthetic,3,2026-04-09T14:39:03.303639+00:00,"{""category_id"": 4, ""quantity"": 3}"
11858ffa-0b6c-4eae-9d46-6d110d3407cc,checkout_started,33,sim-u33-s3,,checkout,synthetic,4,2026-04-09T14:41:24.303639+00:00,{}
2204c84f-ffc0-4718-a27e-6a55bb037fa0,order_created,33,sim-u33-s3,13,,synthetic,5,2026-04-09T14:44:14.303639+00:00,"{""category_id"": 4}"
dec3e69a-e1aa-4176-8111-b8292c4e4d7c,order_paid,33,sim-u33-s3,13,,synthetic,6,2026-04-09T14:46:02.303639+00:00,"{""category_id"": 4}"
38910d0a-0303-41d9-8844-d1d184b970fe,order_completed,33,sim-u33-s3,13,,synthetic,6,2026-04-09T14:47:03.303639+00:00,"{""category_id"": 4}"
4b9f6f3b-7823-4d96-bb9d-e8c8f22ff86f,search_performed,33,sim-u33-s3,,gaming keyboard,synthetic,1,2026-04-09T14:48:35.303639+00:00,"{""search_query"": ""gaming keyboard""}"
59197d01-7a55-4b54-9e6b-471239f028bb,product_clicked,33,sim-u33-s3,27,,synthetic,2,2026-04-09T14:49:02.303639+00:00,"{""category_id"": 11}"
981c621c-c60e-4e96-8eb0-28b5759de2e2,product_viewed,33,sim-u33-s3,27,,synthetic,1,2026-04-09T14:51:00.303639+00:00,"{""category_id"": 11}"
c7ea8640-40b5-4afd-9f2d-dacc1a65dccb,cart_viewed,33,sim-u33-s3,,open cart,synthetic,1,2026-04-09T14:53:46.303639+00:00,{}
40f941db-7fad-45b8-81c3-ec09bf4ac31b,cart_item_added,33,sim-u33-s3,27,,synthetic,4,2026-04-09T14:55:00.303639+00:00,"{""category_id"": 11}"
d22b17ed-0293-4767-87a5-2d026fb7b889,checkout_started,33,sim-u33-s3,,checkout,synthetic,4,2026-04-09T14:56:12.303639+00:00,{}
d234d31f-e0a6-4459-8ac3-4a10d6573abd,order_created,33,sim-u33-s3,27,,synthetic,5,2026-04-09T14:57:40.303639+00:00,"{""category_id"": 11}"
1ec323ed-757a-4965-bb9b-74696ff9b4d3,order_paid,33,sim-u33-s3,27,,synthetic,6,2026-04-09T15:00:11.303639+00:00,"{""category_id"": 11}"
3bf0384d-8161-4b4c-b651-335d81e7d243,order_completed,33,sim-u33-s3,27,,synthetic,6,2026-04-09T15:00:36.303639+00:00,"{""category_id"": 11}"
0a544875-0459-4909-9111-7eb7e95e8f2c,chat_message_sent,33,sim-u33-s3,,Tu van cho toi mot san pham phu hop nhu cau,synthetic,2,2026-04-09T15:02:57.303639+00:00,"{""intent"": ""followup""}"
abb505a5-9532-418f-aa7b-205e91c6cb10,chat_started,59,sim-u59-s1,,start session,synthetic,1,2026-04-09T16:36:50.303639+00:00,"{""channel"": ""web""}"
31da5151-cb36-4a7d-9570-d34054b53dc0,search_performed,59,sim-u59-s1,,wireless mouse,synthetic,1,2026-04-09T16:38:21.303639+00:00,"{""search_query"": ""wireless mouse""}"
6daba46a-307b-48ec-9676-9f935320b171,product_clicked,59,sim-u59-s1,17,,synthetic,2,2026-04-09T16:39:15.303639+00:00,"{""category_id"": 6}"
1632498d-0fac-458f-8e76-b957df05c925,product_viewed,59,sim-u59-s1,17,,synthetic,1,2026-04-09T16:40:03.303639+00:00,"{""category_id"": 6}"
d1540077-7a37-4693-a8b3-56d7a3228d45,chat_message_sent,59,sim-u59-s1,17,San pham nay co uu diem gi,synthetic,2,2026-04-09T16:41:50.303639+00:00,"{""category_id"": 6, ""intent"": ""advice""}"
7c739024-722d-4f9a-92ae-b87f7505ec4d,search_performed,59,sim-u59-s1,,monitor 27 inch,synthetic,1,2026-04-09T16:44:44.303639+00:00,"{""search_query"": ""monitor 27 inch""}"
d3461b87-8d53-42e7-b77c-34bcf2290480,product_clicked,59,sim-u59-s1,28,,synthetic,2,2026-04-09T16:45:44.303639+00:00,"{""category_id"": 12}"
10617b80-807a-4eab-88e9-050c5047c1ea,product_viewed,59,sim-u59-s1,28,,synthetic,1,2026-04-09T16:48:40.303639+00:00,"{""category_id"": 12}"
78d7857e-d6bf-4335-a569-bd126a19d888,chat_message_sent,59,sim-u59-s1,28,San pham nay co uu diem gi,synthetic,2,2026-04-09T16:49:22.303639+00:00,"{""category_id"": 12, ""intent"": ""advice""}"
9701b83a-1df4-4bac-9560-56047652d2b0,search_performed,59,sim-u59-s1,,laptop stand,synthetic,1,2026-04-09T16:51:47.303639+00:00,"{""search_query"": ""laptop stand""}"
fc07fdbd-2ab7-41ec-85d5-1468cec38033,product_clicked,59,sim-u59-s1,22,,synthetic,2,2026-04-09T16:53:02.303639+00:00,"{""category_id"": 9}"
1a7d4c53-b064-41cf-9f2a-46a09abeaa9b,product_viewed,59,sim-u59-s1,22,,synthetic,1,2026-04-09T16:55:53.303639+00:00,"{""category_id"": 9}"
b890340c-2bee-4dfe-ab2f-1abeaaa3bf30,cart_viewed,59,sim-u59-s1,,open cart,synthetic,1,2026-04-09T16:58:11.303639+00:00,{}
718d3966-6b2e-4f78-ba1a-b305a938b6e6,cart_item_added,59,sim-u59-s1,22,,synthetic,4,2026-04-09T16:59:42.303639+00:00,"{""category_id"": 9}"
d4bc637f-60f5-4273-8ba6-5e9be3c2ad6e,cart_item_quantity_updated,59,sim-u59-s1,22,,synthetic,3,2026-04-09T17:01:05.303639+00:00,"{""category_id"": 9, ""quantity"": 3}"
1bdfc9e4-5a05-40f5-a074-081fe8b98c82,cart_item_removed,59,sim-u59-s1,22,,synthetic,1,2026-04-09T17:03:16.303639+00:00,"{""category_id"": 9}"
221da471-af92-4fb3-b964-03c9ff34606c,checkout_started,59,sim-u59-s1,,checkout,synthetic,4,2026-04-09T17:06:04.303639+00:00,{}
d9d0459f-3c45-4cdc-9c1f-9711e0cf504f,order_created,59,sim-u59-s1,22,,synthetic,5,2026-04-09T17:07:20.303639+00:00,"{""category_id"": 9}"
d624ef8b-7d64-4e37-a964-089f93339132,order_cancelled,59,sim-u59-s1,22,,synthetic,-2,2026-04-09T17:10:11.303639+00:00,"{""category_id"": 9}"
4b7824a7-fc2b-491b-a637-a625a177d932,chat_started,3,sim-u3-s2,,start session,synthetic,1,2026-04-09T17:56:51.303639+00:00,"{""channel"": ""web""}"
a353f2f2-81bd-4395-b012-2f2426d78b72,search_performed,3,sim-u3-s2,,laptop stand,synthetic,1,2026-04-09T17:57:26.303639+00:00,"{""search_query"": ""laptop stand""}"
9cb24f33-b95b-471c-8a09-f550d98ac1bb,product_clicked,3,sim-u3-s2,12,,synthetic,2,2026-04-09T17:59:06.303639+00:00,"{""category_id"": 4}"
e26ffd82-b627-4958-adcf-019de87ee3a4,product_viewed,3,sim-u3-s2,12,,synthetic,1,2026-04-09T17:59:40.303639+00:00,"{""category_id"": 4}"
8084e09e-61d3-4eda-bcd4-69e3e3f75028,cart_viewed,3,sim-u3-s2,,open cart,synthetic,1,2026-04-09T18:02:02.303639+00:00,{}
40441f0c-882e-4469-acf6-634349fffaf4,cart_item_added,3,sim-u3-s2,12,,synthetic,4,2026-04-09T18:04:30.303639+00:00,"{""category_id"": 4}"
1698352b-287f-4a65-a621-b4de4fa76e98,checkout_started,3,sim-u3-s2,,checkout,synthetic,4,2026-04-09T18:05:04.303639+00:00,{}
8a58a32e-c21f-4d24-b929-c9c5f876d735,order_created,3,sim-u3-s2,12,,synthetic,5,2026-04-09T18:07:34.303639+00:00,"{""category_id"": 4}"
68575fb4-4f74-476a-81ff-d3d779674630,order_paid,3,sim-u3-s2,12,,synthetic,6,2026-04-09T18:08:41.303639+00:00,"{""category_id"": 4}"
c621b35b-4bd5-45ff-b1af-5f14253a6a11,order_completed,3,sim-u3-s2,12,,synthetic,6,2026-04-09T18:09:18.303639+00:00,"{""category_id"": 4}"
c951c332-5d96-4439-905b-65fd414bebae,chat_message_sent,3,sim-u3-s2,12,San pham nay co uu diem gi,synthetic,2,2026-04-09T18:11:21.303639+00:00,"{""category_id"": 4, ""intent"": ""advice""}"
ca6878b0-f463-433d-afc1-c870d5050bd3,search_performed,3,sim-u3-s2,,webcam full hd,synthetic,1,2026-04-09T18:12:44.303639+00:00,"{""search_query"": ""webcam full hd""}"
e55aac5a-d81a-4153-992e-2065b8b458df,product_clicked,3,sim-u3-s2,32,,synthetic,2,2026-04-09T18:15:32.303639+00:00,"{""category_id"": 14}"
5d22eadd-c668-45fb-ae63-6d2d8004bafe,product_viewed,3,sim-u3-s2,32,,synthetic,1,2026-04-09T18:18:24.303639+00:00,"{""category_id"": 14}"
8209d60a-c817-409b-9b5e-6da0aecca542,cart_viewed,3,sim-u3-s2,,open cart,synthetic,1,2026-04-09T18:19:04.303639+00:00,{}
13a386a0-a59e-4625-8022-6298fdbc722b,cart_item_added,3,sim-u3-s2,32,,synthetic,4,2026-04-09T18:21:11.303639+00:00,"{""category_id"": 14}"
33094587-87f2-4913-b01a-6a869a6c7de1,checkout_started,3,sim-u3-s2,,checkout,synthetic,4,2026-04-09T18:22:51.303639+00:00,{}
20d66009-e50e-4c04-bb7d-130820e29e33,order_created,3,sim-u3-s2,32,,synthetic,5,2026-04-09T18:24:17.303639+00:00,"{""category_id"": 14}"
f1fdefb0-1add-4a05-93ec-bb952130cafe,order_paid,3,sim-u3-s2,32,,synthetic,6,2026-04-09T18:25:57.303639+00:00,"{""category_id"": 14}"
cdeb505c-e38f-4be1-98eb-0a95e3bddac7,order_completed,3,sim-u3-s2,32,,synthetic,6,2026-04-09T18:27:18.303639+00:00,"{""category_id"": 14}"
bcdd47b1-a346-4ceb-a0fe-55a7468ad03a,chat_message_sent,3,sim-u3-s2,32,San pham nay co uu diem gi,synthetic,2,2026-04-09T18:28:54.303639+00:00,"{""category_id"": 14, ""intent"": ""advice""}"
88ff1317-4c6e-4c9e-a520-9b2b65e482f9,search_performed,3,sim-u3-s2,,noise cancelling headset,synthetic,1,2026-04-09T18:29:32.303639+00:00,"{""search_query"": ""noise cancelling headset""}"
c23b6e78-58ec-418a-b636-dfa44a8d0838,product_clicked,3,sim-u3-s2,21,,synthetic,2,2026-04-09T18:29:54.303639+00:00,"{""category_id"": 8}"
6dc14992-3930-47ca-a35b-36c7b6b5544d,product_viewed,3,sim-u3-s2,21,,synthetic,1,2026-04-09T18:32:11.303639+00:00,"{""category_id"": 8}"
9c944345-5c87-466b-8249-09438f76cd1b,cart_viewed,3,sim-u3-s2,,open cart,synthetic,1,2026-04-09T18:34:55.303639+00:00,{}
d2e2a5ca-aac9-4332-ab41-8bd3e3658af5,cart_item_added,3,sim-u3-s2,21,,synthetic,4,2026-04-09T18:35:40.303639+00:00,"{""category_id"": 8}"
79161160-f39d-46f4-adde-150a29e55382,cart_item_quantity_updated,3,sim-u3-s2,21,,synthetic,3,2026-04-09T18:38:09.303639+00:00,"{""category_id"": 8, ""quantity"": 2}"
6824af84-9b55-4ed7-8ead-19d469759a71,checkout_started,3,sim-u3-s2,,checkout,synthetic,4,2026-04-09T18:39:58.303639+00:00,{}
e47ef993-aceb-450d-9502-fc71ad7a0f5d,order_created,3,sim-u3-s2,21,,synthetic,5,2026-04-09T18:40:35.303639+00:00,"{""category_id"": 8}"
70c92fe0-586c-4de0-8424-33cc00f2529b,order_cancelled,3,sim-u3-s2,21,,synthetic,-2,2026-04-09T18:42:29.303639+00:00,"{""category_id"": 8}"
6bb92702-69cb-4dc4-afc7-2acd854fa4a9,chat_message_sent,3,sim-u3-s2,21,Co goi y san pham thay the khong,synthetic,2,2026-04-09T18:45:08.303639+00:00,"{""category_id"": 8, ""intent"": ""advice""}"
29e302d5-1034-4a06-93c9-36c5c9a2145a,chat_started,43,sim-u43-s3,,start session,synthetic,1,2026-04-09T20:15:41.303639+00:00,"{""channel"": ""web""}"
1342f997-bfa8-4c75-ae9b-2a8068e5bcad,search_performed,43,sim-u43-s3,,office chair,synthetic,1,2026-04-09T20:16:28.303639+00:00,"{""search_query"": ""office chair""}"
4c356aa7-3788-4fae-93e6-d8a337f7082f,product_clicked,43,sim-u43-s3,24,,synthetic,2,2026-04-09T20:17:18.303639+00:00,"{""category_id"": 10}"
f9d50b58-2d9e-4828-a559-29d7c9a51a96,product_viewed,43,sim-u43-s3,24,,synthetic,1,2026-04-09T20:17:58.303639+00:00,"{""category_id"": 10}"
eed597c3-5026-483f-8529-fb2f84125cd0,cart_viewed,43,sim-u43-s3,,open cart,synthetic,1,2026-04-09T20:20:24.303639+00:00,{}
42cab814-acbe-43da-83a1-b35e7baa9864,cart_item_added,43,sim-u43-s3,24,,synthetic,4,2026-04-09T20:23:21.303639+00:00,"{""category_id"": 10}"
0061c301-6f1f-48cc-98d7-5f9e0bdb8a68,cart_item_quantity_updated,43,sim-u43-s3,24,,synthetic,3,2026-04-09T20:23:51.303639+00:00,"{""category_id"": 10, ""quantity"": 4}"
f90ac039-f046-40fa-b1ff-59faaaf67f5e,checkout_started,43,sim-u43-s3,,checkout,synthetic,4,2026-04-09T20:25:46.303639+00:00,{}
2d56a02c-2492-4362-8c75-554cf2a959d5,order_created,43,sim-u43-s3,24,,synthetic,5,2026-04-09T20:28:44.303639+00:00,"{""category_id"": 10}"
f4aef27a-64c7-47fc-b2f8-0139f2440b4c,order_paid,43,sim-u43-s3,24,,synthetic,6,2026-04-09T20:31:31.303639+00:00,"{""category_id"": 10}"
7e42bd69-c99e-4d9b-8384-437b5be3db06,order_completed,43,sim-u43-s3,24,,synthetic,6,2026-04-09T20:33:01.303639+00:00,"{""category_id"": 10}"
4923a634-997c-46c5-9dec-29cac8dce8ba,chat_message_sent,43,sim-u43-s3,24,Nen chon mau nao cho cong viec van phong,synthetic,2,2026-04-09T20:35:02.303639+00:00,"{""category_id"": 10, ""intent"": ""advice""}"
5bf85f0e-03e4-4a79-b9b8-82ab0dcae3cf,search_performed,43,sim-u43-s3,,webcam full hd,synthetic,1,2026-04-09T20:35:54.303639+00:00,"{""search_query"": ""webcam full hd""}"
3dac6368-1a71-4500-8c66-23f4c50b94f8,product_clicked,43,sim-u43-s3,28,,synthetic,2,2026-04-09T20:36:27.303639+00:00,"{""category_id"": 12}"
527cf437-5835-4b11-8213-2409416ed8d0,product_viewed,43,sim-u43-s3,28,,synthetic,1,2026-04-09T20:39:01.303639+00:00,"{""category_id"": 12}"
c462e9e8-9b80-407a-81e1-b1389db2a9e5,cart_viewed,43,sim-u43-s3,,open cart,synthetic,1,2026-04-09T20:41:23.303639+00:00,{}
a9740ae1-3b68-430d-ac51-d86bf75bbdd1,cart_item_added,43,sim-u43-s3,28,,synthetic,4,2026-04-09T20:44:01.303639+00:00,"{""category_id"": 12}"
1c0750c0-2c5b-48af-97a2-bb46515448eb,cart_item_quantity_updated,43,sim-u43-s3,28,,synthetic,3,2026-04-09T20:46:01.303639+00:00,"{""category_id"": 12, ""quantity"": 3}"
8af80e3a-c921-444f-bba0-31edc7531546,checkout_started,43,sim-u43-s3,,checkout,synthetic,4,2026-04-09T20:47:05.303639+00:00,{}
bf393dbc-549e-47da-9a27-e9dd939f0652,order_created,43,sim-u43-s3,28,,synthetic,5,2026-04-09T20:49:22.303639+00:00,"{""category_id"": 12}"
8f11b806-2793-4d80-87a2-2015a4139109,order_cancelled,43,sim-u43-s3,28,,synthetic,-2,2026-04-09T20:51:54.303639+00:00,"{""category_id"": 12}"
29b5c9d8-214d-4d2a-9d51-5b4560dd90f7,chat_message_sent,43,sim-u43-s3,28,Tu van cho toi mot san pham phu hop nhu cau,synthetic,2,2026-04-09T20:52:17.303639+00:00,"{""category_id"": 12, ""intent"": ""advice""}"
909051ef-cfbe-4a60-ab96-d2e50e379491,search_performed,43,sim-u43-s3,,ergonomic desk,synthetic,1,2026-04-09T20:54:14.303639+00:00,"{""search_query"": ""ergonomic desk""}"
0f11f70d-ae6e-4476-83ff-b8d6f3e86281,product_clicked,43,sim-u43-s3,14,,synthetic,2,2026-04-09T20:57:02.303639+00:00,"{""category_id"": 5}"
90f3fba3-699f-45bd-9445-8ffcc6d9b1c2,product_viewed,43,sim-u43-s3,14,,synthetic,1,2026-04-09T20:57:47.303639+00:00,"{""category_id"": 5}"
da3b19bf-2eb6-42bb-8503-2eb0726ad8d3,cart_viewed,43,sim-u43-s3,,open cart,synthetic,1,2026-04-09T21:00:43.303639+00:00,{}
5bdd8ad2-a0dd-46fe-b912-a7ba6a68e40c,cart_item_added,43,sim-u43-s3,14,,synthetic,4,2026-04-09T21:02:09.303639+00:00,"{""category_id"": 5}"
a6ba21ae-1292-440a-a39b-f89a3569da2e,cart_item_quantity_updated,43,sim-u43-s3,14,,synthetic,3,2026-04-09T21:03:29.303639+00:00,"{""category_id"": 5, ""quantity"": 3}"
ef97ca7f-9ac6-464c-ac1a-810bd4b80bc1,checkout_started,43,sim-u43-s3,,checkout,synthetic,4,2026-04-09T21:06:25.303639+00:00,{}
b63a8cea-a37f-4eca-b775-95ac793ab801,order_created,43,sim-u43-s3,14,,synthetic,5,2026-04-09T21:08:12.303639+00:00,"{""category_id"": 5}"
36bbab61-7b60-4818-a0e5-0061783570aa,order_paid,43,sim-u43-s3,14,,synthetic,6,2026-04-09T21:10:39.303639+00:00,"{""category_id"": 5}"
742cc975-5a42-434f-b833-0875c612331d,order_completed,43,sim-u43-s3,14,,synthetic,6,2026-04-09T21:12:47.303639+00:00,"{""category_id"": 5}"
d5595e7f-79b9-46f9-90a3-dc9b48e40cdf,chat_message_sent,43,sim-u43-s3,14,Nen chon mau nao cho cong viec van phong,synthetic,2,2026-04-09T21:14:40.303639+00:00,"{""category_id"": 5, ""intent"": ""advice""}"
b0a6cda1-aae3-43f6-91b6-99d383b6a36a,chat_started,94,sim-u94-s3,,start session,synthetic,1,2026-04-09T23:20:44.303639+00:00,"{""channel"": ""web""}"
353623f2-62b0-4938-94a3-4ee4e8f9d61a,search_performed,94,sim-u94-s3,,office chair,synthetic,1,2026-04-09T23:22:22.303639+00:00,"{""search_query"": ""office chair""}"
80a710c3-6cf1-4894-aaba-08f2c23402f6,product_clicked,94,sim-u94-s3,9,,synthetic,2,2026-04-09T23:24:06.303639+00:00,"{""category_id"": 2}"
3bd0d81b-ada0-4fbe-8873-3ce0ebb27b88,product_viewed,94,sim-u94-s3,9,,synthetic,1,2026-04-09T23:26:28.303639+00:00,"{""category_id"": 2}"
d3d6a7d7-d584-4e11-b2ab-c08556c1e687,cart_viewed,94,sim-u94-s3,,open cart,synthetic,1,2026-04-09T23:27:02.303639+00:00,{}
aa8233b5-ff88-46be-96b6-698ceef5759f,cart_item_added,94,sim-u94-s3,9,,synthetic,4,2026-04-09T23:29:41.303639+00:00,"{""category_id"": 2}"
b726b527-7c13-4dfd-b323-4768f31f6a4f,checkout_started,94,sim-u94-s3,,checkout,synthetic,4,2026-04-09T23:30:32.303639+00:00,{}
d6202191-184a-49b6-a4fa-0283e129bdee,order_created,94,sim-u94-s3,9,,synthetic,5,2026-04-09T23:30:57.303639+00:00,"{""category_id"": 2}"
939f3bce-13a1-40fa-8a69-451ebf8d419e,order_paid,94,sim-u94-s3,9,,synthetic,6,2026-04-09T23:31:43.303639+00:00,"{""category_id"": 2}"
49efc6e3-2b60-49f7-aa42-1d6ec8f0e806,order_completed,94,sim-u94-s3,9,,synthetic,6,2026-04-09T23:34:22.303639+00:00,"{""category_id"": 2}"
3a7c6135-7d06-425e-9a83-2a0bd1428dba,chat_message_sent,94,sim-u94-s3,9,Co goi y san pham thay the khong,synthetic,2,2026-04-09T23:35:18.303639+00:00,"{""category_id"": 2, ""intent"": ""advice""}"
85b49187-7d80-4ee3-80ef-ad1520b27ccb,search_performed,94,sim-u94-s3,,ergonomic desk,synthetic,1,2026-04-09T23:35:44.303639+00:00,"{""search_query"": ""ergonomic desk""}"
d64c91cd-37c6-4285-a297-5d234f04bdf4,product_clicked,94,sim-u94-s3,35,,synthetic,2,2026-04-09T23:37:02.303639+00:00,"{""category_id"": 15}"
273bdc4e-d373-435a-9447-178370453089,product_viewed,94,sim-u94-s3,35,,synthetic,1,2026-04-09T23:39:11.303639+00:00,"{""category_id"": 15}"
47cdd562-ffd5-4ccd-9f92-9e80c941587e,cart_viewed,94,sim-u94-s3,,open cart,synthetic,1,2026-04-09T23:41:01.303639+00:00,{}
a9bee0c9-8870-4e11-8fa0-5b0c8cab1411,cart_item_added,94,sim-u94-s3,35,,synthetic,4,2026-04-09T23:42:34.303639+00:00,"{""category_id"": 15}"
d26a5c2d-c0e3-4e7a-b469-51a30a2caefb,cart_item_quantity_updated,94,sim-u94-s3,35,,synthetic,3,2026-04-09T23:44:32.303639+00:00,"{""category_id"": 15, ""quantity"": 4}"
9e633c31-227e-4a98-a9e7-bb7533e6d2f7,checkout_started,94,sim-u94-s3,,checkout,synthetic,4,2026-04-09T23:45:20.303639+00:00,{}
7e7258f8-8eef-4e12-a7eb-b7601b9a79a1,order_created,94,sim-u94-s3,35,,synthetic,5,2026-04-09T23:47:45.303639+00:00,"{""category_id"": 15}"
c1335dfe-793f-4b99-9003-86ea5b073a59,order_paid,94,sim-u94-s3,35,,synthetic,6,2026-04-09T23:48:33.303639+00:00,"{""category_id"": 15}"
8b9d5417-5055-4a9b-a004-4bcf77c8444f,order_completed,94,sim-u94-s3,35,,synthetic,6,2026-04-09T23:49:50.303639+00:00,"{""category_id"": 15}"
87da1336-5168-4b7f-a6f3-f543b2ab40a2,chat_message_sent,94,sim-u94-s3,35,Nen chon mau nao cho cong viec van phong,synthetic,2,2026-04-09T23:51:41.303639+00:00,"{""category_id"": 15, ""intent"": ""advice""}"
5496ee0c-8093-472c-9545-99dce61b1a47,chat_started,3,sim-u3-s1,,start session,synthetic,1,2026-04-10T00:52:34.303639+00:00,"{""channel"": ""web""}"
2a40b688-146a-4f7c-a8a9-4143b132927a,search_performed,3,sim-u3-s1,,mechanical keyboard,synthetic,1,2026-04-10T00:54:53.303639+00:00,"{""search_query"": ""mechanical keyboard""}"
9db6e07a-495b-4ad2-a6ee-7502e8ba4e97,product_clicked,3,sim-u3-s1,22,,synthetic,2,2026-04-10T00:55:26.303639+00:00,"{""category_id"": 9}"
d457dc7f-5c14-40ca-a3d1-99c6db68cf4a,product_viewed,3,sim-u3-s1,22,,synthetic,1,2026-04-10T00:56:11.303639+00:00,"{""category_id"": 9}"
c47f32c1-aaea-452a-9841-a175bc23232a,cart_viewed,3,sim-u3-s1,,open cart,synthetic,1,2026-04-10T00:57:57.303639+00:00,{}
50a55343-32b0-4dd9-ab30-a06be0dc94f2,cart_item_added,3,sim-u3-s1,22,,synthetic,4,2026-04-10T00:58:44.303639+00:00,"{""category_id"": 9}"
04bddccc-9067-4b52-886d-296059bd7ed9,cart_item_quantity_updated,3,sim-u3-s1,22,,synthetic,3,2026-04-10T01:01:21.303639+00:00,"{""category_id"": 9, ""quantity"": 2}"
37963270-33c6-416f-8787-add6429cb18c,checkout_started,3,sim-u3-s1,,checkout,synthetic,4,2026-04-10T01:03:29.303639+00:00,{}
2e0a698c-4049-477d-81cf-94a6a85c9cf1,order_created,3,sim-u3-s1,22,,synthetic,5,2026-04-10T01:04:35.303639+00:00,"{""category_id"": 9}"
c7954254-5f97-4f82-8a7a-3327b0aa2459,order_paid,3,sim-u3-s1,22,,synthetic,6,2026-04-10T01:05:58.303639+00:00,"{""category_id"": 9}"
28c3c6cd-2d6a-46a7-bf5b-1a35a3a10836,order_completed,3,sim-u3-s1,22,,synthetic,6,2026-04-10T01:06:37.303639+00:00,"{""category_id"": 9}"
9488b987-4233-4df3-a6fd-5758fce5b5f1,chat_message_sent,3,sim-u3-s1,22,Tu van cho toi mot san pham phu hop nhu cau,synthetic,2,2026-04-10T01:07:09.303639+00:00,"{""category_id"": 9, ""intent"": ""advice""}"
f4642dd7-d857-42db-a29f-b9780646b117,search_performed,3,sim-u3-s1,,laptop stand,synthetic,1,2026-04-10T01:07:32.303639+00:00,"{""search_query"": ""laptop stand""}"
450fd15f-79a0-421d-8b1e-0a5143e4f411,product_clicked,3,sim-u3-s1,15,,synthetic,2,2026-04-10T01:08:15.303639+00:00,"{""category_id"": 5}"
53e062d1-337f-48f4-a566-250e09c6a0b8,product_viewed,3,sim-u3-s1,15,,synthetic,1,2026-04-10T01:09:35.303639+00:00,"{""category_id"": 5}"
30ab64a2-120d-4a59-86cb-c4bfe26501d9,cart_viewed,3,sim-u3-s1,,open cart,synthetic,1,2026-04-10T01:11:59.303639+00:00,{}
9c7f4d41-351f-4a14-ad88-dfd9dc068906,cart_item_added,3,sim-u3-s1,15,,synthetic,4,2026-04-10T01:14:22.303639+00:00,"{""category_id"": 5}"
3995f804-2cfc-469b-8b95-a52e48ee1f1e,cart_item_quantity_updated,3,sim-u3-s1,15,,synthetic,3,2026-04-10T01:14:57.303639+00:00,"{""category_id"": 5, ""quantity"": 3}"
fd009d6f-b06c-4428-9728-69e021654545,cart_item_removed,3,sim-u3-s1,15,,synthetic,1,2026-04-10T01:15:17.303639+00:00,"{""category_id"": 5}"
242f2ac5-9357-4ffd-90fc-744ee611b2b0,checkout_started,3,sim-u3-s1,,checkout,synthetic,4,2026-04-10T01:17:16.303639+00:00,{}
eedac3df-48ff-43fb-91fe-8145ae8c9256,order_created,3,sim-u3-s1,15,,synthetic,5,2026-04-10T01:18:43.303639+00:00,"{""category_id"": 5}"
85e24d74-646b-4877-aa7f-2e98753482cb,order_cancelled,3,sim-u3-s1,15,,synthetic,-2,2026-04-10T01:20:59.303639+00:00,"{""category_id"": 5}"
edc1e2f3-2540-43e6-8433-1f9749fd3d2e,chat_message_sent,3,sim-u3-s1,15,Co goi y san pham thay the khong,synthetic,2,2026-04-10T01:21:58.303639+00:00,"{""category_id"": 5, ""intent"": ""advice""}"
3a21f3fd-2fd4-4966-b475-b0f1a62994c6,chat_started,66,sim-u66-s2,,start session,synthetic,1,2026-04-10T03:08:54.303639+00:00,"{""channel"": ""web""}"
2ded38dc-1c08-484c-b569-0e544be897c5,search_performed,66,sim-u66-s2,,laptop stand,synthetic,1,2026-04-10T03:11:05.303639+00:00,"{""search_query"": ""laptop stand""}"
08ffde81-3a8d-4525-89ae-f73359cd6283,product_clicked,66,sim-u66-s2,20,,synthetic,2,2026-04-10T03:13:13.303639+00:00,"{""category_id"": 8}"
61ea76fe-e53f-46c1-969c-3eadf94e9612,product_viewed,66,sim-u66-s2,20,,synthetic,1,2026-04-10T03:13:42.303639+00:00,"{""category_id"": 8}"
2538a6f2-4dcf-4068-b27c-5f3ebd44941a,cart_viewed,66,sim-u66-s2,,open cart,synthetic,1,2026-04-10T03:15:11.303639+00:00,{}
80dbb4d7-7c89-4c15-8bb1-c63c0da7bfd0,cart_item_added,66,sim-u66-s2,20,,synthetic,4,2026-04-10T03:16:05.303639+00:00,"{""category_id"": 8}"
2ad5e589-71c0-455e-924c-ab52d40341b1,cart_item_quantity_updated,66,sim-u66-s2,20,,synthetic,3,2026-04-10T03:18:45.303639+00:00,"{""category_id"": 8, ""quantity"": 3}"
a5e45b8a-2b6c-4c4a-8c14-51ee7c0cd941,cart_item_removed,66,sim-u66-s2,20,,synthetic,1,2026-04-10T03:19:15.303639+00:00,"{""category_id"": 8}"
0164576f-0492-44bd-a751-ecd14661c007,checkout_started,66,sim-u66-s2,,checkout,synthetic,4,2026-04-10T03:21:39.303639+00:00,{}
9602576c-7248-4f47-984c-f2334905357f,order_created,66,sim-u66-s2,20,,synthetic,5,2026-04-10T03:22:04.303639+00:00,"{""category_id"": 8}"
c1d8ae79-382b-4982-9042-b294908a0d46,order_paid,66,sim-u66-s2,20,,synthetic,6,2026-04-10T03:22:45.303639+00:00,"{""category_id"": 8}"
4277ad47-4383-463d-803a-0b5c0b6c642d,order_completed,66,sim-u66-s2,20,,synthetic,6,2026-04-10T03:24:25.303639+00:00,"{""category_id"": 8}"
bf5d4730-85b2-48f5-a5ef-b65d785b213d,chat_message_sent,66,sim-u66-s2,20,Tu van cho toi mot san pham phu hop nhu cau,synthetic,2,2026-04-10T03:26:29.303639+00:00,"{""category_id"": 8, ""intent"": ""advice""}"
8cf01f1b-ed79-4ac7-a99c-be97a7208d25,search_performed,66,sim-u66-s2,,noise cancelling headset,synthetic,1,2026-04-10T03:27:12.303639+00:00,"{""search_query"": ""noise cancelling headset""}"
0d294c27-7f4f-4f3e-95c5-b61197694ca8,product_clicked,66,sim-u66-s2,7,,synthetic,2,2026-04-10T03:29:13.303639+00:00,"{""category_id"": 1}"
7f3e8ef7-32ae-48ff-9556-cc9bf3fa47c4,product_viewed,66,sim-u66-s2,7,,synthetic,1,2026-04-10T03:30:08.303639+00:00,"{""category_id"": 1}"
5b26e99d-31ca-4f61-a0ee-c9fb0260161d,cart_viewed,66,sim-u66-s2,,open cart,synthetic,1,2026-04-10T03:32:54.303639+00:00,{}
292117cf-40ce-4de2-b2d3-bac7ea5bb932,cart_item_added,66,sim-u66-s2,7,,synthetic,4,2026-04-10T03:35:22.303639+00:00,"{""category_id"": 1}"
3a14f800-93cb-4709-b40b-565361eb6253,checkout_started,66,sim-u66-s2,,checkout,synthetic,4,2026-04-10T03:38:10.303639+00:00,{}
3fb0352a-78a0-4c97-8c04-5cadda9c4617,order_created,66,sim-u66-s2,7,,synthetic,5,2026-04-10T03:40:44.303639+00:00,"{""category_id"": 1}"
21d21b1a-2527-457d-afd8-3599401d5be1,order_paid,66,sim-u66-s2,7,,synthetic,6,2026-04-10T03:41:27.303639+00:00,"{""category_id"": 1}"
05ea3341-0af5-4edc-8ee1-86d6ba1222da,order_completed,66,sim-u66-s2,7,,synthetic,6,2026-04-10T03:42:47.303639+00:00,"{""category_id"": 1}"
dcd8c1c5-f710-4c49-8fe2-f8efe60f74b5,chat_message_sent,66,sim-u66-s2,7,Nen chon mau nao cho cong viec van phong,synthetic,2,2026-04-10T03:44:31.303639+00:00,"{""category_id"": 1, ""intent"": ""advice""}"
58390df8-1efa-4573-ae6e-26f7e38990ec,chat_started,61,sim-u61-s1,,start session,synthetic,1,2026-04-10T05:19:39.303639+00:00,"{""channel"": ""web""}"
8a9f0362-fa60-4171-b01c-908f369f2583,search_performed,61,sim-u61-s1,,gaming keyboard,synthetic,1,2026-04-10T05:20:09.303639+00:00,"{""search_query"": ""gaming keyboard""}"
e19d5e9f-e540-4530-876a-b608df915262,chat_started,91,sim-u91-s3,,start session,synthetic,1,2026-04-10T05:21:40.303639+00:00,"{""channel"": ""web""}"
dfe181a8-8215-4b5e-9ca8-fd4f88beab1a,product_clicked,61,sim-u61-s1,28,,synthetic,2,2026-04-10T05:21:50.303639+00:00,"{""category_id"": 12}"
fc0f9118-47c7-4125-a0a4-fe1a0c34f58c,chat_started,54,sim-u54-s1,,start session,synthetic,1,2026-04-10T05:22:52.303639+00:00,"{""channel"": ""web""}"
274108ca-2a30-4da5-8293-f03fe0bac4b1,search_performed,54,sim-u54-s1,,wireless mouse,synthetic,1,2026-04-10T05:23:28.303639+00:00,"{""search_query"": ""wireless mouse""}"
a9093754-a274-4392-a957-7df262b6dc5a,search_performed,91,sim-u91-s3,,gaming keyboard,synthetic,1,2026-04-10T05:23:47.303639+00:00,"{""search_query"": ""gaming keyboard""}"
33da9272-ffe2-47ab-9558-4ef106ca65f0,product_viewed,61,sim-u61-s1,28,,synthetic,1,2026-04-10T05:24:37.303639+00:00,"{""category_id"": 12}"
77886b41-7ed8-496c-b535-f571317b9f2f,product_clicked,54,sim-u54-s1,20,,synthetic,2,2026-04-10T05:25:49.303639+00:00,"{""category_id"": 8}"
70e7f6bb-504d-4d59-8c92-296d79d68c82,cart_viewed,61,sim-u61-s1,,open cart,synthetic,1,2026-04-10T05:26:03.303639+00:00,{}
2ba7acb3-eedb-4f01-848b-5ce63cb4e48e,product_clicked,91,sim-u91-s3,27,,synthetic,2,2026-04-10T05:26:12.303639+00:00,"{""category_id"": 11}"
91feaded-9e23-4e50-b4aa-86eca77208dc,product_viewed,54,sim-u54-s1,20,,synthetic,1,2026-04-10T05:26:37.303639+00:00,"{""category_id"": 8}"
5a0e9f08-44e0-4e7c-9d00-e6ec29843233,cart_item_added,61,sim-u61-s1,28,,synthetic,4,2026-04-10T05:27:57.303639+00:00,"{""category_id"": 12}"
e121ba16-069d-4b19-9e22-0bedb0dd03b4,cart_item_quantity_updated,61,sim-u61-s1,28,,synthetic,3,2026-04-10T05:28:25.303639+00:00,"{""category_id"": 12, ""quantity"": 4}"
be3125cc-308a-4d72-a88d-ff6aebc753b2,product_viewed,91,sim-u91-s3,27,,synthetic,1,2026-04-10T05:28:52.303639+00:00,"{""category_id"": 11}"
eedfffdb-a6e6-4bbc-afcc-2ac2ac175d93,cart_viewed,54,sim-u54-s1,,open cart,synthetic,1,2026-04-10T05:28:55.303639+00:00,{}
20467f0b-b05c-4f57-9aeb-b417a53e9114,cart_viewed,91,sim-u91-s3,,open cart,synthetic,1,2026-04-10T05:29:44.303639+00:00,{}
1fdfa908-efd9-4f9b-9dea-24d8ccdbae9d,cart_item_added,54,sim-u54-s1,20,,synthetic,4,2026-04-10T05:29:58.303639+00:00,"{""category_id"": 8}"
b80643ab-c113-4ee1-ab5a-8727f049da91,checkout_started,61,sim-u61-s1,,checkout,synthetic,4,2026-04-10T05:30:13.303639+00:00,{}
42b49b14-9b7a-4029-88cc-dfbb1d940b39,order_created,61,sim-u61-s1,28,,synthetic,5,2026-04-10T05:31:10.303639+00:00,"{""category_id"": 12}"
079d80a2-3d34-46d4-b5cb-c3de4117dffa,cart_item_added,91,sim-u91-s3,27,,synthetic,4,2026-04-10T05:31:27.303639+00:00,"{""category_id"": 11}"
2cff3c52-568a-4cd8-9e3f-d6a151874afd,cart_item_quantity_updated,54,sim-u54-s1,20,,synthetic,3,2026-04-10T05:32:52.303639+00:00,"{""category_id"": 8, ""quantity"": 3}"
afbec5d8-8fa5-4ff4-8229-bf441592b375,checkout_started,91,sim-u91-s3,,checkout,synthetic,4,2026-04-10T05:33:29.303639+00:00,{}
9aef0cae-fe15-4beb-8f1d-4437d413daf3,order_paid,61,sim-u61-s1,28,,synthetic,6,2026-04-10T05:33:48.303639+00:00,"{""category_id"": 12}"
c2dbed77-d102-41cb-9b22-bdc0348731c6,order_completed,61,sim-u61-s1,28,,synthetic,6,2026-04-10T05:34:49.303639+00:00,"{""category_id"": 12}"
2ed2ef64-aa54-4ecc-a783-58b4a5e7b341,chat_message_sent,61,sim-u61-s1,28,Tu van cho toi mot san pham phu hop nhu cau,synthetic,2,2026-04-10T05:35:15.303639+00:00,"{""category_id"": 12, ""intent"": ""advice""}"
bf0a0258-e0e4-4639-905e-6e06c12e520a,checkout_started,54,sim-u54-s1,,checkout,synthetic,4,2026-04-10T05:35:22.303639+00:00,{}
30aae0af-c07c-4c50-aeaf-edb39378ccd7,order_created,91,sim-u91-s3,27,,synthetic,5,2026-04-10T05:35:57.303639+00:00,"{""category_id"": 11}"
ac7b51f6-8c3f-4e91-9004-3a1eb963c68a,order_created,54,sim-u54-s1,20,,synthetic,5,2026-04-10T05:36:08.303639+00:00,"{""category_id"": 8}"
6465de49-8b6f-4557-979b-c931d940afc8,order_paid,54,sim-u54-s1,20,,synthetic,6,2026-04-10T05:36:55.303639+00:00,"{""category_id"": 8}"
1a3031bc-f6b5-4392-95df-f03c3c018168,order_paid,91,sim-u91-s3,27,,synthetic,6,2026-04-10T05:37:56.303639+00:00,"{""category_id"": 11}"
9446066b-b939-4661-b018-b43c94137961,order_completed,54,sim-u54-s1,20,,synthetic,6,2026-04-10T05:38:38.303639+00:00,"{""category_id"": 8}"
0fd874c1-0b54-4e6d-85a8-6396b56e0142,order_completed,91,sim-u91-s3,27,,synthetic,6,2026-04-10T05:38:49.303639+00:00,"{""category_id"": 11}"
0fcdd94a-b573-4299-b8a1-7b81f3bf1e78,chat_message_sent,91,sim-u91-s3,27,Tu van cho toi mot san pham phu hop nhu cau,synthetic,2,2026-04-10T05:39:14.303639+00:00,"{""category_id"": 11, ""intent"": ""advice""}"
fd9f4f0d-c2cd-4399-a218-4ddb78e75be8,chat_message_sent,54,sim-u54-s1,20,Tu van cho toi mot san pham phu hop nhu cau,synthetic,2,2026-04-10T05:40:15.303639+00:00,"{""category_id"": 8, ""intent"": ""advice""}"
d4aee6f1-89fc-4f57-9a5f-85e04ad71375,search_performed,91,sim-u91-s3,,office chair,synthetic,1,2026-04-10T05:41:02.303639+00:00,"{""search_query"": ""office chair""}"
7319711c-7ebb-4b9c-a732-d07cdc821bfd,search_performed,54,sim-u54-s1,,usb c hub,synthetic,1,2026-04-10T05:42:17.303639+00:00,"{""search_query"": ""usb c hub""}"
a9ae02e5-628c-4345-aa49-e650ba7f84af,product_clicked,91,sim-u91-s3,31,,synthetic,2,2026-04-10T05:43:30.303639+00:00,"{""category_id"": 13}"
29e592ff-d9d4-404b-99fa-a8d2e2e70114,product_viewed,91,sim-u91-s3,31,,synthetic,1,2026-04-10T05:43:53.303639+00:00,"{""category_id"": 13}"
2554f970-fe4d-41a3-b8c6-f38c565c95ea,product_clicked,54,sim-u54-s1,18,,synthetic,2,2026-04-10T05:45:08.303639+00:00,"{""category_id"": 7}"
020ae0e5-753e-47c6-927d-69ac759fcd8f,cart_viewed,91,sim-u91-s3,,open cart,synthetic,1,2026-04-10T05:45:13.303639+00:00,{}
32c97139-604f-49ec-810b-24d0be260101,cart_item_added,91,sim-u91-s3,31,,synthetic,4,2026-04-10T05:45:46.303639+00:00,"{""category_id"": 13}"
02056007-9790-4836-8f6d-867985fcd17d,product_viewed,54,sim-u54-s1,18,,synthetic,1,2026-04-10T05:47:13.303639+00:00,"{""category_id"": 7}"
4f1a37c5-89bf-43b7-9349-e227959147b3,cart_viewed,54,sim-u54-s1,,open cart,synthetic,1,2026-04-10T05:48:35.303639+00:00,{}
e37ddc70-f061-4fb1-b930-8431267f1d84,checkout_started,91,sim-u91-s3,,checkout,synthetic,4,2026-04-10T05:48:38.303639+00:00,{}
38153d5f-375e-45b6-aedf-798f9ee26393,order_created,91,sim-u91-s3,31,,synthetic,5,2026-04-10T05:49:00.303639+00:00,"{""category_id"": 13}"
55feaadd-ec67-471d-af22-c9320c4f2097,order_paid,91,sim-u91-s3,31,,synthetic,6,2026-04-10T05:50:34.303639+00:00,"{""category_id"": 13}"
7bcc8597-76ec-47c5-909f-4c0459c2b33c,cart_item_added,54,sim-u54-s1,18,,synthetic,4,2026-04-10T05:51:15.303639+00:00,"{""category_id"": 7}"
f1e9d71f-791e-4232-bd90-914bf782e3c8,order_completed,91,sim-u91-s3,31,,synthetic,6,2026-04-10T05:52:06.303639+00:00,"{""category_id"": 13}"
87924f15-6eb9-4fec-a8b9-2d0750736d2c,cart_item_quantity_updated,54,sim-u54-s1,18,,synthetic,3,2026-04-10T05:53:13.303639+00:00,"{""category_id"": 7, ""quantity"": 3}"
efc8e932-9dd7-4125-a0c4-f818c312b2a6,chat_message_sent,91,sim-u91-s3,31,Co goi y san pham thay the khong,synthetic,2,2026-04-10T05:53:29.303639+00:00,"{""category_id"": 13, ""intent"": ""advice""}"
ca1b5c07-85db-47c4-a411-0da059f65eab,cart_item_removed,54,sim-u54-s1,18,,synthetic,1,2026-04-10T05:54:26.303639+00:00,"{""category_id"": 7}"
f7858041-4662-4a1c-8911-73a37374087f,search_performed,91,sim-u91-s3,,office chair,synthetic,1,2026-04-10T05:55:59.303639+00:00,"{""search_query"": ""office chair""}"
24594f02-5e4b-45ec-a6cb-b9df3fbafc9a,product_clicked,91,sim-u91-s3,16,,synthetic,2,2026-04-10T05:57:06.303639+00:00,"{""category_id"": 6}"
71b344f7-872b-4b8d-a103-4b31c5040adf,checkout_started,54,sim-u54-s1,,checkout,synthetic,4,2026-04-10T05:57:17.303639+00:00,{}
7e415b7b-dc40-4f0f-8487-4e7483cb0828,product_viewed,91,sim-u91-s3,16,,synthetic,1,2026-04-10T05:58:29.303639+00:00,"{""category_id"": 6}"
a8b27eea-fc79-404f-bf3e-08522af3b9bf,cart_viewed,91,sim-u91-s3,,open cart,synthetic,1,2026-04-10T05:59:18.303639+00:00,{}
50404e2d-1b0f-439d-9e83-5c9bfd0e3306,order_created,54,sim-u54-s1,18,,synthetic,5,2026-04-10T05:59:27.303639+00:00,"{""category_id"": 7}"
13205d2f-9261-4a0b-9613-68de1c90d08d,cart_item_added,91,sim-u91-s3,16,,synthetic,4,2026-04-10T06:00:45.303639+00:00,"{""category_id"": 6}"
ec671e8a-bc13-4a86-aa7e-c265e5161e80,order_paid,54,sim-u54-s1,18,,synthetic,6,2026-04-10T06:01:38.303639+00:00,"{""category_id"": 7}"
8f439cce-bc01-4762-8526-86af5e1e4bac,cart_item_removed,91,sim-u91-s3,16,,synthetic,1,2026-04-10T06:02:54.303639+00:00,"{""category_id"": 6}"
b029a86d-0804-4e7b-b524-2725e175039e,checkout_started,91,sim-u91-s3,,checkout,synthetic,4,2026-04-10T06:04:04.303639+00:00,{}
b28d89ac-4aee-4c49-a387-3ae939f807fb,order_completed,54,sim-u54-s1,18,,synthetic,6,2026-04-10T06:04:23.303639+00:00,"{""category_id"": 7}"
0ca51730-793f-47a4-9376-198a0301ae44,order_created,91,sim-u91-s3,16,,synthetic,5,2026-04-10T06:06:25.303639+00:00,"{""category_id"": 6}"
2dcf201b-fa5b-4843-86df-658b412cd3e0,order_paid,91,sim-u91-s3,16,,synthetic,6,2026-04-10T06:07:11.303639+00:00,"{""category_id"": 6}"
13eea702-a871-4bb9-960b-130fcadff0f0,order_completed,91,sim-u91-s3,16,,synthetic,6,2026-04-10T06:09:39.303639+00:00,"{""category_id"": 6}"
70b43b97-72f2-4d9b-a529-8c4a704b57e6,chat_message_sent,91,sim-u91-s3,16,San pham nay co uu diem gi,synthetic,2,2026-04-10T06:12:30.303639+00:00,"{""category_id"": 6, ""intent"": ""advice""}"
e6b13f8f-3d9d-473a-9187-d0785e3f13ee,chat_started,13,sim-u13-s3,,start session,synthetic,1,2026-04-10T07:31:00.303639+00:00,"{""channel"": ""web""}"
624fba89-01e1-4e3b-a6b9-25cb915e72d5,search_performed,13,sim-u13-s3,,usb c hub,synthetic,1,2026-04-10T07:33:18.303639+00:00,"{""search_query"": ""usb c hub""}"
81c0536e-0a9b-413e-b94e-0878b9c9fe97,product_clicked,13,sim-u13-s3,11,,synthetic,2,2026-04-10T07:36:02.303639+00:00,"{""category_id"": 3}"
2edcdc63-d092-4ac4-8c13-7c2e00bfea0d,product_viewed,13,sim-u13-s3,11,,synthetic,1,2026-04-10T07:38:50.303639+00:00,"{""category_id"": 3}"
991aef72-6db9-48e5-963e-326b0247bc94,cart_viewed,13,sim-u13-s3,,open cart,synthetic,1,2026-04-10T07:41:34.303639+00:00,{}
33a40637-dc33-4df0-992b-6714a432a2e3,cart_item_added,13,sim-u13-s3,11,,synthetic,4,2026-04-10T07:44:33.303639+00:00,"{""category_id"": 3}"
e221c88a-fb62-42ec-a915-eaa7665298a8,cart_item_quantity_updated,13,sim-u13-s3,11,,synthetic,3,2026-04-10T07:46:13.303639+00:00,"{""category_id"": 3, ""quantity"": 4}"
49b4c178-caee-4d24-b151-bdf2924cd7ca,cart_item_removed,13,sim-u13-s3,11,,synthetic,1,2026-04-10T07:46:50.303639+00:00,"{""category_id"": 3}"
eab52b1e-eb90-4814-81a8-8d5165376e06,checkout_started,13,sim-u13-s3,,checkout,synthetic,4,2026-04-10T07:49:10.303639+00:00,{}
234981c0-9f21-4cfe-bbc3-47d49e0903ee,order_created,13,sim-u13-s3,11,,synthetic,5,2026-04-10T07:51:23.303639+00:00,"{""category_id"": 3}"
5ff8748f-c0b2-4a47-b29f-cd3bd5a9ffd0,chat_started,56,sim-u56-s1,,start session,synthetic,1,2026-04-10T07:52:41.303639+00:00,"{""channel"": ""web""}"
b5a0312f-86c2-4d7c-9d23-2b482b3848d6,order_paid,13,sim-u13-s3,11,,synthetic,6,2026-04-10T07:52:53.303639+00:00,"{""category_id"": 3}"
5de59893-6c15-462f-91eb-7ee40a6ddd38,search_performed,56,sim-u56-s1,,noise cancelling headset,synthetic,1,2026-04-10T07:53:45.303639+00:00,"{""search_query"": ""noise cancelling headset""}"
05759fc4-5fa3-4773-9ff9-ec5dd50c433d,product_clicked,56,sim-u56-s1,21,,synthetic,2,2026-04-10T07:55:11.303639+00:00,"{""category_id"": 8}"
7d1ae06f-3d33-42d7-a75c-50a48f096552,order_completed,13,sim-u13-s3,11,,synthetic,6,2026-04-10T07:55:44.303639+00:00,"{""category_id"": 3}"
528ab1bd-c1f0-4466-92f1-72d9fe806239,product_viewed,56,sim-u56-s1,21,,synthetic,1,2026-04-10T07:56:31.303639+00:00,"{""category_id"": 8}"
a56bbfcb-c01d-44bb-9a94-529b12e36b7d,chat_message_sent,13,sim-u13-s3,11,Tu van cho toi mot san pham phu hop nhu cau,synthetic,2,2026-04-10T07:57:23.303639+00:00,"{""category_id"": 3, ""intent"": ""advice""}"
bcced8d5-fb0b-4fc6-bcf1-990eb66bbe44,cart_viewed,56,sim-u56-s1,,open cart,synthetic,1,2026-04-10T07:59:06.303639+00:00,{}
d6be5b5d-c301-44e5-9ad5-c3d9169ac2c6,cart_item_added,56,sim-u56-s1,21,,synthetic,4,2026-04-10T07:59:34.303639+00:00,"{""category_id"": 8}"
1c57b7f4-3b31-4f31-8bd1-3e5bb7a045f3,cart_item_quantity_updated,56,sim-u56-s1,21,,synthetic,3,2026-04-10T08:00:31.303639+00:00,"{""category_id"": 8, ""quantity"": 2}"
0cc48df9-4268-4e73-92f0-dfce32432fdb,checkout_started,56,sim-u56-s1,,checkout,synthetic,4,2026-04-10T08:01:30.303639+00:00,{}
4a8c7fa0-9913-4df5-8c3f-5b6414ba1903,order_created,56,sim-u56-s1,21,,synthetic,5,2026-04-10T08:03:56.303639+00:00,"{""category_id"": 8}"
1e32e1fc-ce8f-4014-9d9c-58818e85194c,order_paid,56,sim-u56-s1,21,,synthetic,6,2026-04-10T08:06:01.303639+00:00,"{""category_id"": 8}"
c1da5a3c-cfca-4161-a103-a359a3810aeb,order_completed,56,sim-u56-s1,21,,synthetic,6,2026-04-10T08:07:59.303639+00:00,"{""category_id"": 8}"
d07f6087-cae9-4416-8ae7-4d6ea782d38b,chat_message_sent,56,sim-u56-s1,21,Co goi y san pham thay the khong,synthetic,2,2026-04-10T08:09:01.303639+00:00,"{""category_id"": 8, ""intent"": ""advice""}"
61a871cf-db02-40f7-8d76-8ae7934774e6,search_performed,56,sim-u56-s1,,webcam full hd,synthetic,1,2026-04-10T08:10:49.303639+00:00,"{""search_query"": ""webcam full hd""}"
4720d286-bf55-4b25-96d6-b1496499b20c,product_clicked,56,sim-u56-s1,29,,synthetic,2,2026-04-10T08:11:22.303639+00:00,"{""category_id"": 12}"
92710029-c1b3-4277-b5ee-3e7209ad60b0,product_viewed,56,sim-u56-s1,29,,synthetic,1,2026-04-10T08:12:49.303639+00:00,"{""category_id"": 12}"
2d88dad2-5deb-4b62-a3d3-62bbbaafe7f6,cart_viewed,56,sim-u56-s1,,open cart,synthetic,1,2026-04-10T08:13:38.303639+00:00,{}
855052d9-dc94-4643-9621-574619601f5e,cart_item_added,56,sim-u56-s1,29,,synthetic,4,2026-04-10T08:14:11.303639+00:00,"{""category_id"": 12}"
f4033562-0d5d-4538-9065-8027154aea24,cart_item_quantity_updated,56,sim-u56-s1,29,,synthetic,3,2026-04-10T08:16:32.303639+00:00,"{""category_id"": 12, ""quantity"": 3}"
daae9b7f-189d-4f42-a5c9-68008f3d13f3,checkout_started,56,sim-u56-s1,,checkout,synthetic,4,2026-04-10T08:19:08.303639+00:00,{}
041ea1aa-1460-4849-b983-99c2e54032c0,order_created,56,sim-u56-s1,29,,synthetic,5,2026-04-10T08:20:27.303639+00:00,"{""category_id"": 12}"
b06f08f9-760a-4417-9067-e319d38910d9,order_paid,56,sim-u56-s1,29,,synthetic,6,2026-04-10T08:22:26.303639+00:00,"{""category_id"": 12}"
9bae19cc-e30f-423f-8fe0-53c1813991ad,order_completed,56,sim-u56-s1,29,,synthetic,6,2026-04-10T08:24:47.303639+00:00,"{""category_id"": 12}"
3183ddd4-b158-4041-8f01-fe543d9c2225,chat_message_sent,56,sim-u56-s1,29,Co goi y san pham thay the khong,synthetic,2,2026-04-10T08:25:10.303639+00:00,"{""category_id"": 12, ""intent"": ""advice""}"
9d44e2c5-7cf7-429e-ab23-14e75ba5ba70,search_performed,56,sim-u56-s1,,usb c hub,synthetic,1,2026-04-10T08:27:07.303639+00:00,"{""search_query"": ""usb c hub""}"
8c214284-0d2b-4cd9-96ae-284505a12d97,product_clicked,56,sim-u56-s1,26,,synthetic,2,2026-04-10T08:28:47.303639+00:00,"{""category_id"": 11}"
51a75245-337d-427c-b5eb-246b080c0470,chat_started,30,sim-u30-s3,,start session,synthetic,1,2026-04-10T08:30:04.303639+00:00,"{""channel"": ""web""}"
2daef10c-ab31-4315-bcc0-afa6b6ae9f36,product_viewed,56,sim-u56-s1,26,,synthetic,1,2026-04-10T08:31:22.303639+00:00,"{""category_id"": 11}"
818a9750-9f8c-4227-9858-e9f06dc5b0cc,cart_viewed,56,sim-u56-s1,,open cart,synthetic,1,2026-04-10T08:31:52.303639+00:00,{}
5ac85bb4-6989-4677-8e1b-1ac59561159a,search_performed,30,sim-u30-s3,,mechanical keyboard,synthetic,1,2026-04-10T08:32:13.303639+00:00,"{""search_query"": ""mechanical keyboard""}"
08b4e0ad-d796-4908-8811-0cf08532f559,cart_item_added,56,sim-u56-s1,26,,synthetic,4,2026-04-10T08:32:36.303639+00:00,"{""category_id"": 11}"
8410a3b8-ed38-4e52-b46d-e25146bcaf99,product_clicked,30,sim-u30-s3,35,,synthetic,2,2026-04-10T08:33:17.303639+00:00,"{""category_id"": 15}"
55fb158b-21c0-4df1-a310-aca024ffad28,checkout_started,56,sim-u56-s1,,checkout,synthetic,4,2026-04-10T08:34:46.303639+00:00,{}
055b7c6a-f1e3-49e1-bd2b-66957dfbb4df,product_viewed,30,sim-u30-s3,35,,synthetic,1,2026-04-10T08:35:07.303639+00:00,"{""category_id"": 15}"
d5f1d726-0c06-42de-a741-c8bd37bf2b72,cart_viewed,30,sim-u30-s3,,open cart,synthetic,1,2026-04-10T08:36:14.303639+00:00,{}
62deb489-f396-4d29-8e4f-b79ffe66dd36,order_created,56,sim-u56-s1,26,,synthetic,5,2026-04-10T08:37:42.303639+00:00,"{""category_id"": 11}"
f13ee35e-5894-4d29-906d-85324d5a6362,cart_item_added,30,sim-u30-s3,35,,synthetic,4,2026-04-10T08:37:44.303639+00:00,"{""category_id"": 15}"
1c32ee15-38b4-4fa5-8ecf-9a677b0836c7,cart_item_quantity_updated,30,sim-u30-s3,35,,synthetic,3,2026-04-10T08:38:12.303639+00:00,"{""category_id"": 15, ""quantity"": 2}"
3e178f0e-7442-4613-930c-1d6e73e2e4ca,order_cancelled,56,sim-u56-s1,26,,synthetic,-2,2026-04-10T08:39:11.303639+00:00,"{""category_id"": 11}"
8bdc9419-13dc-4842-9a60-7fc584bc9bce,chat_message_sent,56,sim-u56-s1,26,Nen chon mau nao cho cong viec van phong,synthetic,2,2026-04-10T08:39:56.303639+00:00,"{""category_id"": 11, ""intent"": ""advice""}"
9a2d2647-d7e5-40e5-835b-fd7263284d25,checkout_started,30,sim-u30-s3,,checkout,synthetic,4,2026-04-10T08:41:09.303639+00:00,{}
f933ce91-310e-4521-a41e-33ec670c8136,order_created,30,sim-u30-s3,35,,synthetic,5,2026-04-10T08:42:31.303639+00:00,"{""category_id"": 15}"
f01bcc32-4bfc-49b0-8958-6f480de617c6,order_paid,30,sim-u30-s3,35,,synthetic,6,2026-04-10T08:44:58.303639+00:00,"{""category_id"": 15}"
f6f0e5f6-c5c2-4e4f-87e8-f84b588f7a70,order_completed,30,sim-u30-s3,35,,synthetic,6,2026-04-10T08:47:03.303639+00:00,"{""category_id"": 15}"
8818043f-7418-4df6-94b3-43cbb5317ec0,search_performed,30,sim-u30-s3,,wireless mouse,synthetic,1,2026-04-10T08:47:45.303639+00:00,"{""search_query"": ""wireless mouse""}"
e491e98e-298c-49a6-9e3a-3d12706ecb08,product_clicked,30,sim-u30-s3,20,,synthetic,2,2026-04-10T08:49:16.303639+00:00,"{""category_id"": 8}"
c35a54d2-0d6d-4bb5-a4af-6c7b7a858c23,product_viewed,30,sim-u30-s3,20,,synthetic,1,2026-04-10T08:51:14.303639+00:00,"{""category_id"": 8}"
3315a499-f6f8-4418-99b7-f86569da0952,cart_viewed,30,sim-u30-s3,,open cart,synthetic,1,2026-04-10T08:52:25.303639+00:00,{}
a0b3b027-874a-483e-b449-4ce37708304f,cart_item_added,30,sim-u30-s3,20,,synthetic,4,2026-04-10T08:54:59.303639+00:00,"{""category_id"": 8}"
12b6e19c-05ed-4b2e-8917-63e9d3a4be27,cart_item_quantity_updated,30,sim-u30-s3,20,,synthetic,3,2026-04-10T08:55:23.303639+00:00,"{""category_id"": 8, ""quantity"": 4}"
61ed2a50-dbd8-4b83-8b88-46e510f97e0f,checkout_started,30,sim-u30-s3,,checkout,synthetic,4,2026-04-10T08:57:14.303639+00:00,{}
dd023659-b776-49b7-a8c9-57fed1ac3b2f,order_created,30,sim-u30-s3,20,,synthetic,5,2026-04-10T08:59:36.303639+00:00,"{""category_id"": 8}"
3e0175c8-f481-48f6-a7af-3e9366a25482,order_paid,30,sim-u30-s3,20,,synthetic,6,2026-04-10T09:02:00.303639+00:00,"{""category_id"": 8}"
0ed61b20-e8c7-4524-8fc8-d0e4b7973c21,order_completed,30,sim-u30-s3,20,,synthetic,6,2026-04-10T09:03:48.303639+00:00,"{""category_id"": 8}"
ea3faf29-535a-4333-8beb-f747e9b1c331,chat_message_sent,30,sim-u30-s3,,Nen chon mau nao cho cong viec van phong,synthetic,2,2026-04-10T09:05:47.303639+00:00,"{""intent"": ""followup""}"
15a4044e-41bb-4378-8fe1-d16453ad9182,chat_started,55,sim-u55-s2,,start session,synthetic,1,2026-04-10T12:35:06.303639+00:00,"{""channel"": ""web""}"
2b232257-0629-48e9-bf1d-472d8f8386ea,search_performed,55,sim-u55-s2,,usb c hub,synthetic,1,2026-04-10T12:37:04.303639+00:00,"{""search_query"": ""usb c hub""}"
527d42f4-70bd-4dae-b762-5898f8d8b5bb,product_clicked,55,sim-u55-s2,9,,synthetic,2,2026-04-10T12:38:54.303639+00:00,"{""category_id"": 2}"
e41f4d4e-c37a-404a-890a-fc75f10a86ef,product_viewed,55,sim-u55-s2,9,,synthetic,1,2026-04-10T12:40:11.303639+00:00,"{""category_id"": 2}"
f090afc7-fdbc-45a3-b497-3e116651aa9f,cart_viewed,55,sim-u55-s2,,open cart,synthetic,1,2026-04-10T12:43:05.303639+00:00,{}
239f7fc7-0263-4535-ab7b-e5182eacd4e6,cart_item_added,55,sim-u55-s2,9,,synthetic,4,2026-04-10T12:43:26.303639+00:00,"{""category_id"": 2}"
c38c3d38-b29d-4a04-bce5-21ecdac97555,cart_item_quantity_updated,55,sim-u55-s2,9,,synthetic,3,2026-04-10T12:44:46.303639+00:00,"{""category_id"": 2, ""quantity"": 4}"
b4151c59-a455-4c25-99c9-39c27974776c,checkout_started,55,sim-u55-s2,,checkout,synthetic,4,2026-04-10T12:46:14.303639+00:00,{}
e58bf831-1595-41cb-906e-e23e8d190230,order_created,55,sim-u55-s2,9,,synthetic,5,2026-04-10T12:48:19.303639+00:00,"{""category_id"": 2}"
a74cef19-b8eb-475a-b13c-48f7082c1334,order_cancelled,55,sim-u55-s2,9,,synthetic,-2,2026-04-10T12:51:06.303639+00:00,"{""category_id"": 2}"
d1032363-8d69-4b5b-8bae-b2e944faa523,chat_message_sent,55,sim-u55-s2,9,Tu van cho toi mot san pham phu hop nhu cau,synthetic,2,2026-04-10T12:53:51.303639+00:00,"{""category_id"": 2, ""intent"": ""advice""}"
81c90669-32bc-400c-a569-29744dcaf850,search_performed,55,sim-u55-s2,,noise cancelling headset,synthetic,1,2026-04-10T12:54:39.303639+00:00,"{""search_query"": ""noise cancelling headset""}"
317a33d5-b77f-4ead-b974-dcbfdad4c27e,product_clicked,55,sim-u55-s2,20,,synthetic,2,2026-04-10T12:57:27.303639+00:00,"{""category_id"": 8}"
8da78820-0445-4f57-ba50-4ae03e5154fd,product_viewed,55,sim-u55-s2,20,,synthetic,1,2026-04-10T12:59:50.303639+00:00,"{""category_id"": 8}"
6a3bbc10-da82-4c83-bc4f-a60218d24e9a,chat_message_sent,55,sim-u55-s2,20,Nen chon mau nao cho cong viec van phong,synthetic,2,2026-04-10T13:02:09.303639+00:00,"{""category_id"": 8, ""intent"": ""advice""}"
feb995bf-bdb2-4a40-a00a-f5f683054346,search_performed,55,sim-u55-s2,,gaming keyboard,synthetic,1,2026-04-10T13:04:42.303639+00:00,"{""search_query"": ""gaming keyboard""}"
dab8b40f-ef6e-48bf-b32a-6ae461e62f3a,product_clicked,55,sim-u55-s2,19,,synthetic,2,2026-04-10T13:07:38.303639+00:00,"{""category_id"": 7}"
21973de2-a4a1-4a3b-9684-e2ca59cf2e56,chat_started,58,sim-u58-s1,,start session,synthetic,1,2026-04-10T13:08:03.303639+00:00,"{""channel"": ""web""}"
894e732e-d063-428e-b4c9-304e9d142ad8,product_viewed,55,sim-u55-s2,19,,synthetic,1,2026-04-10T13:08:20.303639+00:00,"{""category_id"": 7}"
2adefca9-a559-40ce-aae3-62638f0f41b0,cart_viewed,55,sim-u55-s2,,open cart,synthetic,1,2026-04-10T13:08:59.303639+00:00,{}
99605ac9-8114-4b73-959b-d02e5c003328,search_performed,58,sim-u58-s1,,gaming keyboard,synthetic,1,2026-04-10T13:10:59.303639+00:00,"{""search_query"": ""gaming keyboard""}"
50750af9-99ad-4b7d-9074-87d94541b1e4,cart_item_added,55,sim-u55-s2,19,,synthetic,4,2026-04-10T13:11:37.303639+00:00,"{""category_id"": 7}"
0e8234dd-b026-4b9a-b88f-a2ccd5646a4b,checkout_started,55,sim-u55-s2,,checkout,synthetic,4,2026-04-10T13:12:10.303639+00:00,{}
d559ce07-9326-4942-ad59-205d040e6cdb,product_clicked,58,sim-u58-s1,31,,synthetic,2,2026-04-10T13:12:55.303639+00:00,"{""category_id"": 13}"
423c1eb1-76c9-470c-baff-690019a5686d,product_viewed,58,sim-u58-s1,31,,synthetic,1,2026-04-10T13:13:55.303639+00:00,"{""category_id"": 13}"
d292e8b0-f8e4-4a61-939a-14c069225a8b,order_created,55,sim-u55-s2,19,,synthetic,5,2026-04-10T13:13:57.303639+00:00,"{""category_id"": 7}"
71d1d9c9-c780-431f-86da-375b2af0dc81,order_paid,55,sim-u55-s2,19,,synthetic,6,2026-04-10T13:14:19.303639+00:00,"{""category_id"": 7}"
df751b89-54f0-411e-9b02-2586bc254afc,cart_viewed,58,sim-u58-s1,,open cart,synthetic,1,2026-04-10T13:16:19.303639+00:00,{}
f65dfcd8-afb3-42c1-97e9-096f5cb7abe1,order_completed,55,sim-u55-s2,19,,synthetic,6,2026-04-10T13:16:39.303639+00:00,"{""category_id"": 7}"
76affa46-7499-45bc-adae-d4f8194f8681,cart_item_added,58,sim-u58-s1,31,,synthetic,4,2026-04-10T13:16:59.303639+00:00,"{""category_id"": 13}"
e80df2ba-d514-48d5-ad22-65ce83a50a7b,cart_item_quantity_updated,58,sim-u58-s1,31,,synthetic,3,2026-04-10T13:17:41.303639+00:00,"{""category_id"": 13, ""quantity"": 2}"
e0058e30-5fc3-4967-a664-0f6c42cee450,chat_message_sent,55,sim-u55-s2,19,Co goi y san pham thay the khong,synthetic,2,2026-04-10T13:19:25.303639+00:00,"{""category_id"": 7, ""intent"": ""advice""}"
c5b4ad7a-d5f6-4078-baf9-53d2ccdfb0a9,checkout_started,58,sim-u58-s1,,checkout,synthetic,4,2026-04-10T13:20:32.303639+00:00,{}
41703c26-1bb5-43d2-9687-a4a84be56c79,order_created,58,sim-u58-s1,31,,synthetic,5,2026-04-10T13:22:04.303639+00:00,"{""category_id"": 13}"
36b79155-067d-4669-94b1-f2430bb01727,order_paid,58,sim-u58-s1,31,,synthetic,6,2026-04-10T13:24:25.303639+00:00,"{""category_id"": 13}"
60252647-daa4-4772-9445-393324236cd2,order_completed,58,sim-u58-s1,31,,synthetic,6,2026-04-10T13:25:17.303639+00:00,"{""category_id"": 13}"
4b8b7732-d5c6-410a-9d49-8307196d3071,chat_message_sent,58,sim-u58-s1,31,Nen chon mau nao cho cong viec van phong,synthetic,2,2026-04-10T13:27:50.303639+00:00,"{""category_id"": 13, ""intent"": ""advice""}"
937d132c-3054-4710-9494-9a4c53087a33,chat_started,50,sim-u50-s2,,start session,synthetic,1,2026-04-10T14:52:20.303639+00:00,"{""channel"": ""web""}"
b62430a7-732e-44c8-96a3-7de6395f9ca2,search_performed,50,sim-u50-s2,,ergonomic desk,synthetic,1,2026-04-10T14:53:37.303639+00:00,"{""search_query"": ""ergonomic desk""}"
ebe637bf-5a81-4a5c-9df2-3a5f4b88c79c,product_clicked,50,sim-u50-s2,30,,synthetic,2,2026-04-10T14:54:05.303639+00:00,"{""category_id"": 13}"
e730ca74-d3f7-49c6-8b04-87e3f6564a09,product_viewed,50,sim-u50-s2,30,,synthetic,1,2026-04-10T14:56:09.303639+00:00,"{""category_id"": 13}"
bfa7fe0b-cf75-454f-b618-31e88f0e62e4,cart_viewed,50,sim-u50-s2,,open cart,synthetic,1,2026-04-10T14:56:32.303639+00:00,{}
c696d087-375b-42a4-9ae1-dbecd72b9da9,cart_item_added,50,sim-u50-s2,30,,synthetic,4,2026-04-10T14:58:01.303639+00:00,"{""category_id"": 13}"
a0f4fe8c-0588-4de5-a0a5-83aa49370214,cart_item_removed,50,sim-u50-s2,30,,synthetic,1,2026-04-10T14:59:12.303639+00:00,"{""category_id"": 13}"
8f11e58a-7ebf-4a16-89c7-ef61ab3cd8d2,checkout_started,50,sim-u50-s2,,checkout,synthetic,4,2026-04-10T15:00:24.303639+00:00,{}
7ebfb8d0-4bdd-4551-98c8-fe36db6c2136,order_created,50,sim-u50-s2,30,,synthetic,5,2026-04-10T15:01:00.303639+00:00,"{""category_id"": 13}"
02ac941e-3940-4ae6-9316-bea80901d957,order_paid,50,sim-u50-s2,30,,synthetic,6,2026-04-10T15:03:12.303639+00:00,"{""category_id"": 13}"
214665d7-7270-4998-87ff-dbb752561e7d,order_completed,50,sim-u50-s2,30,,synthetic,6,2026-04-10T15:06:09.303639+00:00,"{""category_id"": 13}"
e47f24d3-10ed-4f25-ab6c-bdf0601dd3c3,chat_message_sent,50,sim-u50-s2,30,Nen chon mau nao cho cong viec van phong,synthetic,2,2026-04-10T15:08:26.303639+00:00,"{""category_id"": 13, ""intent"": ""advice""}"
5bd2b93a-50b9-46f3-9ce9-ded796d1e061,chat_started,60,sim-u60-s2,,start session,synthetic,1,2026-04-10T18:39:20.303639+00:00,"{""channel"": ""web""}"
2939a450-f51c-4c7c-8ed8-7f3f01d5ff74,search_performed,60,sim-u60-s2,,ergonomic desk,synthetic,1,2026-04-10T18:41:53.303639+00:00,"{""search_query"": ""ergonomic desk""}"
21873614-0c65-4062-9a42-2162b8f8edc6,product_clicked,60,sim-u60-s2,31,,synthetic,2,2026-04-10T18:44:53.303639+00:00,"{""category_id"": 13}"
a9156727-e949-4823-b91a-6332e0cc6234,product_viewed,60,sim-u60-s2,31,,synthetic,1,2026-04-10T18:45:18.303639+00:00,"{""category_id"": 13}"
7316139b-7636-49ea-aeda-823a3f66f2ac,cart_viewed,60,sim-u60-s2,,open cart,synthetic,1,2026-04-10T18:47:56.303639+00:00,{}
42f04faf-4afd-4cdf-9b5a-8231955cbbfb,cart_item_added,60,sim-u60-s2,31,,synthetic,4,2026-04-10T18:48:49.303639+00:00,"{""category_id"": 13}"
e6f1c6c7-2ff4-4188-92e7-3bc1798e6689,cart_item_quantity_updated,60,sim-u60-s2,31,,synthetic,3,2026-04-10T18:51:02.303639+00:00,"{""category_id"": 13, ""quantity"": 3}"
f694e7d6-2d5b-4355-93e0-3074b8668faf,checkout_started,60,sim-u60-s2,,checkout,synthetic,4,2026-04-10T18:51:27.303639+00:00,{}
69e04ff0-0c93-4e37-a198-3411b4c2fe48,order_created,60,sim-u60-s2,31,,synthetic,5,2026-04-10T18:53:01.303639+00:00,"{""category_id"": 13}"
02cc5c74-99f4-4296-9822-dbe7b4871682,order_paid,60,sim-u60-s2,31,,synthetic,6,2026-04-10T18:53:26.303639+00:00,"{""category_id"": 13}"
5fd04612-75b2-4aa8-8963-538b6aea1174,order_completed,60,sim-u60-s2,31,,synthetic,6,2026-04-10T18:54:45.303639+00:00,"{""category_id"": 13}"
06167090-65b5-4fab-ba43-7e928b1793a2,search_performed,60,sim-u60-s2,,noise cancelling headset,synthetic,1,2026-04-10T18:56:50.303639+00:00,"{""search_query"": ""noise cancelling headset""}"
7036c2c0-c011-4419-aec0-b1c9526b78ae,product_clicked,60,sim-u60-s2,19,,synthetic,2,2026-04-10T18:59:38.303639+00:00,"{""category_id"": 7}"
362f5719-c06a-4d21-8a31-61e396f7324c,product_viewed,60,sim-u60-s2,19,,synthetic,1,2026-04-10T19:01:25.303639+00:00,"{""category_id"": 7}"
c8494943-fb95-4e71-8ce9-4ceef5ae4e0a,cart_viewed,60,sim-u60-s2,,open cart,synthetic,1,2026-04-10T19:03:08.303639+00:00,{}
041e5805-618b-4cba-8cbd-2fcb819ef8f7,cart_item_added,60,sim-u60-s2,19,,synthetic,4,2026-04-10T19:05:32.303639+00:00,"{""category_id"": 7}"
2758e96a-f1e4-4ddc-b6e3-9fe28c351274,cart_item_quantity_updated,60,sim-u60-s2,19,,synthetic,3,2026-04-10T19:08:07.303639+00:00,"{""category_id"": 7, ""quantity"": 4}"
8602adc6-5683-4195-b639-61ba6c72ba77,checkout_started,60,sim-u60-s2,,checkout,synthetic,4,2026-04-10T19:10:20.303639+00:00,{}
d784a532-82e7-44e3-9947-57d283dbee37,order_created,60,sim-u60-s2,19,,synthetic,5,2026-04-10T19:12:37.303639+00:00,"{""category_id"": 7}"
6c02f690-efd6-4f41-8985-34890fb77f10,order_paid,60,sim-u60-s2,19,,synthetic,6,2026-04-10T19:13:30.303639+00:00,"{""category_id"": 7}"
49e64930-2ec9-4b94-97b9-c2fa813b11d6,order_completed,60,sim-u60-s2,19,,synthetic,6,2026-04-10T19:15:08.303639+00:00,"{""category_id"": 7}"
a6ac6281-f1d2-4c3f-9796-c556af41ffa2,chat_message_sent,60,sim-u60-s2,19,Nen chon mau nao cho cong viec van phong,synthetic,2,2026-04-10T19:16:26.303639+00:00,"{""category_id"": 7, ""intent"": ""advice""}"
46abf58d-e9a4-4c18-a99f-7dd59dbc6c37,chat_started,40,sim-u40-s1,,start session,synthetic,1,2026-04-10T20:32:15.303639+00:00,"{""channel"": ""web""}"
ba57ee76-b820-41d9-9eeb-3ee879da2e2d,search_performed,40,sim-u40-s1,,office chair,synthetic,1,2026-04-10T20:35:00.303639+00:00,"{""search_query"": ""office chair""}"
888da21d-5b95-4319-8ae2-d725d4a1f6c6,product_clicked,40,sim-u40-s1,32,,synthetic,2,2026-04-10T20:35:33.303639+00:00,"{""category_id"": 14}"
79c65bbf-8529-4453-8b48-a1c6e2f891d8,product_viewed,40,sim-u40-s1,32,,synthetic,1,2026-04-10T20:38:13.303639+00:00,"{""category_id"": 14}"
94ff2a4d-48a8-45b1-aae7-06f44a7983f0,cart_viewed,40,sim-u40-s1,,open cart,synthetic,1,2026-04-10T20:40:53.303639+00:00,{}
6f9b4884-38dd-435d-8d4f-15f72563911e,cart_item_added,40,sim-u40-s1,32,,synthetic,4,2026-04-10T20:41:31.303639+00:00,"{""category_id"": 14}"
98730184-ed5f-4fa9-bfea-a053a2a937ff,cart_item_quantity_updated,40,sim-u40-s1,32,,synthetic,3,2026-04-10T20:42:55.303639+00:00,"{""category_id"": 14, ""quantity"": 2}"
60eca767-23d7-45d0-84f6-ac3004afd13e,cart_item_removed,40,sim-u40-s1,32,,synthetic,1,2026-04-10T20:45:43.303639+00:00,"{""category_id"": 14}"
c7516d25-a81c-4f91-9c7c-a0742c26e0b1,checkout_started,40,sim-u40-s1,,checkout,synthetic,4,2026-04-10T20:48:07.303639+00:00,{}
8b57dfdb-28d0-4570-bda9-35636d08ebf2,order_created,40,sim-u40-s1,32,,synthetic,5,2026-04-10T20:49:51.303639+00:00,"{""category_id"": 14}"
bda6b75d-a842-436d-8baa-3398a275e211,order_paid,40,sim-u40-s1,32,,synthetic,6,2026-04-10T20:51:11.303639+00:00,"{""category_id"": 14}"
e62a083b-f94c-41c7-8c85-890005b054ab,order_completed,40,sim-u40-s1,32,,synthetic,6,2026-04-10T20:51:56.303639+00:00,"{""category_id"": 14}"
721c76b9-885b-40ee-b7be-b85656f99169,chat_message_sent,40,sim-u40-s1,32,Tu van cho toi mot san pham phu hop nhu cau,synthetic,2,2026-04-10T20:53:05.303639+00:00,"{""category_id"": 14, ""intent"": ""advice""}"
d8b41905-52d0-4654-b7ef-983db63a39b2,chat_started,11,sim-u11-s1,,start session,synthetic,1,2026-04-10T21:15:00.303639+00:00,"{""channel"": ""web""}"
d0855065-9306-4652-9f2f-6f48485d124d,search_performed,11,sim-u11-s1,,laptop stand,synthetic,1,2026-04-10T21:16:29.303639+00:00,"{""search_query"": ""laptop stand""}"
27f0abbf-e75a-48db-872a-621eb84b2069,product_clicked,11,sim-u11-s1,19,,synthetic,2,2026-04-10T21:17:31.303639+00:00,"{""category_id"": 7}"
3a9b1343-7fb3-4037-be37-5543fe8b4247,product_viewed,11,sim-u11-s1,19,,synthetic,1,2026-04-10T21:18:56.303639+00:00,"{""category_id"": 7}"
8785f295-f364-4843-b285-3bb61e513514,search_performed,11,sim-u11-s1,,monitor 27 inch,synthetic,1,2026-04-10T21:20:42.303639+00:00,"{""search_query"": ""monitor 27 inch""}"
a4eb4f76-5943-41eb-9bdd-788767a96478,product_clicked,11,sim-u11-s1,10,,synthetic,2,2026-04-10T21:21:31.303639+00:00,"{""category_id"": 3}"
aff7c413-05fc-44ed-81db-b56cbd97ac9f,product_viewed,11,sim-u11-s1,10,,synthetic,1,2026-04-10T21:23:50.303639+00:00,"{""category_id"": 3}"
88483406-efac-486b-b787-078f8ca934ea,chat_message_sent,11,sim-u11-s1,10,San pham nay co uu diem gi,synthetic,2,2026-04-10T21:25:51.303639+00:00,"{""category_id"": 3, ""intent"": ""advice""}"
237d8a7e-ec84-4914-b54a-6d4301fe2e28,chat_started,94,sim-u94-s2,,start session,synthetic,1,2026-04-10T22:06:03.303639+00:00,"{""channel"": ""web""}"
293ff352-9eca-4fff-831b-08d3c1b60d97,search_performed,94,sim-u94-s2,,office chair,synthetic,1,2026-04-10T22:07:35.303639+00:00,"{""search_query"": ""office chair""}"
96feccf7-72cf-4df3-b117-de46d8e38a98,product_clicked,94,sim-u94-s2,12,,synthetic,2,2026-04-10T22:08:00.303639+00:00,"{""category_id"": 4}"
719523e2-9ef7-48ef-bb49-d1bb062e4c13,product_viewed,94,sim-u94-s2,12,,synthetic,1,2026-04-10T22:09:39.303639+00:00,"{""category_id"": 4}"
0b41dd45-1468-4246-84be-f4060c4040a3,cart_viewed,94,sim-u94-s2,,open cart,synthetic,1,2026-04-10T22:10:44.303639+00:00,{}
d3d29512-1a43-4ad9-9be2-3fd6da31b22b,cart_item_added,94,sim-u94-s2,12,,synthetic,4,2026-04-10T22:12:44.303639+00:00,"{""category_id"": 4}"
e609eae8-42b3-4511-b46b-5ff1afe40074,cart_item_removed,94,sim-u94-s2,12,,synthetic,1,2026-04-10T22:13:40.303639+00:00,"{""category_id"": 4}"
0481a555-913d-4215-9ccd-0d895e21e456,checkout_started,94,sim-u94-s2,,checkout,synthetic,4,2026-04-10T22:14:18.303639+00:00,{}
363884f5-29fd-47d8-b0d2-1ffda43cd137,order_created,94,sim-u94-s2,12,,synthetic,5,2026-04-10T22:16:27.303639+00:00,"{""category_id"": 4}"
b9b3d5bc-3ed7-44bc-a494-e6e2b7cfc1d9,order_paid,94,sim-u94-s2,12,,synthetic,6,2026-04-10T22:18:30.303639+00:00,"{""category_id"": 4}"
b5608123-ea87-4196-a741-794ad5b09068,order_completed,94,sim-u94-s2,12,,synthetic,6,2026-04-10T22:19:15.303639+00:00,"{""category_id"": 4}"
ffafff04-ed86-4a65-afe3-3f053cb0613d,chat_message_sent,94,sim-u94-s2,12,San pham nay co uu diem gi,synthetic,2,2026-04-10T22:19:38.303639+00:00,"{""category_id"": 4, ""intent"": ""advice""}"
cfa8af71-5ff6-493b-8a8a-4440f696d8e9,search_performed,94,sim-u94-s2,,gaming keyboard,synthetic,1,2026-04-10T22:21:34.303639+00:00,"{""search_query"": ""gaming keyboard""}"
f1bd3d22-33fc-41bf-95d4-6121db1af0f9,product_clicked,94,sim-u94-s2,16,,synthetic,2,2026-04-10T22:23:32.303639+00:00,"{""category_id"": 6}"
572e22d9-92f3-4e41-be10-ccac301ae6a8,product_viewed,94,sim-u94-s2,16,,synthetic,1,2026-04-10T22:23:57.303639+00:00,"{""category_id"": 6}"
4e474d9f-6c35-4fb4-a6c5-3359e4c62020,cart_viewed,94,sim-u94-s2,,open cart,synthetic,1,2026-04-10T22:24:20.303639+00:00,{}
c35d7620-1474-4a1d-acf2-869bbf8a925d,cart_item_added,94,sim-u94-s2,16,,synthetic,4,2026-04-10T22:24:51.303639+00:00,"{""category_id"": 6}"
f900432f-2cc9-4718-8554-5652e75c0862,cart_item_quantity_updated,94,sim-u94-s2,16,,synthetic,3,2026-04-10T22:26:19.303639+00:00,"{""category_id"": 6, ""quantity"": 2}"
dbb565fb-f076-4822-bf92-04c664c6e51e,cart_item_removed,94,sim-u94-s2,16,,synthetic,1,2026-04-10T22:29:19.303639+00:00,"{""category_id"": 6}"
6f1af143-b247-4a37-890f-219e637b173f,checkout_started,94,sim-u94-s2,,checkout,synthetic,4,2026-04-10T22:32:12.303639+00:00,{}
ded5dd00-d46f-4c14-a02a-4a6164032516,order_created,94,sim-u94-s2,16,,synthetic,5,2026-04-10T22:32:35.303639+00:00,"{""category_id"": 6}"
8b81a21f-99fa-4305-9f28-915950e892f1,order_paid,94,sim-u94-s2,16,,synthetic,6,2026-04-10T22:32:57.303639+00:00,"{""category_id"": 6}"
61764f57-26d1-48d5-bc4d-72535220d91f,order_completed,94,sim-u94-s2,16,,synthetic,6,2026-04-10T22:33:44.303639+00:00,"{""category_id"": 6}"
772ed573-d1b0-4a92-9913-ca5f00e0d4dc,chat_message_sent,94,sim-u94-s2,16,Nen chon mau nao cho cong viec van phong,synthetic,2,2026-04-10T22:34:25.303639+00:00,"{""category_id"": 6, ""intent"": ""advice""}"
375d8d02-2eed-4f2f-82a3-d7cad33d7643,chat_started,91,sim-u91-s2,,start session,synthetic,1,2026-04-11T05:40:31.303639+00:00,"{""channel"": ""web""}"
a72a26ba-961b-4f1b-99be-b2f71424f1bb,search_performed,91,sim-u91-s2,,noise cancelling headset,synthetic,1,2026-04-11T05:42:07.303639+00:00,"{""search_query"": ""noise cancelling headset""}"
5af3842a-a97f-4e41-be98-473b7fc14b2f,product_clicked,91,sim-u91-s2,23,,synthetic,2,2026-04-11T05:44:00.303639+00:00,"{""category_id"": 9}"
9ae21f26-cf9d-4dc0-90c9-39e0ff5bf2ab,product_viewed,91,sim-u91-s2,23,,synthetic,1,2026-04-11T05:46:09.303639+00:00,"{""category_id"": 9}"
0306fb5c-faf1-4687-bf06-160069e60642,chat_message_sent,91,sim-u91-s2,23,Nen chon mau nao cho cong viec van phong,synthetic,2,2026-04-11T05:46:56.303639+00:00,"{""category_id"": 9, ""intent"": ""advice""}"
11b7b195-dd78-483b-b256-c5e47faa0815,search_performed,91,sim-u91-s2,,usb c hub,synthetic,1,2026-04-11T05:47:57.303639+00:00,"{""search_query"": ""usb c hub""}"
a0b9398f-32cf-4fe0-ba53-54662fd342a6,product_clicked,91,sim-u91-s2,21,,synthetic,2,2026-04-11T05:48:52.303639+00:00,"{""category_id"": 8}"
9929a5c2-4107-4ba6-8697-1f3775c082a4,product_viewed,91,sim-u91-s2,21,,synthetic,1,2026-04-11T05:50:42.303639+00:00,"{""category_id"": 8}"
9330a58c-c658-4ac6-b28d-971ac379fb81,cart_viewed,91,sim-u91-s2,,open cart,synthetic,1,2026-04-11T05:51:03.303639+00:00,{}
c761d274-7ad2-47a8-b7b7-d7ad04bc8353,cart_item_added,91,sim-u91-s2,21,,synthetic,4,2026-04-11T05:52:54.303639+00:00,"{""category_id"": 8}"
8484d8c1-7f69-4ae3-9d23-4b4c9abc8b80,checkout_started,91,sim-u91-s2,,checkout,synthetic,4,2026-04-11T05:53:42.303639+00:00,{}
bedaf610-9b50-4ca2-bcb2-aa9fc8476ed8,order_created,91,sim-u91-s2,21,,synthetic,5,2026-04-11T05:54:50.303639+00:00,"{""category_id"": 8}"
b3859d30-53d0-4dbf-9e08-3f4adbbbd9d9,order_paid,91,sim-u91-s2,21,,synthetic,6,2026-04-11T05:55:44.303639+00:00,"{""category_id"": 8}"
3e9d00f0-83af-416f-8c46-52f3788051b8,order_completed,91,sim-u91-s2,21,,synthetic,6,2026-04-11T05:57:45.303639+00:00,"{""category_id"": 8}"
469c467f-93dd-4819-9627-8b6a34ac3dcb,chat_message_sent,91,sim-u91-s2,21,Nen chon mau nao cho cong viec van phong,synthetic,2,2026-04-11T05:58:13.303639+00:00,"{""category_id"": 8, ""intent"": ""advice""}"
a4e66c92-2989-46c9-a547-4dfc0fcecd64,chat_started,29,sim-u29-s3,,start session,synthetic,1,2026-04-11T06:19:38.303639+00:00,"{""channel"": ""web""}"
507f0ced-7545-4e7f-8fd5-32f1e330f8c7,search_performed,29,sim-u29-s3,,webcam full hd,synthetic,1,2026-04-11T06:20:13.303639+00:00,"{""search_query"": ""webcam full hd""}"
b0ffaa28-ce22-4f24-9ea8-dc69622e249a,product_clicked,29,sim-u29-s3,17,,synthetic,2,2026-04-11T06:22:24.303639+00:00,"{""category_id"": 6}"
31a71696-4c88-4ba6-b57f-96540f8a13b2,product_viewed,29,sim-u29-s3,17,,synthetic,1,2026-04-11T06:23:17.303639+00:00,"{""category_id"": 6}"
6ab8cb32-23e2-4042-b032-62bb9b8a0eaf,cart_viewed,29,sim-u29-s3,,open cart,synthetic,1,2026-04-11T06:24:43.303639+00:00,{}
40503154-74ee-48aa-8cd6-8c0e7b28ea8b,cart_item_added,29,sim-u29-s3,17,,synthetic,4,2026-04-11T06:26:23.303639+00:00,"{""category_id"": 6}"
7af5382e-be16-4ab9-b136-91be3c00e9e0,checkout_started,29,sim-u29-s3,,checkout,synthetic,4,2026-04-11T06:28:06.303639+00:00,{}
de14d26c-0053-45c1-a703-fcdbba4750b7,order_created,29,sim-u29-s3,17,,synthetic,5,2026-04-11T06:29:47.303639+00:00,"{""category_id"": 6}"
d7df9c6f-d049-462d-80b6-b7d329726073,order_paid,29,sim-u29-s3,17,,synthetic,6,2026-04-11T06:31:06.303639+00:00,"{""category_id"": 6}"
704a2d22-9546-49a4-bde4-cdc6300ec033,order_completed,29,sim-u29-s3,17,,synthetic,6,2026-04-11T06:31:45.303639+00:00,"{""category_id"": 6}"
ee1c7f81-87e0-4633-9c3a-191dafb39203,chat_message_sent,29,sim-u29-s3,,San pham nay co uu diem gi,synthetic,2,2026-04-11T06:34:34.303639+00:00,"{""intent"": ""followup""}"
6e9ed618-e929-4e97-a018-220d0d93b89f,chat_started,95,sim-u95-s2,,start session,synthetic,1,2026-04-11T14:46:24.303639+00:00,"{""channel"": ""web""}"
184c37ee-89ef-421e-b012-9cce0354ee9a,search_performed,95,sim-u95-s2,,webcam full hd,synthetic,1,2026-04-11T14:48:33.303639+00:00,"{""search_query"": ""webcam full hd""}"
17058d10-6c92-410e-bdfa-422bd87cceb3,product_clicked,95,sim-u95-s2,32,,synthetic,2,2026-04-11T14:50:04.303639+00:00,"{""category_id"": 14}"
fce72b57-a630-485a-8733-2d852e29c4dd,product_viewed,95,sim-u95-s2,32,,synthetic,1,2026-04-11T14:51:01.303639+00:00,"{""category_id"": 14}"
1a23d52f-4f82-496f-83df-489b00d00647,cart_viewed,95,sim-u95-s2,,open cart,synthetic,1,2026-04-11T14:51:53.303639+00:00,{}
5649cb03-b417-4a80-81e9-ea3022ccde32,cart_item_added,95,sim-u95-s2,32,,synthetic,4,2026-04-11T14:52:59.303639+00:00,"{""category_id"": 14}"
0ffa21f4-1405-4cfd-8700-6a59957777ea,checkout_started,95,sim-u95-s2,,checkout,synthetic,4,2026-04-11T14:55:25.303639+00:00,{}
ec352ba6-bb29-4efc-8d42-150906d52a6c,order_created,95,sim-u95-s2,32,,synthetic,5,2026-04-11T14:57:33.303639+00:00,"{""category_id"": 14}"
4a38cd71-0b8c-42e6-9ab2-ff310b77ea93,order_paid,95,sim-u95-s2,32,,synthetic,6,2026-04-11T14:59:38.303639+00:00,"{""category_id"": 14}"
af26e188-db7b-4587-a076-c3fb5dc73c7b,order_completed,95,sim-u95-s2,32,,synthetic,6,2026-04-11T15:02:32.303639+00:00,"{""category_id"": 14}"
e99b00d0-ffc1-4b09-815d-9bb49ce488e2,chat_message_sent,95,sim-u95-s2,,Nen chon mau nao cho cong viec van phong,synthetic,2,2026-04-11T15:03:27.303639+00:00,"{""intent"": ""followup""}"
b400cf89-9edf-44b6-9d88-49392e2d418e,chat_started,49,sim-u49-s1,,start session,synthetic,1,2026-04-11T16:37:46.303639+00:00,"{""channel"": ""web""}"
ce153a2c-07bf-4a92-b64c-bd5869de81a4,search_performed,49,sim-u49-s1,,wireless mouse,synthetic,1,2026-04-11T16:40:26.303639+00:00,"{""search_query"": ""wireless mouse""}"
b1b4aed5-33cb-4709-9179-dbd8b4fb33a1,product_clicked,49,sim-u49-s1,12,,synthetic,2,2026-04-11T16:42:28.303639+00:00,"{""category_id"": 4}"
77099a17-51f8-4ebf-85a5-83bc7d6cdbff,product_viewed,49,sim-u49-s1,12,,synthetic,1,2026-04-11T16:43:55.303639+00:00,"{""category_id"": 4}"
f66dbc58-ad88-46d3-b68a-387da745198c,cart_viewed,49,sim-u49-s1,,open cart,synthetic,1,2026-04-11T16:46:23.303639+00:00,{}
78836218-22cb-4a40-a717-6fe86c6eee28,cart_item_added,49,sim-u49-s1,12,,synthetic,4,2026-04-11T16:48:34.303639+00:00,"{""category_id"": 4}"
dc26cffe-b3ab-488f-8044-3b666e5ffe02,cart_item_removed,49,sim-u49-s1,12,,synthetic,1,2026-04-11T16:49:28.303639+00:00,"{""category_id"": 4}"
0f0b668e-862b-4744-bef0-b1ca48088cef,checkout_started,49,sim-u49-s1,,checkout,synthetic,4,2026-04-11T16:51:51.303639+00:00,{}
9b4a4d8c-f660-4715-8329-8695a6a5ba3b,order_created,49,sim-u49-s1,12,,synthetic,5,2026-04-11T16:54:34.303639+00:00,"{""category_id"": 4}"
1426737f-bc3f-4387-bbb0-60865a6e65d4,order_paid,49,sim-u49-s1,12,,synthetic,6,2026-04-11T16:56:35.303639+00:00,"{""category_id"": 4}"
0f022aaa-6573-442f-ae82-55cef40a4aed,order_completed,49,sim-u49-s1,12,,synthetic,6,2026-04-11T16:59:21.303639+00:00,"{""category_id"": 4}"
4aa134ad-ead3-456b-ba20-6cba263f08a7,chat_message_sent,49,sim-u49-s1,12,San pham nay co uu diem gi,synthetic,2,2026-04-11T17:00:43.303639+00:00,"{""category_id"": 4, ""intent"": ""advice""}"
43af6e85-3336-48c7-9b81-0daffa6213ca,search_performed,49,sim-u49-s1,,monitor 27 inch,synthetic,1,2026-04-11T17:02:53.303639+00:00,"{""search_query"": ""monitor 27 inch""}"
fda49f34-c1d4-47f4-b822-1107aff6f4eb,chat_started,39,sim-u39-s1,,start session,synthetic,1,2026-04-11T17:03:25.303639+00:00,"{""channel"": ""web""}"
a4dcdcd3-a7f0-4019-b4ae-cca9b62ee0f5,product_clicked,49,sim-u49-s1,33,,synthetic,2,2026-04-11T17:04:35.303639+00:00,"{""category_id"": 14}"
8bbda8ca-3de4-4938-aeae-2f6382198836,search_performed,39,sim-u39-s1,,monitor 27 inch,synthetic,1,2026-04-11T17:05:50.303639+00:00,"{""search_query"": ""monitor 27 inch""}"
9c0c0076-659d-486d-9e5a-0ecee0b26fc0,product_viewed,49,sim-u49-s1,33,,synthetic,1,2026-04-11T17:07:22.303639+00:00,"{""category_id"": 14}"
69a150f9-1de7-4652-960d-0db884f186b8,product_clicked,39,sim-u39-s1,16,,synthetic,2,2026-04-11T17:08:36.303639+00:00,"{""category_id"": 6}"
58576ec2-d9bf-46d8-9636-41588f46a0b1,cart_viewed,49,sim-u49-s1,,open cart,synthetic,1,2026-04-11T17:09:27.303639+00:00,{}
fbd7c027-862d-4d56-8203-80e1179d3e19,product_viewed,39,sim-u39-s1,16,,synthetic,1,2026-04-11T17:11:16.303639+00:00,"{""category_id"": 6}"
f7779142-6358-4e62-b37c-5d25f2e3d6f2,cart_item_added,49,sim-u49-s1,33,,synthetic,4,2026-04-11T17:11:35.303639+00:00,"{""category_id"": 14}"
926f74a8-1bb0-493d-a090-b5a3ad6b3ecd,cart_viewed,39,sim-u39-s1,,open cart,synthetic,1,2026-04-11T17:12:57.303639+00:00,{}
829076f3-2f12-46a9-8688-013f0b01fef8,cart_item_quantity_updated,49,sim-u49-s1,33,,synthetic,3,2026-04-11T17:13:17.303639+00:00,"{""category_id"": 14, ""quantity"": 2}"
03300749-0670-447a-95da-560c3fd8f06e,checkout_started,49,sim-u49-s1,,checkout,synthetic,4,2026-04-11T17:13:43.303639+00:00,{}
95c7e5d3-5364-4323-aaa2-292ce63023f5,order_created,49,sim-u49-s1,33,,synthetic,5,2026-04-11T17:15:21.303639+00:00,"{""category_id"": 14}"
022e1941-3271-43e6-a64a-848b17e5d495,cart_item_added,39,sim-u39-s1,16,,synthetic,4,2026-04-11T17:15:31.303639+00:00,"{""category_id"": 6}"
7541d689-4543-4289-b65b-263a905d6673,order_paid,49,sim-u49-s1,33,,synthetic,6,2026-04-11T17:17:10.303639+00:00,"{""category_id"": 14}"
fcc89b85-04c7-4361-a447-197105e011eb,cart_item_quantity_updated,39,sim-u39-s1,16,,synthetic,3,2026-04-11T17:18:04.303639+00:00,"{""category_id"": 6, ""quantity"": 2}"
72262f69-07cc-4c57-a8b2-f072bd3b98b5,order_completed,49,sim-u49-s1,33,,synthetic,6,2026-04-11T17:20:07.303639+00:00,"{""category_id"": 14}"
842d20e2-edc7-4f8d-8207-7b9d564a174c,cart_item_removed,39,sim-u39-s1,16,,synthetic,1,2026-04-11T17:20:33.303639+00:00,"{""category_id"": 6}"
1e16e6b0-3a94-4cf3-b7a3-0412bc81d5ee,checkout_started,39,sim-u39-s1,,checkout,synthetic,4,2026-04-11T17:21:33.303639+00:00,{}
9903a35c-0e67-4ee6-bfc7-e96d0754bd49,search_performed,49,sim-u49-s1,,usb c hub,synthetic,1,2026-04-11T17:23:06.303639+00:00,"{""search_query"": ""usb c hub""}"
0646b727-46b2-48e2-9ee7-adac514807a0,order_created,39,sim-u39-s1,16,,synthetic,5,2026-04-11T17:23:39.303639+00:00,"{""category_id"": 6}"
a5e443c8-461c-4ecc-af0f-804ca89f29b6,product_clicked,49,sim-u49-s1,10,,synthetic,2,2026-04-11T17:24:03.303639+00:00,"{""category_id"": 3}"
db438295-5516-4b76-bfa6-0bb16afeaada,order_paid,39,sim-u39-s1,16,,synthetic,6,2026-04-11T17:25:42.303639+00:00,"{""category_id"": 6}"
571aa854-2007-464e-9901-e1e60f65e114,product_viewed,49,sim-u49-s1,10,,synthetic,1,2026-04-11T17:26:15.303639+00:00,"{""category_id"": 3}"
9fb3338f-c94c-45fb-b8b9-8944c2e7fc7e,order_completed,39,sim-u39-s1,16,,synthetic,6,2026-04-11T17:26:25.303639+00:00,"{""category_id"": 6}"
88e427b8-96e2-4fff-a365-939c18bbc444,cart_viewed,49,sim-u49-s1,,open cart,synthetic,1,2026-04-11T17:27:34.303639+00:00,{}
0ffb6d2c-439c-4ef7-ac2b-cfb3143399d4,chat_message_sent,39,sim-u39-s1,16,San pham nay co uu diem gi,synthetic,2,2026-04-11T17:28:09.303639+00:00,"{""category_id"": 6, ""intent"": ""advice""}"
4acb6c23-f95f-4d27-afb5-c639e15300f1,cart_item_added,49,sim-u49-s1,10,,synthetic,4,2026-04-11T17:28:45.303639+00:00,"{""category_id"": 3}"
d382ddbb-9acc-462a-b2d1-03553a57ec18,cart_item_removed,49,sim-u49-s1,10,,synthetic,1,2026-04-11T17:29:26.303639+00:00,"{""category_id"": 3}"
47e03b02-802e-44a1-a95c-6067a8cce8a1,search_performed,39,sim-u39-s1,,noise cancelling headset,synthetic,1,2026-04-11T17:29:44.303639+00:00,"{""search_query"": ""noise cancelling headset""}"
ce4c5d3d-e5b6-4519-b62f-3a0d727e28d7,checkout_started,49,sim-u49-s1,,checkout,synthetic,4,2026-04-11T17:30:14.303639+00:00,{}
aa00d53d-792e-4276-85f6-b6cdfe28c72c,order_created,49,sim-u49-s1,10,,synthetic,5,2026-04-11T17:30:47.303639+00:00,"{""category_id"": 3}"
4b13d82d-849a-4e66-bed4-d8300b3a6dd5,product_clicked,39,sim-u39-s1,25,,synthetic,2,2026-04-11T17:30:59.303639+00:00,"{""category_id"": 10}"
7213d2b8-cc9a-4f19-b110-bf719bb44aec,order_paid,49,sim-u49-s1,10,,synthetic,6,2026-04-11T17:33:45.303639+00:00,"{""category_id"": 3}"
f29662fe-11bb-4c95-97c8-aae5871869d4,product_viewed,39,sim-u39-s1,25,,synthetic,1,2026-04-11T17:33:57.303639+00:00,"{""category_id"": 10}"
561334f6-7e9b-41db-9133-0c8df759e552,order_completed,49,sim-u49-s1,10,,synthetic,6,2026-04-11T17:34:42.303639+00:00,"{""category_id"": 3}"
eb18064a-a083-4af4-842e-aa12df26fe9e,cart_viewed,39,sim-u39-s1,,open cart,synthetic,1,2026-04-11T17:36:40.303639+00:00,{}
8f054bd4-1266-4b29-8f87-687174833f55,cart_item_added,39,sim-u39-s1,25,,synthetic,4,2026-04-11T17:37:02.303639+00:00,"{""category_id"": 10}"
c5eb197b-acd6-4c83-a357-c27bf2b2150e,cart_item_quantity_updated,39,sim-u39-s1,25,,synthetic,3,2026-04-11T17:39:16.303639+00:00,"{""category_id"": 10, ""quantity"": 3}"
aff71bc8-a6c5-4871-9fc1-0f4c0c02665f,cart_item_removed,39,sim-u39-s1,25,,synthetic,1,2026-04-11T17:42:13.303639+00:00,"{""category_id"": 10}"
19d61966-8411-49b9-85e4-96efff4a5bb7,checkout_started,39,sim-u39-s1,,checkout,synthetic,4,2026-04-11T17:45:12.303639+00:00,{}
025cd437-2b7c-40f4-aed5-9bb81f11ffa6,order_created,39,sim-u39-s1,25,,synthetic,5,2026-04-11T17:46:34.303639+00:00,"{""category_id"": 10}"
4c37875e-0139-4630-868e-aa612a3319d1,order_cancelled,39,sim-u39-s1,25,,synthetic,-2,2026-04-11T17:48:16.303639+00:00,"{""category_id"": 10}"
4b165b9d-e1d7-44c4-b394-570f8c9fe1e9,chat_message_sent,39,sim-u39-s1,25,Tu van cho toi mot san pham phu hop nhu cau,synthetic,2,2026-04-11T17:50:14.303639+00:00,"{""category_id"": 10, ""intent"": ""advice""}"
3213ceed-a67c-4c56-80ac-ba51df79a4e3,search_performed,39,sim-u39-s1,,laptop stand,synthetic,1,2026-04-11T17:51:46.303639+00:00,"{""search_query"": ""laptop stand""}"
644c96e3-98f2-4115-8d09-7e27a0eca958,product_clicked,39,sim-u39-s1,27,,synthetic,2,2026-04-11T17:52:12.303639+00:00,"{""category_id"": 11}"
f8fec4b0-c618-4c87-8cca-3110af783d80,product_viewed,39,sim-u39-s1,27,,synthetic,1,2026-04-11T17:54:44.303639+00:00,"{""category_id"": 11}"
c65c4f9d-e03b-466f-a06f-db0a8f8e2b5b,chat_message_sent,39,sim-u39-s1,27,Co goi y san pham thay the khong,synthetic,2,2026-04-11T17:57:08.303639+00:00,"{""category_id"": 11, ""intent"": ""advice""}"
62dd508f-3dee-4ed8-9c59-480099538ad7,chat_started,63,sim-u63-s2,,start session,synthetic,1,2026-04-11T18:36:42.303639+00:00,"{""channel"": ""web""}"
0a85eb24-803a-411f-b3c8-45c3ce5cfdf6,search_performed,63,sim-u63-s2,,laptop stand,synthetic,1,2026-04-11T18:39:38.303639+00:00,"{""search_query"": ""laptop stand""}"
629bf17c-e134-4a4e-a19d-9dac6d5ba521,product_clicked,63,sim-u63-s2,30,,synthetic,2,2026-04-11T18:40:59.303639+00:00,"{""category_id"": 13}"
033f93c1-ebcb-4efd-9f41-da9899c31e0d,product_viewed,63,sim-u63-s2,30,,synthetic,1,2026-04-11T18:43:28.303639+00:00,"{""category_id"": 13}"
bd9d5c66-e16d-4576-befa-9e6efa6c9cd9,cart_viewed,63,sim-u63-s2,,open cart,synthetic,1,2026-04-11T18:44:13.303639+00:00,{}
33a11d88-f0c4-432c-936c-6de90b5ff2d7,cart_item_added,63,sim-u63-s2,30,,synthetic,4,2026-04-11T18:47:01.303639+00:00,"{""category_id"": 13}"
ecc9502e-1d5d-4f33-b8a2-504ceb56a620,checkout_started,63,sim-u63-s2,,checkout,synthetic,4,2026-04-11T18:48:10.303639+00:00,{}
dd9e79d4-e7a0-4979-8289-adfacd28b718,order_created,63,sim-u63-s2,30,,synthetic,5,2026-04-11T18:49:42.303639+00:00,"{""category_id"": 13}"
f97f9e8e-b73c-4050-b808-ddd59629667b,order_paid,63,sim-u63-s2,30,,synthetic,6,2026-04-11T18:52:19.303639+00:00,"{""category_id"": 13}"
5eeed34b-73c8-46e1-af2f-8cd44ad150ab,order_completed,63,sim-u63-s2,30,,synthetic,6,2026-04-11T18:52:40.303639+00:00,"{""category_id"": 13}"
047721fb-9890-494c-afb2-3dd5a2109d28,search_performed,63,sim-u63-s2,,ergonomic desk,synthetic,1,2026-04-11T18:55:09.303639+00:00,"{""search_query"": ""ergonomic desk""}"
10ec7fc8-b50c-4eb5-846a-487a6767b739,product_clicked,63,sim-u63-s2,32,,synthetic,2,2026-04-11T18:57:30.303639+00:00,"{""category_id"": 14}"
48f4fb85-e63a-47e4-a40e-25f2e3f5703f,product_viewed,63,sim-u63-s2,32,,synthetic,1,2026-04-11T18:59:23.303639+00:00,"{""category_id"": 14}"
a346d195-197c-404e-83d6-cdb04c959e5a,cart_viewed,63,sim-u63-s2,,open cart,synthetic,1,2026-04-11T19:00:30.303639+00:00,{}
d93d93b4-4aa0-4fe2-92b9-acfa54c0c216,cart_item_added,63,sim-u63-s2,32,,synthetic,4,2026-04-11T19:02:42.303639+00:00,"{""category_id"": 14}"
1162df51-f524-436f-bf7a-a50922a940be,cart_item_removed,63,sim-u63-s2,32,,synthetic,1,2026-04-11T19:04:32.303639+00:00,"{""category_id"": 14}"
37fbd106-e761-4e18-bd89-9c2c8454ce86,checkout_started,63,sim-u63-s2,,checkout,synthetic,4,2026-04-11T19:06:29.303639+00:00,{}
95f03791-2d81-4c00-bb06-126e0c231afc,order_created,63,sim-u63-s2,32,,synthetic,5,2026-04-11T19:08:37.303639+00:00,"{""category_id"": 14}"
eae11632-4f60-4eb8-a6ba-aa8ed0fd8650,order_paid,63,sim-u63-s2,32,,synthetic,6,2026-04-11T19:09:55.303639+00:00,"{""category_id"": 14}"
307dffb4-9c77-48c4-8bd3-9eaeefcf257e,order_completed,63,sim-u63-s2,32,,synthetic,6,2026-04-11T19:11:59.303639+00:00,"{""category_id"": 14}"
1857d578-b2b5-459c-b135-794f8010ce8a,chat_message_sent,63,sim-u63-s2,32,Nen chon mau nao cho cong viec van phong,synthetic,2,2026-04-11T19:12:50.303639+00:00,"{""category_id"": 14, ""intent"": ""advice""}"
d80e56b5-01bc-4c2a-9c4e-8cbc7b91655c,chat_started,45,sim-u45-s2,,start session,synthetic,1,2026-04-11T20:04:12.303639+00:00,"{""channel"": ""web""}"
41b4248e-658f-4527-b4fc-0932d9999682,search_performed,45,sim-u45-s2,,gaming keyboard,synthetic,1,2026-04-11T20:05:25.303639+00:00,"{""search_query"": ""gaming keyboard""}"
f53a8d0b-eefb-4d64-b2cb-af56220441c2,product_clicked,45,sim-u45-s2,13,,synthetic,2,2026-04-11T20:06:27.303639+00:00,"{""category_id"": 4}"
26acb3f9-0ad7-4bf0-a206-6bc2868ef866,product_viewed,45,sim-u45-s2,13,,synthetic,1,2026-04-11T20:08:28.303639+00:00,"{""category_id"": 4}"
5064210b-4c7a-43e2-99e0-1756dcafbc86,cart_viewed,45,sim-u45-s2,,open cart,synthetic,1,2026-04-11T20:09:04.303639+00:00,{}
a6e26afa-5b97-48cc-a683-8787f5e1c025,cart_item_added,45,sim-u45-s2,13,,synthetic,4,2026-04-11T20:11:25.303639+00:00,"{""category_id"": 4}"
b02845d0-4054-4a1d-a366-699f333c54a1,cart_item_quantity_updated,45,sim-u45-s2,13,,synthetic,3,2026-04-11T20:13:26.303639+00:00,"{""category_id"": 4, ""quantity"": 2}"
971de26f-3ef8-4375-be5a-53ab594278ca,checkout_started,45,sim-u45-s2,,checkout,synthetic,4,2026-04-11T20:14:07.303639+00:00,{}
8b810e8a-d076-4856-9439-e60505dfb35f,order_created,45,sim-u45-s2,13,,synthetic,5,2026-04-11T20:14:53.303639+00:00,"{""category_id"": 4}"
79fb1e91-f3da-4059-b40e-7ae528d71dfd,order_paid,45,sim-u45-s2,13,,synthetic,6,2026-04-11T20:15:52.303639+00:00,"{""category_id"": 4}"
e925bc9f-d2b5-4e07-8e16-1fb0a1bd3539,order_completed,45,sim-u45-s2,13,,synthetic,6,2026-04-11T20:16:33.303639+00:00,"{""category_id"": 4}"
5074cc88-0dca-4ad7-9b45-3e3198a0dc27,chat_message_sent,45,sim-u45-s2,13,Co goi y san pham thay the khong,synthetic,2,2026-04-11T20:18:12.303639+00:00,"{""category_id"": 4, ""intent"": ""advice""}"
6c9db5d4-a892-4c2c-b990-1d167d708127,search_performed,45,sim-u45-s2,,ergonomic desk,synthetic,1,2026-04-11T20:19:44.303639+00:00,"{""search_query"": ""ergonomic desk""}"
f38d2353-729a-488e-b9e9-6c2d9668ceae,product_clicked,45,sim-u45-s2,28,,synthetic,2,2026-04-11T20:21:57.303639+00:00,"{""category_id"": 12}"
ff74af60-ba56-4600-8a32-162934c1105e,product_viewed,45,sim-u45-s2,28,,synthetic,1,2026-04-11T20:24:57.303639+00:00,"{""category_id"": 12}"
a22c700f-c266-44c5-a599-d7920338d382,cart_viewed,45,sim-u45-s2,,open cart,synthetic,1,2026-04-11T20:27:31.303639+00:00,{}
87b4d6a4-631a-4133-8cab-0f1f86a81141,cart_item_added,45,sim-u45-s2,28,,synthetic,4,2026-04-11T20:28:34.303639+00:00,"{""category_id"": 12}"
568fa62d-69e8-43b9-bfa7-91d879324e35,cart_item_quantity_updated,45,sim-u45-s2,28,,synthetic,3,2026-04-11T20:30:25.303639+00:00,"{""category_id"": 12, ""quantity"": 4}"
ddbfb389-5f0e-411d-a90f-a783ef489403,checkout_started,45,sim-u45-s2,,checkout,synthetic,4,2026-04-11T20:32:08.303639+00:00,{}
19b09eec-9396-4b24-aeb8-a352951ed158,order_created,45,sim-u45-s2,28,,synthetic,5,2026-04-11T20:34:29.303639+00:00,"{""category_id"": 12}"
e3e59d86-5452-4216-b5ad-2711cf7f2534,order_paid,45,sim-u45-s2,28,,synthetic,6,2026-04-11T20:37:07.303639+00:00,"{""category_id"": 12}"
bde8b35f-df55-4824-9bce-a40345f2f6a4,order_completed,45,sim-u45-s2,28,,synthetic,6,2026-04-11T20:38:36.303639+00:00,"{""category_id"": 12}"
db9d9603-2e71-4ff4-b78e-1542729712d9,chat_message_sent,45,sim-u45-s2,28,San pham nay co uu diem gi,synthetic,2,2026-04-11T20:41:14.303639+00:00,"{""category_id"": 12, ""intent"": ""advice""}"
968ac646-0b60-47c0-a9ae-9589e9d5dea9,search_performed,45,sim-u45-s2,,webcam full hd,synthetic,1,2026-04-11T20:44:06.303639+00:00,"{""search_query"": ""webcam full hd""}"
033c3811-4dee-4054-8db3-11c2d3817c62,product_clicked,45,sim-u45-s2,30,,synthetic,2,2026-04-11T20:46:22.303639+00:00,"{""category_id"": 13}"
92226302-54dc-465e-aed7-32b8e9cb6c7c,product_viewed,45,sim-u45-s2,30,,synthetic,1,2026-04-11T20:49:06.303639+00:00,"{""category_id"": 13}"
0dc150db-436e-4c08-ac4f-d0846b3b1527,cart_viewed,45,sim-u45-s2,,open cart,synthetic,1,2026-04-11T20:51:42.303639+00:00,{}
535cbbe5-19e4-4dc8-a112-421c4651b51c,cart_item_added,45,sim-u45-s2,30,,synthetic,4,2026-04-11T20:53:21.303639+00:00,"{""category_id"": 13}"
eb9cfefa-c881-48ab-994b-55ebddb3f42e,checkout_started,45,sim-u45-s2,,checkout,synthetic,4,2026-04-11T20:54:39.303639+00:00,{}
706132bb-cf80-4ad1-88ff-2747c845e5fc,order_created,45,sim-u45-s2,30,,synthetic,5,2026-04-11T20:55:21.303639+00:00,"{""category_id"": 13}"
0aa9e09c-d2c2-4bb7-b42f-bfad90f357ac,order_paid,45,sim-u45-s2,30,,synthetic,6,2026-04-11T20:57:14.303639+00:00,"{""category_id"": 13}"
12aabf23-763f-44a3-adba-be8914af363d,order_completed,45,sim-u45-s2,30,,synthetic,6,2026-04-11T20:59:19.303639+00:00,"{""category_id"": 13}"
4fe1ea7e-2126-4551-b5be-6f2f38c1b5b1,chat_message_sent,45,sim-u45-s2,30,Nen chon mau nao cho cong viec van phong,synthetic,2,2026-04-11T20:59:41.303639+00:00,"{""category_id"": 13, ""intent"": ""advice""}"
de4268e7-5767-4373-b455-47fcca6231cc,chat_started,25,sim-u25-s3,,start session,synthetic,1,2026-04-11T21:42:25.303639+00:00,"{""channel"": ""web""}"
d0bd1d90-b89c-4ee7-8b87-046d58bebf08,search_performed,25,sim-u25-s3,,noise cancelling headset,synthetic,1,2026-04-11T21:42:47.303639+00:00,"{""search_query"": ""noise cancelling headset""}"
f555916b-ea80-4f8f-b4e5-19a470091ba1,product_clicked,25,sim-u25-s3,34,,synthetic,2,2026-04-11T21:45:11.303639+00:00,"{""category_id"": 15}"
a0bfba62-cc57-478c-b49b-d48f4b7391dc,product_viewed,25,sim-u25-s3,34,,synthetic,1,2026-04-11T21:46:05.303639+00:00,"{""category_id"": 15}"
785889b8-7033-4814-8e08-a17fd542107a,cart_viewed,25,sim-u25-s3,,open cart,synthetic,1,2026-04-11T21:48:03.303639+00:00,{}
3b61f1a1-64fa-488a-9e6a-91cf1a1354b9,cart_item_added,25,sim-u25-s3,34,,synthetic,4,2026-04-11T21:50:46.303639+00:00,"{""category_id"": 15}"
1b2149d5-f76b-47df-a3ef-110b73195564,cart_item_quantity_updated,25,sim-u25-s3,34,,synthetic,3,2026-04-11T21:52:50.303639+00:00,"{""category_id"": 15, ""quantity"": 3}"
611c3a06-5c67-46b2-ad72-76ffab0c367b,checkout_started,25,sim-u25-s3,,checkout,synthetic,4,2026-04-11T21:54:56.303639+00:00,{}
c3027f80-75c6-4676-85ef-e058de82fa37,order_created,25,sim-u25-s3,34,,synthetic,5,2026-04-11T21:57:09.303639+00:00,"{""category_id"": 15}"
487adc6f-9fc2-4156-a661-3bd10db20972,order_paid,25,sim-u25-s3,34,,synthetic,6,2026-04-11T21:57:50.303639+00:00,"{""category_id"": 15}"
a22d50f7-5e1f-4567-9df1-66513979bdb3,order_completed,25,sim-u25-s3,34,,synthetic,6,2026-04-11T22:00:34.303639+00:00,"{""category_id"": 15}"
ce043c43-31cf-43f3-a721-dafbe3dc1543,chat_message_sent,25,sim-u25-s3,34,San pham nay co uu diem gi,synthetic,2,2026-04-11T22:02:08.303639+00:00,"{""category_id"": 15, ""intent"": ""advice""}"
ddbc5ce8-1bd4-4cd6-820e-d3e378cddff9,search_performed,25,sim-u25-s3,,monitor 27 inch,synthetic,1,2026-04-11T22:03:25.303639+00:00,"{""search_query"": ""monitor 27 inch""}"
2de432f8-48ca-4c22-93f4-f5dbc4966a05,product_clicked,25,sim-u25-s3,34,,synthetic,2,2026-04-11T22:06:02.303639+00:00,"{""category_id"": 15}"
945f6f12-62e8-4574-9063-29601a5e7a4b,product_viewed,25,sim-u25-s3,34,,synthetic,1,2026-04-11T22:07:35.303639+00:00,"{""category_id"": 15}"
6f995acf-1018-4d31-aded-0fc9a1008685,cart_viewed,25,sim-u25-s3,,open cart,synthetic,1,2026-04-11T22:09:52.303639+00:00,{}
464019d9-85c2-4aa9-8e06-d0d478b14c03,cart_item_added,25,sim-u25-s3,34,,synthetic,4,2026-04-11T22:12:36.303639+00:00,"{""category_id"": 15}"
6f8eb003-12e7-444b-8a02-7f4b3503f837,checkout_started,25,sim-u25-s3,,checkout,synthetic,4,2026-04-11T22:15:16.303639+00:00,{}
7b7ac85b-ce12-4649-a050-7f38c8efd4b2,order_created,25,sim-u25-s3,34,,synthetic,5,2026-04-11T22:17:46.303639+00:00,"{""category_id"": 15}"
309516b6-2413-43c8-827d-58366cc345fe,order_paid,25,sim-u25-s3,34,,synthetic,6,2026-04-11T22:18:35.303639+00:00,"{""category_id"": 15}"
67c4f759-df78-4317-ab2c-d5e4ec39590b,order_completed,25,sim-u25-s3,34,,synthetic,6,2026-04-11T22:20:03.303639+00:00,"{""category_id"": 15}"
7e5ae533-646f-43fb-a771-0cceab098329,search_performed,25,sim-u25-s3,,noise cancelling headset,synthetic,1,2026-04-11T22:22:41.303639+00:00,"{""search_query"": ""noise cancelling headset""}"
fa7f800e-073b-43c3-9aaa-b9290e3ef5c4,product_clicked,25,sim-u25-s3,9,,synthetic,2,2026-04-11T22:23:11.303639+00:00,"{""category_id"": 2}"
800fff84-3157-425c-a89d-21730e39744a,product_viewed,25,sim-u25-s3,9,,synthetic,1,2026-04-11T22:25:23.303639+00:00,"{""category_id"": 2}"
66171b5c-87e8-4b8f-ad9a-fa7daf693e21,cart_viewed,25,sim-u25-s3,,open cart,synthetic,1,2026-04-11T22:27:31.303639+00:00,{}
d6554d9f-5d4b-4927-b015-9d6fbad55a47,cart_item_added,25,sim-u25-s3,9,,synthetic,4,2026-04-11T22:28:17.303639+00:00,"{""category_id"": 2}"
75050b61-b85a-42b1-aca7-77aee5e2040b,checkout_started,25,sim-u25-s3,,checkout,synthetic,4,2026-04-11T22:29:40.303639+00:00,{}
3687efde-728e-48f9-924f-1372f57d3172,order_created,25,sim-u25-s3,9,,synthetic,5,2026-04-11T22:31:16.303639+00:00,"{""category_id"": 2}"
1748b36b-1b8d-4b16-83a6-beea1b20f551,order_cancelled,25,sim-u25-s3,9,,synthetic,-2,2026-04-11T22:31:44.303639+00:00,"{""category_id"": 2}"
ad7e1f81-5f5f-42f4-a813-936a78b14963,chat_message_sent,25,sim-u25-s3,9,Nen chon mau nao cho cong viec van phong,synthetic,2,2026-04-11T22:32:26.303639+00:00,"{""category_id"": 2, ""intent"": ""advice""}"
609cbd63-7c6f-46b4-ba1b-41ad4bbf5111,chat_started,8,sim-u8-s2,,start session,synthetic,1,2026-04-12T09:29:14.303639+00:00,"{""channel"": ""web""}"
57cdc250-57f3-4917-8ae2-48195131b882,search_performed,8,sim-u8-s2,,office chair,synthetic,1,2026-04-12T09:29:52.303639+00:00,"{""search_query"": ""office chair""}"
f4dfd05b-2690-4ce3-b090-d1c3a25d821d,product_clicked,8,sim-u8-s2,9,,synthetic,2,2026-04-12T09:30:27.303639+00:00,"{""category_id"": 2}"
e5f6be0e-15ef-4964-8737-aab0d2209410,product_viewed,8,sim-u8-s2,9,,synthetic,1,2026-04-12T09:31:29.303639+00:00,"{""category_id"": 2}"
5a040eab-0ba9-4111-b056-70735c8279c6,cart_viewed,8,sim-u8-s2,,open cart,synthetic,1,2026-04-12T09:34:21.303639+00:00,{}
03b0ef6e-26b1-4e3f-8748-d6a30b2e7c43,cart_item_added,8,sim-u8-s2,9,,synthetic,4,2026-04-12T09:37:06.303639+00:00,"{""category_id"": 2}"
bfc0d7bc-c365-48c6-857c-50e92fa80750,checkout_started,8,sim-u8-s2,,checkout,synthetic,4,2026-04-12T09:39:25.303639+00:00,{}
b57953ff-e03a-44c2-a5f8-31d8cb42dfc0,order_created,8,sim-u8-s2,9,,synthetic,5,2026-04-12T09:41:02.303639+00:00,"{""category_id"": 2}"
5c783cca-bc34-4ad3-8431-949aa4e6cb99,order_paid,8,sim-u8-s2,9,,synthetic,6,2026-04-12T09:42:31.303639+00:00,"{""category_id"": 2}"
65873f3c-d444-43e3-8a98-a460f2ffb015,order_completed,8,sim-u8-s2,9,,synthetic,6,2026-04-12T09:44:59.303639+00:00,"{""category_id"": 2}"
5c53b9ec-4ef7-4ded-b275-163f36000a23,chat_message_sent,8,sim-u8-s2,9,Co goi y san pham thay the khong,synthetic,2,2026-04-12T09:45:39.303639+00:00,"{""category_id"": 2, ""intent"": ""advice""}"
960982ba-b3c2-41af-aa0e-dccdf5a959be,chat_started,25,sim-u25-s2,,start session,synthetic,1,2026-04-12T09:46:12.303639+00:00,"{""channel"": ""web""}"
323ecbdf-5b9d-443a-ab60-d043372520f4,search_performed,25,sim-u25-s2,,usb c hub,synthetic,1,2026-04-12T09:47:01.303639+00:00,"{""search_query"": ""usb c hub""}"
fb0c066a-6f2c-482e-a498-982b49ec08d1,search_performed,8,sim-u8-s2,,wireless mouse,synthetic,1,2026-04-12T09:47:49.303639+00:00,"{""search_query"": ""wireless mouse""}"
94a4bd7d-185a-4310-a93b-86108941b503,product_clicked,25,sim-u25-s2,29,,synthetic,2,2026-04-12T09:48:28.303639+00:00,"{""category_id"": 12}"
733b71ce-7f51-4649-a771-5ebb0ec8db41,product_clicked,8,sim-u8-s2,16,,synthetic,2,2026-04-12T09:49:31.303639+00:00,"{""category_id"": 6}"
43d8df6f-5819-4c18-a176-a6b759f8d994,product_viewed,25,sim-u25-s2,29,,synthetic,1,2026-04-12T09:50:53.303639+00:00,"{""category_id"": 12}"
cfdf3659-68bf-49fa-a45f-ecda6282da0c,product_viewed,8,sim-u8-s2,16,,synthetic,1,2026-04-12T09:52:25.303639+00:00,"{""category_id"": 6}"
b31bca3c-370f-45bb-9d0d-ebf26c61d161,cart_viewed,25,sim-u25-s2,,open cart,synthetic,1,2026-04-12T09:52:33.303639+00:00,{}
3d0edfba-84ae-4f73-99eb-f0f208ca3a11,cart_viewed,8,sim-u8-s2,,open cart,synthetic,1,2026-04-12T09:53:08.303639+00:00,{}
f028b36d-9850-439f-a0a2-1c5f29038bf1,cart_item_added,8,sim-u8-s2,16,,synthetic,4,2026-04-12T09:54:26.303639+00:00,"{""category_id"": 6}"
ec432f46-831a-4793-948c-f80dda6dc664,cart_item_added,25,sim-u25-s2,29,,synthetic,4,2026-04-12T09:55:25.303639+00:00,"{""category_id"": 12}"
12f2b33e-2471-40fb-b091-94dc3c768c5a,checkout_started,8,sim-u8-s2,,checkout,synthetic,4,2026-04-12T09:57:13.303639+00:00,{}
87d28a6c-2107-4a1e-8206-37af16e12534,cart_item_quantity_updated,25,sim-u25-s2,29,,synthetic,3,2026-04-12T09:58:15.303639+00:00,"{""category_id"": 12, ""quantity"": 3}"
3d853185-9edc-4d03-b7d9-fab533f419b0,order_created,8,sim-u8-s2,16,,synthetic,5,2026-04-12T10:00:03.303639+00:00,"{""category_id"": 6}"
5a5b1df4-321b-46cb-90df-9df7d623a926,cart_item_removed,25,sim-u25-s2,29,,synthetic,1,2026-04-12T10:00:05.303639+00:00,"{""category_id"": 12}"
8277fd25-a869-4057-8d71-cca97e5dba33,order_cancelled,8,sim-u8-s2,16,,synthetic,-2,2026-04-12T10:01:31.303639+00:00,"{""category_id"": 6}"
acca8234-80aa-4ffc-8525-a8396632f7cc,checkout_started,25,sim-u25-s2,,checkout,synthetic,4,2026-04-12T10:02:22.303639+00:00,{}
7024ebbf-9b1d-4431-9531-ff57030fc229,chat_message_sent,8,sim-u8-s2,16,San pham nay co uu diem gi,synthetic,2,2026-04-12T10:03:51.303639+00:00,"{""category_id"": 6, ""intent"": ""advice""}"
ad08e4bb-13d5-43bb-8168-f625122e6265,order_created,25,sim-u25-s2,29,,synthetic,5,2026-04-12T10:05:20.303639+00:00,"{""category_id"": 12}"
dbf147af-95d7-4dab-b144-b0cf2cff3e19,order_paid,25,sim-u25-s2,29,,synthetic,6,2026-04-12T10:06:56.303639+00:00,"{""category_id"": 12}"
e2273be2-e41b-4d1f-a3bf-114e519f4276,order_completed,25,sim-u25-s2,29,,synthetic,6,2026-04-12T10:09:53.303639+00:00,"{""category_id"": 12}"
9f6a794d-9bee-4db7-ad4a-f0b877053fc8,chat_message_sent,25,sim-u25-s2,29,San pham nay co uu diem gi,synthetic,2,2026-04-12T10:11:33.303639+00:00,"{""category_id"": 12, ""intent"": ""advice""}"
01f5d240-f018-4bd0-8bc1-26ab0b552b48,search_performed,25,sim-u25-s2,,ergonomic desk,synthetic,1,2026-04-12T10:13:11.303639+00:00,"{""search_query"": ""ergonomic desk""}"
8ad9b58d-82f1-4d2d-8b44-a34c597c72af,product_clicked,25,sim-u25-s2,32,,synthetic,2,2026-04-12T10:14:00.303639+00:00,"{""category_id"": 14}"
e289f3b7-8d53-428f-b93c-0f5b8bd57dc6,product_viewed,25,sim-u25-s2,32,,synthetic,1,2026-04-12T10:15:06.303639+00:00,"{""category_id"": 14}"
c17565cf-39c6-4434-ade5-d543e152687d,cart_viewed,25,sim-u25-s2,,open cart,synthetic,1,2026-04-12T10:16:02.303639+00:00,{}
bdd386ba-5bbd-4783-9676-72d25d732a26,cart_item_added,25,sim-u25-s2,32,,synthetic,4,2026-04-12T10:18:32.303639+00:00,"{""category_id"": 14}"
b7e61619-33fb-413d-80ea-387ea7fbd836,cart_item_quantity_updated,25,sim-u25-s2,32,,synthetic,3,2026-04-12T10:19:27.303639+00:00,"{""category_id"": 14, ""quantity"": 4}"
1804753f-5675-4be4-a2fa-8a72b320aa5d,checkout_started,25,sim-u25-s2,,checkout,synthetic,4,2026-04-12T10:21:35.303639+00:00,{}
7dabe32d-0db5-4e44-85ea-01fd3ff92c8f,order_created,25,sim-u25-s2,32,,synthetic,5,2026-04-12T10:22:42.303639+00:00,"{""category_id"": 14}"
cc80310b-2ae7-448b-8a6a-61f686fa4787,order_paid,25,sim-u25-s2,32,,synthetic,6,2026-04-12T10:25:19.303639+00:00,"{""category_id"": 14}"
a5ae558d-9cc1-4000-9f37-871ef44b038b,order_completed,25,sim-u25-s2,32,,synthetic,6,2026-04-12T10:26:23.303639+00:00,"{""category_id"": 14}"
0adcd9eb-f4f3-425d-806b-fee8f373f938,chat_message_sent,25,sim-u25-s2,32,Co goi y san pham thay the khong,synthetic,2,2026-04-12T10:27:56.303639+00:00,"{""category_id"": 14, ""intent"": ""advice""}"
752dc438-e6ba-4dea-8d35-694640bde38d,chat_started,51,sim-u51-s1,,start session,synthetic,1,2026-04-12T12:39:31.303639+00:00,"{""channel"": ""web""}"
f8940fde-0714-4ca2-a33f-06a890572223,search_performed,51,sim-u51-s1,,laptop stand,synthetic,1,2026-04-12T12:41:32.303639+00:00,"{""search_query"": ""laptop stand""}"
ae048065-963d-436b-a240-2a170cfb1639,product_clicked,51,sim-u51-s1,19,,synthetic,2,2026-04-12T12:42:02.303639+00:00,"{""category_id"": 7}"
9b787a0b-fe0e-4d0b-9596-cf4ff276cc60,product_viewed,51,sim-u51-s1,19,,synthetic,1,2026-04-12T12:44:44.303639+00:00,"{""category_id"": 7}"
8dc68dcb-8bb6-4cf2-a75b-a3433e44a8ba,cart_viewed,51,sim-u51-s1,,open cart,synthetic,1,2026-04-12T12:45:16.303639+00:00,{}
542b8bd0-898d-4bfe-bbb9-f2eec1f34bba,cart_item_added,51,sim-u51-s1,19,,synthetic,4,2026-04-12T12:46:24.303639+00:00,"{""category_id"": 7}"
a1f49386-9ae2-462a-a019-679660b701ee,cart_item_quantity_updated,51,sim-u51-s1,19,,synthetic,3,2026-04-12T12:48:01.303639+00:00,"{""category_id"": 7, ""quantity"": 3}"
7d9e4192-e247-49e1-b8fa-5df111efc880,checkout_started,51,sim-u51-s1,,checkout,synthetic,4,2026-04-12T12:49:34.303639+00:00,{}
8c8817b8-fade-48c1-94d8-226d317c9991,order_created,51,sim-u51-s1,19,,synthetic,5,2026-04-12T12:51:52.303639+00:00,"{""category_id"": 7}"
e74005cc-b27d-4e6c-8a00-e2981eb769fa,order_paid,51,sim-u51-s1,19,,synthetic,6,2026-04-12T12:53:27.303639+00:00,"{""category_id"": 7}"
04c2a900-b26d-43d6-9322-82a4d8373fb3,order_completed,51,sim-u51-s1,19,,synthetic,6,2026-04-12T12:56:23.303639+00:00,"{""category_id"": 7}"
3536194a-c227-4a11-8f01-312f901f153e,chat_message_sent,51,sim-u51-s1,,San pham nay co uu diem gi,synthetic,2,2026-04-12T12:58:41.303639+00:00,"{""intent"": ""followup""}"
801829c5-b1f9-4dec-ba5c-8b7b81be5329,chat_started,87,sim-u87-s2,,start session,synthetic,1,2026-04-12T18:09:13.303639+00:00,"{""channel"": ""web""}"
b12e86a7-eeb0-4c29-969a-9243ca808e0a,search_performed,87,sim-u87-s2,,webcam full hd,synthetic,1,2026-04-12T18:10:21.303639+00:00,"{""search_query"": ""webcam full hd""}"
4b7f1677-ad0a-4b13-8b9d-9744688d5198,product_clicked,87,sim-u87-s2,25,,synthetic,2,2026-04-12T18:11:10.303639+00:00,"{""category_id"": 10}"
b0f55356-f764-40e5-bb1a-3bafc29c3330,product_viewed,87,sim-u87-s2,25,,synthetic,1,2026-04-12T18:13:56.303639+00:00,"{""category_id"": 10}"
3bfd8773-2775-41ab-8e42-517dc335d14b,cart_viewed,87,sim-u87-s2,,open cart,synthetic,1,2026-04-12T18:15:36.303639+00:00,{}
3c1b016c-4faf-4f31-9c25-f8210a673fa8,cart_item_added,87,sim-u87-s2,25,,synthetic,4,2026-04-12T18:17:33.303639+00:00,"{""category_id"": 10}"
9bbc8ede-17e2-472a-b2ac-3c51115e4e80,cart_item_quantity_updated,87,sim-u87-s2,25,,synthetic,3,2026-04-12T18:19:12.303639+00:00,"{""category_id"": 10, ""quantity"": 2}"
8c07886a-c089-4281-a94d-c5c94008f8c9,cart_item_removed,87,sim-u87-s2,25,,synthetic,1,2026-04-12T18:21:49.303639+00:00,"{""category_id"": 10}"
8b3afd6e-1d4d-471a-853b-38dff4f1b72a,checkout_started,87,sim-u87-s2,,checkout,synthetic,4,2026-04-12T18:22:57.303639+00:00,{}
49b55e2d-f1a4-406d-a886-ccd4d02f2bb3,order_created,87,sim-u87-s2,25,,synthetic,5,2026-04-12T18:24:56.303639+00:00,"{""category_id"": 10}"
00ce5cb5-e70d-411f-b283-efb6c7249956,order_cancelled,87,sim-u87-s2,25,,synthetic,-2,2026-04-12T18:26:37.303639+00:00,"{""category_id"": 10}"
2984f0e3-864a-49ed-aa82-527a94135dab,chat_message_sent,87,sim-u87-s2,,San pham nay co uu diem gi,synthetic,2,2026-04-12T18:29:10.303639+00:00,"{""intent"": ""followup""}"
b25bdd90-2083-425e-9174-d0cf6c3458d1,chat_started,30,sim-u30-s1,,start session,synthetic,1,2026-04-12T22:46:26.303639+00:00,"{""channel"": ""web""}"
44f905bd-e5dc-41cf-88a9-8e76988ccdda,search_performed,30,sim-u30-s1,,noise cancelling headset,synthetic,1,2026-04-12T22:48:30.303639+00:00,"{""search_query"": ""noise cancelling headset""}"
ce2a4b84-aa1d-4f70-bcb7-7b04c890d2d1,product_clicked,30,sim-u30-s1,21,,synthetic,2,2026-04-12T22:49:20.303639+00:00,"{""category_id"": 8}"
39dd7033-5e80-478d-bdf4-15e0572df55a,product_viewed,30,sim-u30-s1,21,,synthetic,1,2026-04-12T22:51:57.303639+00:00,"{""category_id"": 8}"
d77aaefe-df20-4033-8ec7-5860c45c7d24,cart_viewed,30,sim-u30-s1,,open cart,synthetic,1,2026-04-12T22:53:10.303639+00:00,{}
2b859551-5016-4493-ae9b-ce322dfca152,cart_item_added,30,sim-u30-s1,21,,synthetic,4,2026-04-12T22:55:25.303639+00:00,"{""category_id"": 8}"
84af71a6-243a-4079-a807-e2cea3dacc35,cart_item_quantity_updated,30,sim-u30-s1,21,,synthetic,3,2026-04-12T22:56:15.303639+00:00,"{""category_id"": 8, ""quantity"": 3}"
34af2319-c412-40d0-8eaf-dbcf487d69f1,cart_item_removed,30,sim-u30-s1,21,,synthetic,1,2026-04-12T22:57:52.303639+00:00,"{""category_id"": 8}"
20730179-c39f-4482-aa9b-92d0fa075fed,checkout_started,30,sim-u30-s1,,checkout,synthetic,4,2026-04-12T23:00:46.303639+00:00,{}
d158dc39-6864-403b-b603-cece25a4bc63,order_created,30,sim-u30-s1,21,,synthetic,5,2026-04-12T23:01:16.303639+00:00,"{""category_id"": 8}"
8d75d419-efa6-482b-8494-09c9bec732b0,chat_started,69,sim-u69-s2,,start session,synthetic,1,2026-04-12T23:02:12.303639+00:00,"{""channel"": ""web""}"
72b8ac1a-fd23-434e-885e-9fd037368602,order_paid,30,sim-u30-s1,21,,synthetic,6,2026-04-12T23:02:59.303639+00:00,"{""category_id"": 8}"
febb168b-a814-4fd1-b1d8-32827dd8ca15,search_performed,69,sim-u69-s2,,monitor 27 inch,synthetic,1,2026-04-12T23:03:18.303639+00:00,"{""search_query"": ""monitor 27 inch""}"
81185934-bd57-4b16-87b5-c8c09ef008b9,order_completed,30,sim-u30-s1,21,,synthetic,6,2026-04-12T23:03:56.303639+00:00,"{""category_id"": 8}"
f43f834e-2c96-40cf-a070-c2d0640ce013,product_clicked,69,sim-u69-s2,29,,synthetic,2,2026-04-12T23:04:21.303639+00:00,"{""category_id"": 12}"
374000d5-974a-4dc3-a37d-44b55b755408,chat_message_sent,30,sim-u30-s1,21,San pham nay co uu diem gi,synthetic,2,2026-04-12T23:05:47.303639+00:00,"{""category_id"": 8, ""intent"": ""advice""}"
0241a100-34e9-4d9d-ba60-4daba006504c,search_performed,30,sim-u30-s1,,laptop stand,synthetic,1,2026-04-12T23:06:19.303639+00:00,"{""search_query"": ""laptop stand""}"
eb9c6557-c196-4f3e-9961-cb3304c22e33,product_viewed,69,sim-u69-s2,29,,synthetic,1,2026-04-12T23:06:51.303639+00:00,"{""category_id"": 12}"
f87274ae-e4fa-4a0f-8d23-de82df42152e,product_clicked,30,sim-u30-s1,23,,synthetic,2,2026-04-12T23:07:55.303639+00:00,"{""category_id"": 9}"
f8430113-4b19-43e6-81a1-48cec4dd6aaf,product_viewed,30,sim-u30-s1,23,,synthetic,1,2026-04-12T23:09:21.303639+00:00,"{""category_id"": 9}"
b9f36a17-dcef-4781-9d76-63ba35b88aed,chat_message_sent,69,sim-u69-s2,29,San pham nay co uu diem gi,synthetic,2,2026-04-12T23:09:40.303639+00:00,"{""category_id"": 12, ""intent"": ""advice""}"
deebbb02-095a-4219-9eb4-3cfa8ef645df,chat_message_sent,30,sim-u30-s1,23,Co goi y san pham thay the khong,synthetic,2,2026-04-12T23:11:36.303639+00:00,"{""category_id"": 9, ""intent"": ""advice""}"
df11078e-9b0a-427b-a4d3-3d06e8d5eb7f,chat_started,97,sim-u97-s1,,start session,synthetic,1,2026-04-13T01:53:09.303639+00:00,"{""channel"": ""web""}"
df036f76-3b52-4ed5-8cb8-a47ac6cec899,search_performed,97,sim-u97-s1,,monitor 27 inch,synthetic,1,2026-04-13T01:54:17.303639+00:00,"{""search_query"": ""monitor 27 inch""}"
d8876479-09b0-4a55-b152-133a22341373,product_clicked,97,sim-u97-s1,11,,synthetic,2,2026-04-13T01:56:58.303639+00:00,"{""category_id"": 3}"
6d7462e3-534e-4961-ace7-0623c60324f9,product_viewed,97,sim-u97-s1,11,,synthetic,1,2026-04-13T01:58:09.303639+00:00,"{""category_id"": 3}"
50eb4875-86fe-4529-85a8-b47290a30966,cart_viewed,97,sim-u97-s1,,open cart,synthetic,1,2026-04-13T01:58:37.303639+00:00,{}
45111fb8-ad89-4033-843d-b6f8444839c6,cart_item_added,97,sim-u97-s1,11,,synthetic,4,2026-04-13T01:59:58.303639+00:00,"{""category_id"": 3}"
a19a33ed-9cc5-4892-90f3-788aed422c32,cart_item_quantity_updated,97,sim-u97-s1,11,,synthetic,3,2026-04-13T02:02:42.303639+00:00,"{""category_id"": 3, ""quantity"": 4}"
ad1d4d16-97cb-4680-b783-717728e9ad8f,cart_item_removed,97,sim-u97-s1,11,,synthetic,1,2026-04-13T02:05:05.303639+00:00,"{""category_id"": 3}"
85068c42-3812-42df-aea5-315482a904fc,checkout_started,97,sim-u97-s1,,checkout,synthetic,4,2026-04-13T02:05:36.303639+00:00,{}
f60c1fe2-1d7c-4449-949f-0dbbf97f5796,order_created,97,sim-u97-s1,11,,synthetic,5,2026-04-13T02:06:08.303639+00:00,"{""category_id"": 3}"
e9b2226f-d756-48d4-ae64-601b99c23653,order_paid,97,sim-u97-s1,11,,synthetic,6,2026-04-13T02:07:47.303639+00:00,"{""category_id"": 3}"
81f10f82-38af-4037-8779-d6c7588abd15,order_completed,97,sim-u97-s1,11,,synthetic,6,2026-04-13T02:08:09.303639+00:00,"{""category_id"": 3}"
2a1520c6-ba2e-4d78-ad39-ab6c827516d5,chat_message_sent,97,sim-u97-s1,,Nen chon mau nao cho cong viec van phong,synthetic,2,2026-04-13T02:10:10.303639+00:00,"{""intent"": ""followup""}"
cf766563-c423-42b7-8828-cc2e3f7d80b4,chat_started,95,sim-u95-s1,,start session,synthetic,1,2026-04-13T07:03:59.303639+00:00,"{""channel"": ""web""}"
0f897695-17aa-469b-bbbb-482f3c703db5,search_performed,95,sim-u95-s1,,gaming keyboard,synthetic,1,2026-04-13T07:04:30.303639+00:00,"{""search_query"": ""gaming keyboard""}"
2fd284b7-79b8-406c-923b-a026c09df3dd,product_clicked,95,sim-u95-s1,6,,synthetic,2,2026-04-13T07:07:24.303639+00:00,"{""category_id"": 1}"
e907e295-d403-467c-8472-0e886e18d1fe,product_viewed,95,sim-u95-s1,6,,synthetic,1,2026-04-13T07:08:22.303639+00:00,"{""category_id"": 1}"
c61c213b-05a2-4a3e-9978-646f1fae308f,cart_viewed,95,sim-u95-s1,,open cart,synthetic,1,2026-04-13T07:10:57.303639+00:00,{}
a466ac6c-dd76-42bc-80f1-74c6a8c2833b,cart_item_added,95,sim-u95-s1,6,,synthetic,4,2026-04-13T07:12:42.303639+00:00,"{""category_id"": 1}"
4a8afc3a-fe15-4b74-80e8-be8b3152d4c5,cart_item_quantity_updated,95,sim-u95-s1,6,,synthetic,3,2026-04-13T07:14:50.303639+00:00,"{""category_id"": 1, ""quantity"": 4}"
3a51c003-b895-42dc-b7aa-ca541937bd08,cart_item_removed,95,sim-u95-s1,6,,synthetic,1,2026-04-13T07:16:27.303639+00:00,"{""category_id"": 1}"
524a3104-18e4-422b-956b-bf0639694343,checkout_started,95,sim-u95-s1,,checkout,synthetic,4,2026-04-13T07:19:26.303639+00:00,{}
df2b143c-d36a-425b-8923-caf4054152fa,order_created,95,sim-u95-s1,6,,synthetic,5,2026-04-13T07:20:59.303639+00:00,"{""category_id"": 1}"
7146711a-12e5-4c9a-b2e1-55aeb124e6e6,order_paid,95,sim-u95-s1,6,,synthetic,6,2026-04-13T07:21:45.303639+00:00,"{""category_id"": 1}"
a6700a11-3e23-4ea7-bdb7-3ff38a3f9b26,order_completed,95,sim-u95-s1,6,,synthetic,6,2026-04-13T07:23:14.303639+00:00,"{""category_id"": 1}"
28415844-96a3-4494-bfa5-8a0f5e4cd567,search_performed,95,sim-u95-s1,,noise cancelling headset,synthetic,1,2026-04-13T07:24:41.303639+00:00,"{""search_query"": ""noise cancelling headset""}"
0c9dce42-0f74-4aa1-a7fb-c1c4d68f521d,product_clicked,95,sim-u95-s1,14,,synthetic,2,2026-04-13T07:25:20.303639+00:00,"{""category_id"": 5}"
8b2cea6d-0389-48ba-854b-2ef08d737c3e,product_viewed,95,sim-u95-s1,14,,synthetic,1,2026-04-13T07:25:40.303639+00:00,"{""category_id"": 5}"
76fd7069-df11-49ad-ae32-21a5bccba077,chat_message_sent,95,sim-u95-s1,,San pham nay co uu diem gi,synthetic,2,2026-04-13T07:27:21.303639+00:00,"{""intent"": ""followup""}"
2d475c78-d89c-40a4-a5bc-a144af735cb2,chat_started,39,sim-u39-s3,,start session,synthetic,1,2026-04-13T08:05:06.303639+00:00,"{""channel"": ""web""}"
4efead0a-5d5c-42c4-b66d-668b699319e1,search_performed,39,sim-u39-s3,,laptop stand,synthetic,1,2026-04-13T08:05:53.303639+00:00,"{""search_query"": ""laptop stand""}"
7bb3951f-1193-45ea-9352-6779cd86871c,product_clicked,39,sim-u39-s3,6,,synthetic,2,2026-04-13T08:07:27.303639+00:00,"{""category_id"": 1}"
a22196f6-7bb0-4870-80c7-606658df4120,product_viewed,39,sim-u39-s3,6,,synthetic,1,2026-04-13T08:09:04.303639+00:00,"{""category_id"": 1}"
95c6403c-ab77-46ab-90e6-efe2bc3b5694,cart_viewed,39,sim-u39-s3,,open cart,synthetic,1,2026-04-13T08:10:36.303639+00:00,{}
847d90dc-7e49-4553-a783-26cde8c313cd,cart_item_added,39,sim-u39-s3,6,,synthetic,4,2026-04-13T08:12:48.303639+00:00,"{""category_id"": 1}"
373a446d-3676-4195-8868-058dc2b6272f,cart_item_quantity_updated,39,sim-u39-s3,6,,synthetic,3,2026-04-13T08:13:15.303639+00:00,"{""category_id"": 1, ""quantity"": 4}"
e25c8255-d29c-41c0-bd77-eee3e8e003ae,checkout_started,39,sim-u39-s3,,checkout,synthetic,4,2026-04-13T08:15:51.303639+00:00,{}
73891124-aac1-434b-bf2b-98918dcfc82c,order_created,39,sim-u39-s3,6,,synthetic,5,2026-04-13T08:17:07.303639+00:00,"{""category_id"": 1}"
b8380863-cfc5-4391-8174-6b896c199419,order_paid,39,sim-u39-s3,6,,synthetic,6,2026-04-13T08:19:07.303639+00:00,"{""category_id"": 1}"
b02a25dd-2828-4804-b6d7-085b9f5c11f5,order_completed,39,sim-u39-s3,6,,synthetic,6,2026-04-13T08:21:46.303639+00:00,"{""category_id"": 1}"
13b4f430-0385-4503-b784-d3022da0583e,chat_message_sent,39,sim-u39-s3,6,San pham nay co uu diem gi,synthetic,2,2026-04-13T08:23:22.303639+00:00,"{""category_id"": 1, ""intent"": ""advice""}"
5742ecb8-7f80-4e05-973c-47932560ef57,search_performed,39,sim-u39-s3,,noise cancelling headset,synthetic,1,2026-04-13T08:23:44.303639+00:00,"{""search_query"": ""noise cancelling headset""}"
a11ead84-53e4-4c0b-a9ff-b031467d191f,product_clicked,39,sim-u39-s3,14,,synthetic,2,2026-04-13T08:26:25.303639+00:00,"{""category_id"": 5}"
aef546bc-8e52-452c-9434-5121f6dd5173,product_viewed,39,sim-u39-s3,14,,synthetic,1,2026-04-13T08:29:07.303639+00:00,"{""category_id"": 5}"
d09512d2-46d5-4c86-86af-1b22cbf283be,cart_viewed,39,sim-u39-s3,,open cart,synthetic,1,2026-04-13T08:29:37.303639+00:00,{}
ce383b33-c52c-4b80-90ea-a1f6224033cb,cart_item_added,39,sim-u39-s3,14,,synthetic,4,2026-04-13T08:29:58.303639+00:00,"{""category_id"": 5}"
fa2b269b-6427-4920-ab31-2f6194592384,cart_item_quantity_updated,39,sim-u39-s3,14,,synthetic,3,2026-04-13T08:32:35.303639+00:00,"{""category_id"": 5, ""quantity"": 3}"
ef447b6e-e826-4672-9ebe-ef4119fdb88f,checkout_started,39,sim-u39-s3,,checkout,synthetic,4,2026-04-13T08:33:16.303639+00:00,{}
684024f6-cf90-421a-aba7-226b67d4c52f,order_created,39,sim-u39-s3,14,,synthetic,5,2026-04-13T08:34:54.303639+00:00,"{""category_id"": 5}"
438c02d2-2428-45f7-b58e-f2cfcf1761e6,order_paid,39,sim-u39-s3,14,,synthetic,6,2026-04-13T08:36:42.303639+00:00,"{""category_id"": 5}"
abd88e3c-6d68-4a64-bcf2-cc6008984a9d,order_completed,39,sim-u39-s3,14,,synthetic,6,2026-04-13T08:37:56.303639+00:00,"{""category_id"": 5}"
8630f7a7-5b13-4249-8862-ee3dd1739ac5,chat_message_sent,39,sim-u39-s3,14,San pham nay co uu diem gi,synthetic,2,2026-04-13T08:38:57.303639+00:00,"{""category_id"": 5, ""intent"": ""advice""}"
e62474cc-541b-4c33-bf59-a0cb848a729e,chat_started,29,sim-u29-s1,,start session,synthetic,1,2026-04-13T12:12:07.303639+00:00,"{""channel"": ""web""}"
04ef0349-4bbc-4303-8cfa-387f65e5227a,search_performed,29,sim-u29-s1,,gaming keyboard,synthetic,1,2026-04-13T12:14:48.303639+00:00,"{""search_query"": ""gaming keyboard""}"
befd1749-2d19-4e57-9ecd-f8ac5eb715d0,product_clicked,29,sim-u29-s1,25,,synthetic,2,2026-04-13T12:17:04.303639+00:00,"{""category_id"": 10}"
3c3f2760-1e21-41cc-bcde-2752105a6c63,product_viewed,29,sim-u29-s1,25,,synthetic,1,2026-04-13T12:17:26.303639+00:00,"{""category_id"": 10}"
bbfb344e-a0c3-4a3b-93f9-c51caea81c7b,cart_viewed,29,sim-u29-s1,,open cart,synthetic,1,2026-04-13T12:19:00.303639+00:00,{}
63778e87-cd2c-438e-bacf-89cba94cd182,cart_item_added,29,sim-u29-s1,25,,synthetic,4,2026-04-13T12:21:44.303639+00:00,"{""category_id"": 10}"
ff0bcb7c-8d53-43ab-b5ea-953af2982e39,checkout_started,29,sim-u29-s1,,checkout,synthetic,4,2026-04-13T12:23:06.303639+00:00,{}
9aefa8b6-920e-4b7b-bd80-7d0bc6077897,order_created,29,sim-u29-s1,25,,synthetic,5,2026-04-13T12:25:24.303639+00:00,"{""category_id"": 10}"
8dff50d3-298f-45fd-90f2-69777f286da2,order_paid,29,sim-u29-s1,25,,synthetic,6,2026-04-13T12:27:50.303639+00:00,"{""category_id"": 10}"
76dd35a7-2c59-4fe2-869e-f8d156f1f3d1,order_completed,29,sim-u29-s1,25,,synthetic,6,2026-04-13T12:29:00.303639+00:00,"{""category_id"": 10}"
48b948e6-6471-4c75-bf25-b39d6506f1b1,chat_message_sent,29,sim-u29-s1,25,San pham nay co uu diem gi,synthetic,2,2026-04-13T12:29:58.303639+00:00,"{""category_id"": 10, ""intent"": ""advice""}"
c1013980-bbf5-4b0b-a26a-3175edf59d38,search_performed,29,sim-u29-s1,,mechanical keyboard,synthetic,1,2026-04-13T12:30:24.303639+00:00,"{""search_query"": ""mechanical keyboard""}"
78492918-0b26-4791-aa0e-ca8b30e6db1c,product_clicked,29,sim-u29-s1,35,,synthetic,2,2026-04-13T12:31:43.303639+00:00,"{""category_id"": 15}"
d64d1a9d-1beb-4801-8d6f-329ced0d82b6,product_viewed,29,sim-u29-s1,35,,synthetic,1,2026-04-13T12:34:21.303639+00:00,"{""category_id"": 15}"
c695fb4c-23bb-4e5d-9006-d2518108d85e,cart_viewed,29,sim-u29-s1,,open cart,synthetic,1,2026-04-13T12:34:43.303639+00:00,{}
ffb9abd6-9587-4c4f-ac45-553773cc67b0,cart_item_added,29,sim-u29-s1,35,,synthetic,4,2026-04-13T12:36:28.303639+00:00,"{""category_id"": 15}"
9708eec0-2781-42b9-92ee-679b848ab382,cart_item_quantity_updated,29,sim-u29-s1,35,,synthetic,3,2026-04-13T12:38:24.303639+00:00,"{""category_id"": 15, ""quantity"": 4}"
cbd8f96e-a695-4a1e-b19d-4c189a6089ce,checkout_started,29,sim-u29-s1,,checkout,synthetic,4,2026-04-13T12:40:02.303639+00:00,{}
25ebad11-78a4-493b-9026-b66361302766,order_created,29,sim-u29-s1,35,,synthetic,5,2026-04-13T12:40:48.303639+00:00,"{""category_id"": 15}"
399450b7-b6cc-4722-a23d-fb2916f3a793,order_paid,29,sim-u29-s1,35,,synthetic,6,2026-04-13T12:42:08.303639+00:00,"{""category_id"": 15}"
9fc1011a-3523-4ad7-bbd4-76d96d988bd6,order_completed,29,sim-u29-s1,35,,synthetic,6,2026-04-13T12:44:15.303639+00:00,"{""category_id"": 15}"
fa650f11-27f9-4480-b9e4-5481a4a19d18,chat_message_sent,29,sim-u29-s1,35,Tu van cho toi mot san pham phu hop nhu cau,synthetic,2,2026-04-13T12:45:11.303639+00:00,"{""category_id"": 15, ""intent"": ""advice""}"
00e64a92-f8d0-4e8e-9958-793d96ff73e6,chat_started,9,sim-u9-s1,,start session,synthetic,1,2026-04-13T17:20:56.303639+00:00,"{""channel"": ""web""}"
61c3cf9c-6e89-449f-9ef7-444430d54220,search_performed,9,sim-u9-s1,,mechanical keyboard,synthetic,1,2026-04-13T17:23:27.303639+00:00,"{""search_query"": ""mechanical keyboard""}"
f8d6ef19-1975-4eee-8c99-9a6e3ebacc96,product_clicked,9,sim-u9-s1,11,,synthetic,2,2026-04-13T17:23:47.303639+00:00,"{""category_id"": 3}"
80aea65d-4309-4f90-9a91-47817c11a1fc,product_viewed,9,sim-u9-s1,11,,synthetic,1,2026-04-13T17:26:25.303639+00:00,"{""category_id"": 3}"
b6f6158f-16af-4b5f-98bb-339a75997b83,cart_viewed,9,sim-u9-s1,,open cart,synthetic,1,2026-04-13T17:26:58.303639+00:00,{}
5f3770e1-b221-47df-89a7-b77eab4d6a20,cart_item_added,9,sim-u9-s1,11,,synthetic,4,2026-04-13T17:28:06.303639+00:00,"{""category_id"": 3}"
4b9bdb20-3a4c-455a-926e-f3029eda3da5,cart_item_quantity_updated,9,sim-u9-s1,11,,synthetic,3,2026-04-13T17:30:33.303639+00:00,"{""category_id"": 3, ""quantity"": 4}"
c5df49cb-11aa-428c-ba83-a0c4208de61e,checkout_started,9,sim-u9-s1,,checkout,synthetic,4,2026-04-13T17:31:06.303639+00:00,{}
a0c442be-194f-435a-93ac-66620a6c8b32,order_created,9,sim-u9-s1,11,,synthetic,5,2026-04-13T17:32:18.303639+00:00,"{""category_id"": 3}"
31561515-5b52-4bb3-941d-90abd42c26ee,order_paid,9,sim-u9-s1,11,,synthetic,6,2026-04-13T17:33:11.303639+00:00,"{""category_id"": 3}"
2f72c5d9-fff1-44ee-977a-0720828d1993,order_completed,9,sim-u9-s1,11,,synthetic,6,2026-04-13T17:34:44.303639+00:00,"{""category_id"": 3}"
2a17a5dd-cdb4-4b7e-9e9c-aec760f68da5,chat_message_sent,9,sim-u9-s1,11,Co goi y san pham thay the khong,synthetic,2,2026-04-13T17:35:35.303639+00:00,"{""category_id"": 3, ""intent"": ""advice""}"
c50fa17a-b2f0-45ab-b47b-70f0bae8cc0b,chat_started,67,sim-u67-s1,,start session,synthetic,1,2026-04-13T20:02:24.303639+00:00,"{""channel"": ""web""}"
4cae784d-f92e-46d8-b947-21de6c3e09aa,search_performed,67,sim-u67-s1,,usb c hub,synthetic,1,2026-04-13T20:04:05.303639+00:00,"{""search_query"": ""usb c hub""}"
4a1b0a60-e322-4070-8650-c4d66f34bb91,product_clicked,67,sim-u67-s1,6,,synthetic,2,2026-04-13T20:06:09.303639+00:00,"{""category_id"": 1}"
0853866e-16ca-4b19-8f87-a7e8be744dfd,product_viewed,67,sim-u67-s1,6,,synthetic,1,2026-04-13T20:06:37.303639+00:00,"{""category_id"": 1}"
340da1c7-e99a-40f0-9391-b037450d5deb,cart_viewed,67,sim-u67-s1,,open cart,synthetic,1,2026-04-13T20:07:17.303639+00:00,{}
780aad55-3392-42a8-a23d-352bf4e6e485,cart_item_added,67,sim-u67-s1,6,,synthetic,4,2026-04-13T20:09:42.303639+00:00,"{""category_id"": 1}"
645a9c17-6084-4c67-8023-25ae7d6dfd58,cart_item_quantity_updated,67,sim-u67-s1,6,,synthetic,3,2026-04-13T20:11:27.303639+00:00,"{""category_id"": 1, ""quantity"": 3}"
02aa5792-5bcc-46f8-a984-ec06d023e3c7,checkout_started,67,sim-u67-s1,,checkout,synthetic,4,2026-04-13T20:12:12.303639+00:00,{}
bc33a03f-ebba-4460-b73c-32d606fee690,order_created,67,sim-u67-s1,6,,synthetic,5,2026-04-13T20:13:13.303639+00:00,"{""category_id"": 1}"
4ae7be9a-fdd6-4bd9-b8d7-978a7bf999c7,order_paid,67,sim-u67-s1,6,,synthetic,6,2026-04-13T20:15:42.303639+00:00,"{""category_id"": 1}"
e96b36d8-01a5-45b7-aa53-e91008b6d051,order_completed,67,sim-u67-s1,6,,synthetic,6,2026-04-13T20:16:18.303639+00:00,"{""category_id"": 1}"
82f51651-bd8b-4c0e-832a-7ba9b9ff4592,chat_message_sent,67,sim-u67-s1,6,Nen chon mau nao cho cong viec van phong,synthetic,2,2026-04-13T20:18:34.303639+00:00,"{""category_id"": 1, ""intent"": ""advice""}"
58d357f5-3fd9-41f4-9fc3-c363be729d77,chat_started,75,sim-u75-s2,,start session,synthetic,1,2026-04-13T21:31:29.303639+00:00,"{""channel"": ""web""}"
7cf7945b-0268-4c04-8a91-2046247d311d,search_performed,75,sim-u75-s2,,wireless mouse,synthetic,1,2026-04-13T21:34:14.303639+00:00,"{""search_query"": ""wireless mouse""}"
2fc9c37f-ee2a-4313-90c4-549fb3963d05,product_clicked,75,sim-u75-s2,11,,synthetic,2,2026-04-13T21:36:47.303639+00:00,"{""category_id"": 3}"
6673a508-709e-4f57-a119-1d7ea79cdc30,product_viewed,75,sim-u75-s2,11,,synthetic,1,2026-04-13T21:37:55.303639+00:00,"{""category_id"": 3}"
4e7769ab-91e5-410a-a867-2f2be3bd1178,cart_viewed,75,sim-u75-s2,,open cart,synthetic,1,2026-04-13T21:40:23.303639+00:00,{}
6d9ba4f1-a0aa-4015-8fc9-0e93185cc8dd,cart_item_added,75,sim-u75-s2,11,,synthetic,4,2026-04-13T21:40:47.303639+00:00,"{""category_id"": 3}"
4176e87b-b7ba-4b03-93ad-953fa34abe7f,cart_item_quantity_updated,75,sim-u75-s2,11,,synthetic,3,2026-04-13T21:41:53.303639+00:00,"{""category_id"": 3, ""quantity"": 4}"
2354fed8-74d8-4396-8576-4d98fa01b514,checkout_started,75,sim-u75-s2,,checkout,synthetic,4,2026-04-13T21:43:23.303639+00:00,{}
0f91aafb-bfbe-4b3b-b1e6-f14fc5a80cf0,order_created,75,sim-u75-s2,11,,synthetic,5,2026-04-13T21:44:35.303639+00:00,"{""category_id"": 3}"
5bdf4955-c5ed-4b6f-8d0c-30fbb7d063c3,order_paid,75,sim-u75-s2,11,,synthetic,6,2026-04-13T21:47:23.303639+00:00,"{""category_id"": 3}"
2c78c9a7-cc8f-4233-90ec-8463995a2854,order_completed,75,sim-u75-s2,11,,synthetic,6,2026-04-13T21:49:36.303639+00:00,"{""category_id"": 3}"
25ffc0c9-24bb-43de-9fbb-31b42396ebf2,chat_message_sent,75,sim-u75-s2,11,Nen chon mau nao cho cong viec van phong,synthetic,2,2026-04-13T21:51:38.303639+00:00,"{""category_id"": 3, ""intent"": ""advice""}"
89563caf-8d2f-4f0a-903c-b245808258ad,search_performed,75,sim-u75-s2,,wireless mouse,synthetic,1,2026-04-13T21:54:03.303639+00:00,"{""search_query"": ""wireless mouse""}"
cdd5e0e0-a6d5-4366-bedc-2783fc7b08f6,product_clicked,75,sim-u75-s2,17,,synthetic,2,2026-04-13T21:54:28.303639+00:00,"{""category_id"": 6}"
537540ec-44dd-402b-8d25-0229cd93d4e4,product_viewed,75,sim-u75-s2,17,,synthetic,1,2026-04-13T21:56:15.303639+00:00,"{""category_id"": 6}"
f757f520-0f24-48f3-b8b9-dea190a9339b,cart_viewed,75,sim-u75-s2,,open cart,synthetic,1,2026-04-13T21:58:21.303639+00:00,{}
7b8590f3-e56e-4928-9da7-baf819bda466,cart_item_added,75,sim-u75-s2,17,,synthetic,4,2026-04-13T21:58:47.303639+00:00,"{""category_id"": 6}"
1bbbab6f-9014-4e8f-ad13-f192b358c517,checkout_started,75,sim-u75-s2,,checkout,synthetic,4,2026-04-13T22:00:12.303639+00:00,{}
6383f977-427c-470c-93cf-157af59a3c5f,order_created,75,sim-u75-s2,17,,synthetic,5,2026-04-13T22:00:55.303639+00:00,"{""category_id"": 6}"
b2911592-6b86-41bb-af3d-d5f41d84c7a8,order_paid,75,sim-u75-s2,17,,synthetic,6,2026-04-13T22:01:40.303639+00:00,"{""category_id"": 6}"
4596fadd-7c9e-425a-85d0-f4e156b06096,order_completed,75,sim-u75-s2,17,,synthetic,6,2026-04-13T22:04:18.303639+00:00,"{""category_id"": 6}"
cf309b37-b08d-4c14-a493-13b0d0bb4647,chat_message_sent,75,sim-u75-s2,17,San pham nay co uu diem gi,synthetic,2,2026-04-13T22:05:24.303639+00:00,"{""category_id"": 6, ""intent"": ""advice""}"
6f35188a-78ee-4958-a962-2e5ee4c7c11d,search_performed,75,sim-u75-s2,,gaming keyboard,synthetic,1,2026-04-13T22:06:23.303639+00:00,"{""search_query"": ""gaming keyboard""}"
02c2f488-e481-405d-a050-f40aa3dbdd51,product_clicked,75,sim-u75-s2,27,,synthetic,2,2026-04-13T22:08:01.303639+00:00,"{""category_id"": 11}"
6062c115-776c-4423-af73-5e78bf0fb091,product_viewed,75,sim-u75-s2,27,,synthetic,1,2026-04-13T22:10:05.303639+00:00,"{""category_id"": 11}"
3972ffc0-2fc3-4623-93c0-bd456d157722,cart_viewed,75,sim-u75-s2,,open cart,synthetic,1,2026-04-13T22:10:40.303639+00:00,{}
a4333631-fa3f-4aaf-93b7-fa6d7a095b5a,cart_item_added,75,sim-u75-s2,27,,synthetic,4,2026-04-13T22:13:37.303639+00:00,"{""category_id"": 11}"
3de604b4-27c4-4783-a8ba-4f68c137a738,cart_item_removed,75,sim-u75-s2,27,,synthetic,1,2026-04-13T22:14:11.303639+00:00,"{""category_id"": 11}"
f0b7680b-4958-488a-8cd0-1e73cf78838b,checkout_started,75,sim-u75-s2,,checkout,synthetic,4,2026-04-13T22:15:47.303639+00:00,{}
29019882-a6f7-4cf9-840e-e68eb2beb913,order_created,75,sim-u75-s2,27,,synthetic,5,2026-04-13T22:17:46.303639+00:00,"{""category_id"": 11}"
052dcb7a-e0f2-4540-a05e-eb0199880706,order_paid,75,sim-u75-s2,27,,synthetic,6,2026-04-13T22:18:42.303639+00:00,"{""category_id"": 11}"
23fefaa5-aa1f-411a-a691-5b1f3750c653,order_completed,75,sim-u75-s2,27,,synthetic,6,2026-04-13T22:20:47.303639+00:00,"{""category_id"": 11}"
c107a85a-48b6-46de-b22c-7f3548ca4328,chat_started,70,sim-u70-s3,,start session,synthetic,1,2026-04-14T02:42:45.303639+00:00,"{""channel"": ""web""}"
ecb113ce-fc40-4220-a437-e7ff895c8cf6,search_performed,70,sim-u70-s3,,ergonomic desk,synthetic,1,2026-04-14T02:43:44.303639+00:00,"{""search_query"": ""ergonomic desk""}"
a2ce3e58-5300-4962-9634-0d1a929d4b12,product_clicked,70,sim-u70-s3,14,,synthetic,2,2026-04-14T02:46:10.303639+00:00,"{""category_id"": 5}"
c7df82e7-ee6d-4b80-8956-79fda0ebb32d,product_viewed,70,sim-u70-s3,14,,synthetic,1,2026-04-14T02:48:44.303639+00:00,"{""category_id"": 5}"
99ced7ec-8ec3-4d2e-87a0-9b3c89b09b19,cart_viewed,70,sim-u70-s3,,open cart,synthetic,1,2026-04-14T02:51:18.303639+00:00,{}
263e7d11-e02b-4d8f-a6ca-70895eaa61f9,cart_item_added,70,sim-u70-s3,14,,synthetic,4,2026-04-14T02:51:59.303639+00:00,"{""category_id"": 5}"
05c112dd-b368-4748-8329-8a895d20f09c,cart_item_quantity_updated,70,sim-u70-s3,14,,synthetic,3,2026-04-14T02:52:39.303639+00:00,"{""category_id"": 5, ""quantity"": 3}"
2224ebe3-26d0-4769-8eb4-5cfe0c82b697,checkout_started,70,sim-u70-s3,,checkout,synthetic,4,2026-04-14T02:55:01.303639+00:00,{}
e8750a7d-15a5-47df-a45a-b030eb5efc3a,order_created,70,sim-u70-s3,14,,synthetic,5,2026-04-14T02:56:37.303639+00:00,"{""category_id"": 5}"
0121ed61-5a38-4451-a5ae-cb58ee24fbc7,order_paid,70,sim-u70-s3,14,,synthetic,6,2026-04-14T02:57:29.303639+00:00,"{""category_id"": 5}"
8c0330a4-4992-4afe-a780-b66283bec51b,order_completed,70,sim-u70-s3,14,,synthetic,6,2026-04-14T02:59:05.303639+00:00,"{""category_id"": 5}"
75989277-6e46-4e7e-80c7-73d91cc0311f,search_performed,70,sim-u70-s3,,mechanical keyboard,synthetic,1,2026-04-14T03:00:40.303639+00:00,"{""search_query"": ""mechanical keyboard""}"
0ad69417-1bca-4cd0-866a-70612a2a8594,product_clicked,70,sim-u70-s3,19,,synthetic,2,2026-04-14T03:03:25.303639+00:00,"{""category_id"": 7}"
8720b6d1-18d3-4b5b-a5f8-87dff161fd6b,product_viewed,70,sim-u70-s3,19,,synthetic,1,2026-04-14T03:03:57.303639+00:00,"{""category_id"": 7}"
3a3f211c-2256-419c-abb2-44851064c98b,cart_viewed,70,sim-u70-s3,,open cart,synthetic,1,2026-04-14T03:04:28.303639+00:00,{}
56990e68-2573-4272-8194-4d1d2725c276,cart_item_added,70,sim-u70-s3,19,,synthetic,4,2026-04-14T03:06:59.303639+00:00,"{""category_id"": 7}"
2671b3b0-261c-4b2f-a167-3c0c29f68d66,cart_item_quantity_updated,70,sim-u70-s3,19,,synthetic,3,2026-04-14T03:09:04.303639+00:00,"{""category_id"": 7, ""quantity"": 3}"
a3587427-e40c-4e45-ae2a-8e560fd5686e,cart_item_removed,70,sim-u70-s3,19,,synthetic,1,2026-04-14T03:11:49.303639+00:00,"{""category_id"": 7}"
3321c639-aa19-4842-932e-a29cb5db641a,checkout_started,70,sim-u70-s3,,checkout,synthetic,4,2026-04-14T03:13:13.303639+00:00,{}
54b5a40a-3b7c-46b5-8171-0cb43f431cdd,order_created,70,sim-u70-s3,19,,synthetic,5,2026-04-14T03:15:03.303639+00:00,"{""category_id"": 7}"
487a8289-dd74-4a13-a6f0-9147bcae2952,order_paid,70,sim-u70-s3,19,,synthetic,6,2026-04-14T03:15:43.303639+00:00,"{""category_id"": 7}"
cb62fd9c-863f-41ba-911f-3bb25beaa59d,order_completed,70,sim-u70-s3,19,,synthetic,6,2026-04-14T03:18:11.303639+00:00,"{""category_id"": 7}"
f59b996b-83cc-40dd-860a-a91dc05f12b7,chat_message_sent,70,sim-u70-s3,19,Co goi y san pham thay the khong,synthetic,2,2026-04-14T03:19:16.303639+00:00,"{""category_id"": 7, ""intent"": ""advice""}"
ff9cdf2d-bbd3-4da8-8c03-4757fff5adf8,chat_started,73,sim-u73-s2,,start session,synthetic,1,2026-04-14T06:32:18.303639+00:00,"{""channel"": ""web""}"
b42681d4-7f34-438d-bc9d-0d1f4c7f94e2,search_performed,73,sim-u73-s2,,mechanical keyboard,synthetic,1,2026-04-14T06:34:59.303639+00:00,"{""search_query"": ""mechanical keyboard""}"
81a1b01c-594b-41d1-b579-1123e9311af2,product_clicked,73,sim-u73-s2,22,,synthetic,2,2026-04-14T06:36:36.303639+00:00,"{""category_id"": 9}"
1903c9d6-889f-4798-a7ad-87682e308911,product_viewed,73,sim-u73-s2,22,,synthetic,1,2026-04-14T06:38:16.303639+00:00,"{""category_id"": 9}"
589c2c55-d23f-4361-9ef8-041f6af77806,chat_message_sent,73,sim-u73-s2,22,Nen chon mau nao cho cong viec van phong,synthetic,2,2026-04-14T06:40:51.303639+00:00,"{""category_id"": 9, ""intent"": ""advice""}"
df608ae3-1a6c-4c0b-babc-d1e24058aff5,search_performed,73,sim-u73-s2,,office chair,synthetic,1,2026-04-14T06:42:54.303639+00:00,"{""search_query"": ""office chair""}"
14e96ed2-2ff1-4433-a14d-b1c797c2362b,product_clicked,73,sim-u73-s2,16,,synthetic,2,2026-04-14T06:45:08.303639+00:00,"{""category_id"": 6}"
1ed9334b-69a2-4ace-92bf-3c909dbc5f28,product_viewed,73,sim-u73-s2,16,,synthetic,1,2026-04-14T06:46:20.303639+00:00,"{""category_id"": 6}"
a8c606ae-8923-4fdd-b03f-a4b64633b397,chat_message_sent,73,sim-u73-s2,16,Co goi y san pham thay the khong,synthetic,2,2026-04-14T06:48:08.303639+00:00,"{""category_id"": 6, ""intent"": ""advice""}"
b9e9c22b-21b6-41fd-936c-4b2c63e56125,chat_started,83,sim-u83-s1,,start session,synthetic,1,2026-04-14T07:39:02.303639+00:00,"{""channel"": ""web""}"
0d7d01e4-1433-44b3-8420-e45803010ddb,search_performed,83,sim-u83-s1,,ergonomic desk,synthetic,1,2026-04-14T07:40:25.303639+00:00,"{""search_query"": ""ergonomic desk""}"
def6a4c0-e33c-41f8-a062-cec3cc1d3870,product_clicked,83,sim-u83-s1,11,,synthetic,2,2026-04-14T07:42:20.303639+00:00,"{""category_id"": 3}"
592143da-b4a9-40a7-889c-cbad455c7d70,product_viewed,83,sim-u83-s1,11,,synthetic,1,2026-04-14T07:43:41.303639+00:00,"{""category_id"": 3}"
ae0afd34-32e0-4559-abe8-8d628793065f,cart_viewed,83,sim-u83-s1,,open cart,synthetic,1,2026-04-14T07:44:05.303639+00:00,{}
a14aa951-003c-4dfe-8ec4-8b20aafcd8ec,cart_item_added,83,sim-u83-s1,11,,synthetic,4,2026-04-14T07:46:12.303639+00:00,"{""category_id"": 3}"
014c1c10-10a5-4a11-b459-3bea17703215,cart_item_quantity_updated,83,sim-u83-s1,11,,synthetic,3,2026-04-14T07:47:58.303639+00:00,"{""category_id"": 3, ""quantity"": 2}"
8b93fa94-bf7b-44d9-a6db-4f4f5c38eff2,checkout_started,83,sim-u83-s1,,checkout,synthetic,4,2026-04-14T07:48:34.303639+00:00,{}
c9d35ae5-493a-4dfa-a379-62fcd14b4bb0,order_created,83,sim-u83-s1,11,,synthetic,5,2026-04-14T07:49:50.303639+00:00,"{""category_id"": 3}"
5947b1ca-712f-4b14-87ce-ab491ee7a3c4,order_cancelled,83,sim-u83-s1,11,,synthetic,-2,2026-04-14T07:50:34.303639+00:00,"{""category_id"": 3}"
c54a7dac-be4d-4092-9e83-d39eb5304e4c,search_performed,83,sim-u83-s1,,office chair,synthetic,1,2026-04-14T07:51:36.303639+00:00,"{""search_query"": ""office chair""}"
c10891c5-26f3-4a8e-b60d-739f56971c63,product_clicked,83,sim-u83-s1,9,,synthetic,2,2026-04-14T07:52:07.303639+00:00,"{""category_id"": 2}"
f1483c91-43a6-4e1f-8217-963fb7e8ff1f,product_viewed,83,sim-u83-s1,9,,synthetic,1,2026-04-14T07:54:13.303639+00:00,"{""category_id"": 2}"
645d4a61-5bc3-41fb-86f5-a6e8342a47b0,cart_viewed,83,sim-u83-s1,,open cart,synthetic,1,2026-04-14T07:55:56.303639+00:00,{}
217a4209-6caa-4cf4-8c55-684819febb94,cart_item_added,83,sim-u83-s1,9,,synthetic,4,2026-04-14T07:57:38.303639+00:00,"{""category_id"": 2}"
3ebf258a-973f-4862-a26e-874871a67128,cart_item_quantity_updated,83,sim-u83-s1,9,,synthetic,3,2026-04-14T08:00:37.303639+00:00,"{""category_id"": 2, ""quantity"": 2}"
79c55b72-1bfd-47ba-bf43-9144e6c7886a,cart_item_removed,83,sim-u83-s1,9,,synthetic,1,2026-04-14T08:03:15.303639+00:00,"{""category_id"": 2}"
9bad769f-14dd-4167-82b9-57484281afb3,checkout_started,83,sim-u83-s1,,checkout,synthetic,4,2026-04-14T08:05:16.303639+00:00,{}
8e635d7e-c6c0-4818-9dc9-b5898a243b4f,order_created,83,sim-u83-s1,9,,synthetic,5,2026-04-14T08:07:25.303639+00:00,"{""category_id"": 2}"
6192a313-04f3-4d28-9f9f-94847888bd4d,order_paid,83,sim-u83-s1,9,,synthetic,6,2026-04-14T08:08:39.303639+00:00,"{""category_id"": 2}"
51b21ca5-3b6a-443c-8e24-0aa2b689ed07,order_completed,83,sim-u83-s1,9,,synthetic,6,2026-04-14T08:09:26.303639+00:00,"{""category_id"": 2}"
82141612-b64a-4efa-aa8b-a96d5af6bb22,chat_message_sent,83,sim-u83-s1,9,San pham nay co uu diem gi,synthetic,2,2026-04-14T08:09:49.303639+00:00,"{""category_id"": 2, ""intent"": ""advice""}"
ef7c10b7-5229-4d18-9d8b-e46e45342b4c,chat_started,68,sim-u68-s3,,start session,synthetic,1,2026-04-14T08:16:45.303639+00:00,"{""channel"": ""web""}"
f9e6edfd-3906-49c9-962f-290196a3f2e1,search_performed,68,sim-u68-s3,,usb c hub,synthetic,1,2026-04-14T08:18:31.303639+00:00,"{""search_query"": ""usb c hub""}"
fdb3dec6-6d1b-4fe8-a1ce-89f40891a3e8,product_clicked,68,sim-u68-s3,19,,synthetic,2,2026-04-14T08:20:50.303639+00:00,"{""category_id"": 7}"
3597877a-8a03-4b8c-aee2-69d4771e9f66,product_viewed,68,sim-u68-s3,19,,synthetic,1,2026-04-14T08:21:43.303639+00:00,"{""category_id"": 7}"
e80ed40c-2458-48ef-b9dd-c69312ebe10a,cart_viewed,68,sim-u68-s3,,open cart,synthetic,1,2026-04-14T08:24:18.303639+00:00,{}
999f726c-6e34-474c-9aee-6d7438726524,cart_item_added,68,sim-u68-s3,19,,synthetic,4,2026-04-14T08:26:28.303639+00:00,"{""category_id"": 7}"
c41ff9bd-410e-45a0-b44b-70f282faf113,cart_item_quantity_updated,68,sim-u68-s3,19,,synthetic,3,2026-04-14T08:28:08.303639+00:00,"{""category_id"": 7, ""quantity"": 2}"
9ea0997d-367e-46e1-b389-38b6b1d0cf7e,cart_item_removed,68,sim-u68-s3,19,,synthetic,1,2026-04-14T08:29:00.303639+00:00,"{""category_id"": 7}"
5d4ce732-6278-4025-a738-17bbbec5b040,checkout_started,68,sim-u68-s3,,checkout,synthetic,4,2026-04-14T08:31:27.303639+00:00,{}
d01318e4-0d74-4f83-a202-380518cb4b92,order_created,68,sim-u68-s3,19,,synthetic,5,2026-04-14T08:32:58.303639+00:00,"{""category_id"": 7}"
9d7c39f2-3579-4eca-b47c-a73b24bc9513,order_paid,68,sim-u68-s3,19,,synthetic,6,2026-04-14T08:35:08.303639+00:00,"{""category_id"": 7}"
81e8964d-9753-43db-8405-947c27c3b17b,order_completed,68,sim-u68-s3,19,,synthetic,6,2026-04-14T08:36:40.303639+00:00,"{""category_id"": 7}"
e01a4cde-cad6-4ea1-bf34-16be21c1a010,chat_message_sent,68,sim-u68-s3,,Nen chon mau nao cho cong viec van phong,synthetic,2,2026-04-14T08:39:36.303639+00:00,"{""intent"": ""followup""}"
c4e22558-2341-43a0-b8cd-ab1baa19b44d,chat_started,48,sim-u48-s1,,start session,synthetic,1,2026-04-14T12:22:07.303639+00:00,"{""channel"": ""web""}"
84cbf104-ccb0-46ca-902f-ca81e1ad7755,search_performed,48,sim-u48-s1,,noise cancelling headset,synthetic,1,2026-04-14T12:24:56.303639+00:00,"{""search_query"": ""noise cancelling headset""}"
965e1533-592e-4568-8041-38484cce643c,product_clicked,48,sim-u48-s1,27,,synthetic,2,2026-04-14T12:26:19.303639+00:00,"{""category_id"": 11}"
84e84ceb-efe5-460b-9632-9bd172c21ac2,product_viewed,48,sim-u48-s1,27,,synthetic,1,2026-04-14T12:27:38.303639+00:00,"{""category_id"": 11}"
4d9b0d04-aeac-47bc-82f1-0237161f1dec,cart_viewed,48,sim-u48-s1,,open cart,synthetic,1,2026-04-14T12:29:14.303639+00:00,{}
acd5773c-b220-42f4-913d-bc549af55cd2,cart_item_added,48,sim-u48-s1,27,,synthetic,4,2026-04-14T12:29:57.303639+00:00,"{""category_id"": 11}"
13109343-0a87-4c1a-b9ae-7d005dc93e4b,cart_item_quantity_updated,48,sim-u48-s1,27,,synthetic,3,2026-04-14T12:31:12.303639+00:00,"{""category_id"": 11, ""quantity"": 4}"
4389ab50-7935-47a4-bb3c-c16c0df3690a,checkout_started,48,sim-u48-s1,,checkout,synthetic,4,2026-04-14T12:32:55.303639+00:00,{}
ba1398b7-cdf4-4707-adcc-5d81bf4bc5c9,order_created,48,sim-u48-s1,27,,synthetic,5,2026-04-14T12:35:18.303639+00:00,"{""category_id"": 11}"
be88530b-0c6e-477f-8f0f-c9b0f84fb92b,order_paid,48,sim-u48-s1,27,,synthetic,6,2026-04-14T12:38:05.303639+00:00,"{""category_id"": 11}"
ca9cbbb7-a925-4f4e-a2b8-25da5ca191d8,order_completed,48,sim-u48-s1,27,,synthetic,6,2026-04-14T12:38:49.303639+00:00,"{""category_id"": 11}"
5558aa29-5560-4b48-8263-987313113738,chat_message_sent,48,sim-u48-s1,27,Nen chon mau nao cho cong viec van phong,synthetic,2,2026-04-14T12:39:18.303639+00:00,"{""category_id"": 11, ""intent"": ""advice""}"
93a16b70-4199-498f-aed5-0195e6433a15,chat_started,54,sim-u54-s3,,start session,synthetic,1,2026-04-14T15:29:13.303639+00:00,"{""channel"": ""web""}"
90d9a50a-2852-44d4-896c-a5fa6207c84c,search_performed,54,sim-u54-s3,,laptop stand,synthetic,1,2026-04-14T15:31:04.303639+00:00,"{""search_query"": ""laptop stand""}"
a2d827dc-bcf6-4a68-986e-a1c9537b9d48,product_clicked,54,sim-u54-s3,35,,synthetic,2,2026-04-14T15:31:52.303639+00:00,"{""category_id"": 15}"
2f1e9906-5623-4b87-9e20-4315f7addcee,product_viewed,54,sim-u54-s3,35,,synthetic,1,2026-04-14T15:33:24.303639+00:00,"{""category_id"": 15}"
881de6c3-74c9-4958-96b2-74b6a9fdfdb7,chat_message_sent,54,sim-u54-s3,35,Co goi y san pham thay the khong,synthetic,2,2026-04-14T15:36:24.303639+00:00,"{""category_id"": 15, ""intent"": ""advice""}"
3055a59a-92a2-4b1f-a17e-152b98611789,chat_started,39,sim-u39-s2,,start session,synthetic,1,2026-04-14T17:56:42.303639+00:00,"{""channel"": ""web""}"
4d8cfe1f-ea0b-40dd-bc11-68103199a2af,search_performed,39,sim-u39-s2,,gaming keyboard,synthetic,1,2026-04-14T17:57:26.303639+00:00,"{""search_query"": ""gaming keyboard""}"
0712b04f-c55a-42b2-b283-37a70e9c3886,product_clicked,39,sim-u39-s2,19,,synthetic,2,2026-04-14T17:58:28.303639+00:00,"{""category_id"": 7}"
2b382bb2-1bed-4fbb-b71c-f8ceb71c1241,product_viewed,39,sim-u39-s2,19,,synthetic,1,2026-04-14T18:01:05.303639+00:00,"{""category_id"": 7}"
293029b0-2620-437f-9321-83b31c2374bd,cart_viewed,39,sim-u39-s2,,open cart,synthetic,1,2026-04-14T18:04:05.303639+00:00,{}
209372e8-fc61-471b-9bca-dcbce4833ead,cart_item_added,39,sim-u39-s2,19,,synthetic,4,2026-04-14T18:04:41.303639+00:00,"{""category_id"": 7}"
63286f33-f115-4819-98d2-9c5711862e46,cart_item_quantity_updated,39,sim-u39-s2,19,,synthetic,3,2026-04-14T18:05:55.303639+00:00,"{""category_id"": 7, ""quantity"": 4}"
622d1d72-fda0-4295-ac95-7e75a51a403d,checkout_started,39,sim-u39-s2,,checkout,synthetic,4,2026-04-14T18:08:03.303639+00:00,{}
78186cab-ca72-46f2-9caf-469b647438db,order_created,39,sim-u39-s2,19,,synthetic,5,2026-04-14T18:08:49.303639+00:00,"{""category_id"": 7}"
07a64b7e-9fc9-4b94-9197-0b0a7829cc8f,order_paid,39,sim-u39-s2,19,,synthetic,6,2026-04-14T18:11:00.303639+00:00,"{""category_id"": 7}"
8fcb7fe8-44b8-473a-bd3b-81a99266bd99,order_completed,39,sim-u39-s2,19,,synthetic,6,2026-04-14T18:11:38.303639+00:00,"{""category_id"": 7}"
09145d4c-3da9-4159-bad7-bce4de9c3f53,chat_message_sent,39,sim-u39-s2,19,San pham nay co uu diem gi,synthetic,2,2026-04-14T18:12:04.303639+00:00,"{""category_id"": 7, ""intent"": ""advice""}"
0aec3d88-7cd0-4412-8892-f75cf8b482ff,search_performed,39,sim-u39-s2,,noise cancelling headset,synthetic,1,2026-04-14T18:12:33.303639+00:00,"{""search_query"": ""noise cancelling headset""}"
bac0ec04-a811-47a5-acad-c059e3172223,product_clicked,39,sim-u39-s2,21,,synthetic,2,2026-04-14T18:13:15.303639+00:00,"{""category_id"": 8}"
eeda52ca-7574-4d24-8109-3d964855bdaa,product_viewed,39,sim-u39-s2,21,,synthetic,1,2026-04-14T18:13:53.303639+00:00,"{""category_id"": 8}"
3429f767-7d97-4713-9ff8-e05ed657e0c3,cart_viewed,39,sim-u39-s2,,open cart,synthetic,1,2026-04-14T18:15:17.303639+00:00,{}
90685bb2-a396-4f9e-bea9-fabef4dc6252,cart_item_added,39,sim-u39-s2,21,,synthetic,4,2026-04-14T18:17:59.303639+00:00,"{""category_id"": 8}"
717f63b8-1669-4c93-9d2c-8865fa6e4758,cart_item_quantity_updated,39,sim-u39-s2,21,,synthetic,3,2026-04-14T18:19:25.303639+00:00,"{""category_id"": 8, ""quantity"": 2}"
0ba03d82-78cc-40e5-a482-da48833f6fb4,checkout_started,39,sim-u39-s2,,checkout,synthetic,4,2026-04-14T18:21:40.303639+00:00,{}
9a46f8e7-bdbf-408c-a890-2afcecd42660,order_created,39,sim-u39-s2,21,,synthetic,5,2026-04-14T18:23:43.303639+00:00,"{""category_id"": 8}"
411880f0-e487-40df-8064-300716a3d0d0,order_paid,39,sim-u39-s2,21,,synthetic,6,2026-04-14T18:24:07.303639+00:00,"{""category_id"": 8}"
fff8886f-d41b-43c1-afc0-8af3e50ba17e,order_completed,39,sim-u39-s2,21,,synthetic,6,2026-04-14T18:26:06.303639+00:00,"{""category_id"": 8}"
a1c82c5a-7cf1-461b-ac94-9bb1f5df4b72,chat_message_sent,39,sim-u39-s2,21,Tu van cho toi mot san pham phu hop nhu cau,synthetic,2,2026-04-14T18:29:04.303639+00:00,"{""category_id"": 8, ""intent"": ""advice""}"
b9a8b494-6e98-4437-821d-7b245598069f,chat_started,23,sim-u23-s2,,start session,synthetic,1,2026-04-15T01:32:18.303639+00:00,"{""channel"": ""web""}"
426add66-d968-4b83-af2c-d62180b470c4,search_performed,23,sim-u23-s2,,wireless mouse,synthetic,1,2026-04-15T01:33:23.303639+00:00,"{""search_query"": ""wireless mouse""}"
0e2d919c-4ab5-403c-8495-a770ca19d3e1,product_clicked,23,sim-u23-s2,17,,synthetic,2,2026-04-15T01:35:03.303639+00:00,"{""category_id"": 6}"
f305195e-0358-4e5d-8698-1730e2d2f6f0,product_viewed,23,sim-u23-s2,17,,synthetic,1,2026-04-15T01:35:27.303639+00:00,"{""category_id"": 6}"
8e8e3f26-cf3f-492e-8e89-9410bc742901,chat_message_sent,23,sim-u23-s2,17,Co goi y san pham thay the khong,synthetic,2,2026-04-15T01:36:06.303639+00:00,"{""category_id"": 6, ""intent"": ""advice""}"
14151418-fcf0-498c-b6c7-e937f105780b,search_performed,23,sim-u23-s2,,office chair,synthetic,1,2026-04-15T01:38:50.303639+00:00,"{""search_query"": ""office chair""}"
e3302789-6b8e-49c3-9c1a-3e1bdd3cbb12,product_clicked,23,sim-u23-s2,26,,synthetic,2,2026-04-15T01:40:11.303639+00:00,"{""category_id"": 11}"
3a29d44e-d41e-4740-b6d8-894234dbceac,product_viewed,23,sim-u23-s2,26,,synthetic,1,2026-04-15T01:42:56.303639+00:00,"{""category_id"": 11}"
190a97eb-4d9e-40a4-9760-f88c78c59cb8,chat_message_sent,23,sim-u23-s2,26,Nen chon mau nao cho cong viec van phong,synthetic,2,2026-04-15T01:44:54.303639+00:00,"{""category_id"": 11, ""intent"": ""advice""}"
1c4848bc-42aa-4dc2-9173-8b664643e7cd,search_performed,23,sim-u23-s2,,office chair,synthetic,1,2026-04-15T01:45:34.303639+00:00,"{""search_query"": ""office chair""}"
8315d145-d327-42aa-8060-77ccca31c7cd,product_clicked,23,sim-u23-s2,11,,synthetic,2,2026-04-15T01:48:02.303639+00:00,"{""category_id"": 3}"
8b60603c-30d5-4b96-b784-b61e89d08a8b,product_viewed,23,sim-u23-s2,11,,synthetic,1,2026-04-15T01:49:50.303639+00:00,"{""category_id"": 3}"
82e3d8a3-4148-44f2-a093-87d206f723eb,cart_viewed,23,sim-u23-s2,,open cart,synthetic,1,2026-04-15T01:52:01.303639+00:00,{}
f7942870-e3b2-4a9f-8a1a-a9971a9d3fd3,cart_item_added,23,sim-u23-s2,11,,synthetic,4,2026-04-15T01:53:20.303639+00:00,"{""category_id"": 3}"
6c23ccd8-ddb0-42c0-a196-2854a58d7bc2,checkout_started,23,sim-u23-s2,,checkout,synthetic,4,2026-04-15T01:56:17.303639+00:00,{}
254bcaa2-e186-4430-9db8-f03c94267146,order_created,23,sim-u23-s2,11,,synthetic,5,2026-04-15T01:59:09.303639+00:00,"{""category_id"": 3}"
bc7fe90c-bc3c-42b6-bc90-6c7337a93ffd,order_paid,23,sim-u23-s2,11,,synthetic,6,2026-04-15T02:00:52.303639+00:00,"{""category_id"": 3}"
b91de2a0-e8b8-4fc3-be50-2ad551a6826c,order_completed,23,sim-u23-s2,11,,synthetic,6,2026-04-15T02:01:19.303639+00:00,"{""category_id"": 3}"
d3421760-5bf1-47c3-a7a6-f44f039c5742,chat_message_sent,23,sim-u23-s2,11,Co goi y san pham thay the khong,synthetic,2,2026-04-15T02:03:44.303639+00:00,"{""category_id"": 3, ""intent"": ""advice""}"
77008182-0625-4070-895a-308dc582e129,chat_started,4,sim-u4-s1,,start session,synthetic,1,2026-04-15T03:57:02.303639+00:00,"{""channel"": ""web""}"
39b533c4-3733-49d4-86a4-388f84123ba8,search_performed,4,sim-u4-s1,,office chair,synthetic,1,2026-04-15T03:59:15.303639+00:00,"{""search_query"": ""office chair""}"
ec452efc-ed65-455c-a488-5e0bb6eb0152,product_clicked,4,sim-u4-s1,27,,synthetic,2,2026-04-15T04:01:56.303639+00:00,"{""category_id"": 11}"
61221049-04a8-402e-a234-1e3701fcc023,product_viewed,4,sim-u4-s1,27,,synthetic,1,2026-04-15T04:04:05.303639+00:00,"{""category_id"": 11}"
b39bd864-6fda-4039-ad29-72ac70f73cae,cart_viewed,4,sim-u4-s1,,open cart,synthetic,1,2026-04-15T04:04:53.303639+00:00,{}
e64a5399-b251-43f5-933e-807a9863c038,cart_item_added,4,sim-u4-s1,27,,synthetic,4,2026-04-15T04:05:32.303639+00:00,"{""category_id"": 11}"
15d6fd1a-56be-447c-a7cb-5168d36a0d5b,checkout_started,4,sim-u4-s1,,checkout,synthetic,4,2026-04-15T04:06:30.303639+00:00,{}
a51d39a6-cea2-4891-86ac-a870ebb44d1a,order_created,4,sim-u4-s1,27,,synthetic,5,2026-04-15T04:09:09.303639+00:00,"{""category_id"": 11}"
1df13855-5bc8-4636-865b-5201ed9b6cc4,order_paid,4,sim-u4-s1,27,,synthetic,6,2026-04-15T04:11:03.303639+00:00,"{""category_id"": 11}"
8075560d-03a9-4c61-a6b4-94924b6001bb,order_completed,4,sim-u4-s1,27,,synthetic,6,2026-04-15T04:13:52.303639+00:00,"{""category_id"": 11}"
703243b5-311c-4bad-b9ee-f5a4b5c724e9,chat_message_sent,4,sim-u4-s1,27,Co goi y san pham thay the khong,synthetic,2,2026-04-15T04:14:44.303639+00:00,"{""category_id"": 11, ""intent"": ""advice""}"
1dc41dfe-73f4-435f-b7fa-58c7e87afc02,search_performed,4,sim-u4-s1,,monitor 27 inch,synthetic,1,2026-04-15T04:16:37.303639+00:00,"{""search_query"": ""monitor 27 inch""}"
2144320e-26cd-4df1-86be-85083f23fd72,product_clicked,4,sim-u4-s1,34,,synthetic,2,2026-04-15T04:17:07.303639+00:00,"{""category_id"": 15}"
3c890bab-bd36-45fb-98ad-cf8dcb8ec4c1,product_viewed,4,sim-u4-s1,34,,synthetic,1,2026-04-15T04:18:58.303639+00:00,"{""category_id"": 15}"
990a199b-0c5c-452c-b1ee-a635149fd597,cart_viewed,4,sim-u4-s1,,open cart,synthetic,1,2026-04-15T04:20:21.303639+00:00,{}
9a140372-0fdc-40e4-9c62-b3ce8b645eb9,cart_item_added,4,sim-u4-s1,34,,synthetic,4,2026-04-15T04:21:07.303639+00:00,"{""category_id"": 15}"
a3d03382-99d3-47af-9f5a-25c49dbc782f,cart_item_quantity_updated,4,sim-u4-s1,34,,synthetic,3,2026-04-15T04:23:11.303639+00:00,"{""category_id"": 15, ""quantity"": 4}"
1d614d9e-5014-46d8-815a-eae68af73b37,checkout_started,4,sim-u4-s1,,checkout,synthetic,4,2026-04-15T04:24:10.303639+00:00,{}
139af944-37a4-493b-aad3-44db6ac25783,order_created,4,sim-u4-s1,34,,synthetic,5,2026-04-15T04:25:30.303639+00:00,"{""category_id"": 15}"
8db1fa20-c755-4e81-8696-21b0f707ee31,order_cancelled,4,sim-u4-s1,34,,synthetic,-2,2026-04-15T04:26:35.303639+00:00,"{""category_id"": 15}"
93e64498-86ab-49bf-b740-042511660724,search_performed,4,sim-u4-s1,,office chair,synthetic,1,2026-04-15T04:28:20.303639+00:00,"{""search_query"": ""office chair""}"
7006bc70-b000-4be0-a22c-97097f76972e,product_clicked,4,sim-u4-s1,35,,synthetic,2,2026-04-15T04:30:25.303639+00:00,"{""category_id"": 15}"
26656725-cce5-4e8a-876a-d5594fb10da4,product_viewed,4,sim-u4-s1,35,,synthetic,1,2026-04-15T04:31:48.303639+00:00,"{""category_id"": 15}"
2d1d7064-5efc-4f94-b228-0c898a6fb68c,cart_viewed,4,sim-u4-s1,,open cart,synthetic,1,2026-04-15T04:32:35.303639+00:00,{}
02c67568-2669-4c66-8b2b-553e48555873,cart_item_added,4,sim-u4-s1,35,,synthetic,4,2026-04-15T04:34:32.303639+00:00,"{""category_id"": 15}"
930e6a99-f27c-44b1-9a39-df9f52157630,checkout_started,4,sim-u4-s1,,checkout,synthetic,4,2026-04-15T04:35:48.303639+00:00,{}
29120b4b-edfe-49fb-ba6a-5e1d8f906a90,order_created,4,sim-u4-s1,35,,synthetic,5,2026-04-15T04:36:59.303639+00:00,"{""category_id"": 15}"
4b61469b-7ad0-4904-984b-e69f1739b5a6,order_paid,4,sim-u4-s1,35,,synthetic,6,2026-04-15T04:39:16.303639+00:00,"{""category_id"": 15}"
f6f045ea-91ea-490f-ade4-2ec1d3dc8196,order_completed,4,sim-u4-s1,35,,synthetic,6,2026-04-15T04:41:05.303639+00:00,"{""category_id"": 15}"
5f8b70a4-cf8f-4bd0-b993-9e0724fa6feb,chat_message_sent,4,sim-u4-s1,35,San pham nay co uu diem gi,synthetic,2,2026-04-15T04:42:22.303639+00:00,"{""category_id"": 15, ""intent"": ""advice""}"
d8675776-4013-4ab6-8859-a35c630915b8,chat_started,4,sim-u4-s2,,start session,synthetic,1,2026-04-15T05:34:20.303639+00:00,"{""channel"": ""web""}"
f497f084-2483-4228-838b-b61dfdfdd2b2,search_performed,4,sim-u4-s2,,gaming keyboard,synthetic,1,2026-04-15T05:35:51.303639+00:00,"{""search_query"": ""gaming keyboard""}"
9a91d808-f0ed-4dd5-bc5c-38e2b1ab7762,product_clicked,4,sim-u4-s2,27,,synthetic,2,2026-04-15T05:37:40.303639+00:00,"{""category_id"": 11}"
06512273-3805-402b-85cd-fd1c22adba86,product_viewed,4,sim-u4-s2,27,,synthetic,1,2026-04-15T05:40:10.303639+00:00,"{""category_id"": 11}"
868f042a-a651-4bf9-9ba3-c7547f261626,cart_viewed,4,sim-u4-s2,,open cart,synthetic,1,2026-04-15T05:42:47.303639+00:00,{}
cbd5e1be-f1e6-4a73-b3db-3ff176b8b67f,cart_item_added,4,sim-u4-s2,27,,synthetic,4,2026-04-15T05:44:31.303639+00:00,"{""category_id"": 11}"
4281de0c-431e-4197-8d8a-6e856519ea11,cart_item_removed,4,sim-u4-s2,27,,synthetic,1,2026-04-15T05:45:57.303639+00:00,"{""category_id"": 11}"
55cca76a-d3b9-441f-b791-ed935f0b2459,checkout_started,4,sim-u4-s2,,checkout,synthetic,4,2026-04-15T05:47:02.303639+00:00,{}
1d7b2858-62fa-47ab-9b2c-543576bdec5d,order_created,4,sim-u4-s2,27,,synthetic,5,2026-04-15T05:49:50.303639+00:00,"{""category_id"": 11}"
e13cc5c6-e70d-44a6-9cb3-3cb8e867939d,order_cancelled,4,sim-u4-s2,27,,synthetic,-2,2026-04-15T05:51:17.303639+00:00,"{""category_id"": 11}"
ba140d6b-f643-43a5-8041-460f3e038b03,chat_message_sent,4,sim-u4-s2,27,Co goi y san pham thay the khong,synthetic,2,2026-04-15T05:53:05.303639+00:00,"{""category_id"": 11, ""intent"": ""advice""}"
4165c5a8-cac3-4cd4-88ad-6c0b3c8df925,search_performed,4,sim-u4-s2,,noise cancelling headset,synthetic,1,2026-04-15T05:55:16.303639+00:00,"{""search_query"": ""noise cancelling headset""}"
130dd0a8-5c64-47f7-b60d-e110b7aef9d3,product_clicked,4,sim-u4-s2,12,,synthetic,2,2026-04-15T05:58:11.303639+00:00,"{""category_id"": 4}"
52494b7b-0287-4b0d-9179-51dfc6dc7b7e,product_viewed,4,sim-u4-s2,12,,synthetic,1,2026-04-15T06:00:41.303639+00:00,"{""category_id"": 4}"
f42403d4-b141-4422-a516-7d5fe6ea9b10,cart_viewed,4,sim-u4-s2,,open cart,synthetic,1,2026-04-15T06:03:28.303639+00:00,{}
283047a3-a014-46be-9cdb-1104230862b9,cart_item_added,4,sim-u4-s2,12,,synthetic,4,2026-04-15T06:04:36.303639+00:00,"{""category_id"": 4}"
ebd5e32d-0131-40cd-a0fc-29b490dd979e,cart_item_quantity_updated,4,sim-u4-s2,12,,synthetic,3,2026-04-15T06:06:47.303639+00:00,"{""category_id"": 4, ""quantity"": 4}"
bef608dd-aefc-4a1c-9339-d42cd5dd2be7,cart_item_removed,4,sim-u4-s2,12,,synthetic,1,2026-04-15T06:09:24.303639+00:00,"{""category_id"": 4}"
d64081eb-92a9-4f12-81ea-7b5ac0c356c1,checkout_started,4,sim-u4-s2,,checkout,synthetic,4,2026-04-15T06:10:34.303639+00:00,{}
a351fb44-9001-4181-8ce3-f3340da2851b,order_created,4,sim-u4-s2,12,,synthetic,5,2026-04-15T06:12:27.303639+00:00,"{""category_id"": 4}"
4d5ea79f-48ad-46b1-96f2-7911501386a6,order_paid,4,sim-u4-s2,12,,synthetic,6,2026-04-15T06:14:11.303639+00:00,"{""category_id"": 4}"
a3acee41-634e-4619-99d6-dd76f51f370a,order_completed,4,sim-u4-s2,12,,synthetic,6,2026-04-15T06:17:10.303639+00:00,"{""category_id"": 4}"
64a0e246-f64c-499a-be6f-9081ebdbacad,chat_message_sent,4,sim-u4-s2,12,Tu van cho toi mot san pham phu hop nhu cau,synthetic,2,2026-04-15T06:18:46.303639+00:00,"{""category_id"": 4, ""intent"": ""advice""}"
013df171-02d2-4aaa-bd1e-0f8f34a4e983,chat_started,9,sim-u9-s2,,start session,synthetic,1,2026-04-15T06:34:13.303639+00:00,"{""channel"": ""web""}"
23930869-dc11-4e61-8c3d-adbc3a4ebecb,search_performed,9,sim-u9-s2,,monitor 27 inch,synthetic,1,2026-04-15T06:36:54.303639+00:00,"{""search_query"": ""monitor 27 inch""}"
69579a26-7f5a-4ace-8b46-ce94c1e8af51,product_clicked,9,sim-u9-s2,30,,synthetic,2,2026-04-15T06:37:17.303639+00:00,"{""category_id"": 13}"
3d5f8bb1-fe13-42fa-a70f-cd62a8f14351,product_viewed,9,sim-u9-s2,30,,synthetic,1,2026-04-15T06:39:58.303639+00:00,"{""category_id"": 13}"
de6acca4-7479-4383-be3f-4c6d4046e893,cart_viewed,9,sim-u9-s2,,open cart,synthetic,1,2026-04-15T06:41:15.303639+00:00,{}
96dfd4c8-be24-4542-8738-965f6851a125,cart_item_added,9,sim-u9-s2,30,,synthetic,4,2026-04-15T06:42:04.303639+00:00,"{""category_id"": 13}"
9aedffad-2df2-4d9d-982c-273b82adb4ce,cart_item_quantity_updated,9,sim-u9-s2,30,,synthetic,3,2026-04-15T06:43:03.303639+00:00,"{""category_id"": 13, ""quantity"": 2}"
bf48b5ba-0290-44d1-be7b-75e47030ab5a,checkout_started,9,sim-u9-s2,,checkout,synthetic,4,2026-04-15T06:44:37.303639+00:00,{}
68ae4104-5d3c-42ee-8e98-a471e437b455,order_created,9,sim-u9-s2,30,,synthetic,5,2026-04-15T06:47:07.303639+00:00,"{""category_id"": 13}"
cb71a378-bee0-4be5-b032-c9368767acc2,order_paid,9,sim-u9-s2,30,,synthetic,6,2026-04-15T06:49:13.303639+00:00,"{""category_id"": 13}"
5a827739-6985-4497-9a40-cd0c2c22ceb9,order_completed,9,sim-u9-s2,30,,synthetic,6,2026-04-15T06:51:36.303639+00:00,"{""category_id"": 13}"
69e4d150-3396-419f-92bd-7a09dc98b0be,search_performed,9,sim-u9-s2,,usb c hub,synthetic,1,2026-04-15T06:54:17.303639+00:00,"{""search_query"": ""usb c hub""}"
2ed667db-66ad-49f6-8950-396260577f0e,product_clicked,9,sim-u9-s2,28,,synthetic,2,2026-04-15T06:55:14.303639+00:00,"{""category_id"": 12}"
f6ac69b9-f32d-4181-832f-685f2462c5ad,product_viewed,9,sim-u9-s2,28,,synthetic,1,2026-04-15T06:57:12.303639+00:00,"{""category_id"": 12}"
ee886267-c6f7-4d70-b749-088259a12f94,cart_viewed,9,sim-u9-s2,,open cart,synthetic,1,2026-04-15T07:00:05.303639+00:00,{}
b1a51fa4-c6cd-423a-9234-a783ff42fe90,chat_started,83,sim-u83-s3,,start session,synthetic,1,2026-04-15T07:01:33.303639+00:00,"{""channel"": ""web""}"
36f32cb2-d3b0-4933-bcb3-56d5b4dbf2d5,cart_item_added,9,sim-u9-s2,28,,synthetic,4,2026-04-15T07:02:35.303639+00:00,"{""category_id"": 12}"
f8b1748d-02b9-40ee-be92-9f3acfbf8661,search_performed,83,sim-u83-s3,,mechanical keyboard,synthetic,1,2026-04-15T07:02:55.303639+00:00,"{""search_query"": ""mechanical keyboard""}"
97cdc426-387a-479d-b7c3-258f909140aa,cart_item_removed,9,sim-u9-s2,28,,synthetic,1,2026-04-15T07:03:12.303639+00:00,"{""category_id"": 12}"
5145f33c-99a3-41e9-8c36-e5bade0f7bff,checkout_started,9,sim-u9-s2,,checkout,synthetic,4,2026-04-15T07:04:42.303639+00:00,{}
8b9e2ca9-c758-4eaf-9e51-b81d91afb235,product_clicked,83,sim-u83-s3,28,,synthetic,2,2026-04-15T07:05:53.303639+00:00,"{""category_id"": 12}"
77596c1c-2c48-4486-b78b-520d0cccfd04,product_viewed,83,sim-u83-s3,28,,synthetic,1,2026-04-15T07:06:33.303639+00:00,"{""category_id"": 12}"
2bc28dcd-433a-4150-bd1f-b6d5b36b6ddf,order_created,9,sim-u9-s2,28,,synthetic,5,2026-04-15T07:06:48.303639+00:00,"{""category_id"": 12}"
efaabd39-4b77-4220-be5e-6cab73320101,cart_viewed,83,sim-u83-s3,,open cart,synthetic,1,2026-04-15T07:08:28.303639+00:00,{}
42acd283-376b-4cba-ae52-696ff96d420a,order_paid,9,sim-u9-s2,28,,synthetic,6,2026-04-15T07:09:17.303639+00:00,"{""category_id"": 12}"
6341c97b-79a2-416d-bcab-dd1b06ab2246,order_completed,9,sim-u9-s2,28,,synthetic,6,2026-04-15T07:10:45.303639+00:00,"{""category_id"": 12}"
145f9c92-cfce-450c-851c-5aa3d6c1f33a,cart_item_added,83,sim-u83-s3,28,,synthetic,4,2026-04-15T07:10:55.303639+00:00,"{""category_id"": 12}"
ce0c409d-022f-444f-bdf6-eacf95b83e28,cart_item_quantity_updated,83,sim-u83-s3,28,,synthetic,3,2026-04-15T07:12:51.303639+00:00,"{""category_id"": 12, ""quantity"": 2}"
69575306-c098-4f1d-9602-d99468993126,cart_item_removed,83,sim-u83-s3,28,,synthetic,1,2026-04-15T07:13:20.303639+00:00,"{""category_id"": 12}"
9b974a1f-dc94-4213-b7f6-a15f131a5b0f,search_performed,9,sim-u9-s2,,monitor 27 inch,synthetic,1,2026-04-15T07:13:35.303639+00:00,"{""search_query"": ""monitor 27 inch""}"
3d8cac1b-cd4c-4e41-bc22-5dc2cfe70a34,checkout_started,83,sim-u83-s3,,checkout,synthetic,4,2026-04-15T07:14:40.303639+00:00,{}
658c761a-f32f-4fa7-a586-2ed415b2316a,product_clicked,9,sim-u9-s2,26,,synthetic,2,2026-04-15T07:16:23.303639+00:00,"{""category_id"": 11}"
55c84cfa-14b7-4e41-8f27-434f1359f279,order_created,83,sim-u83-s3,28,,synthetic,5,2026-04-15T07:17:33.303639+00:00,"{""category_id"": 12}"
e1526c09-a141-4cae-bde7-606b3a55cf45,product_viewed,9,sim-u9-s2,26,,synthetic,1,2026-04-15T07:18:48.303639+00:00,"{""category_id"": 11}"
2c90bb6a-163d-44b5-9dc7-16b502deceb5,order_cancelled,83,sim-u83-s3,28,,synthetic,-2,2026-04-15T07:19:46.303639+00:00,"{""category_id"": 12}"
afcb6cc1-0d39-4373-a63e-50394b680cb0,chat_message_sent,9,sim-u9-s2,26,Co goi y san pham thay the khong,synthetic,2,2026-04-15T07:20:36.303639+00:00,"{""category_id"": 11, ""intent"": ""advice""}"
8d88b885-c722-49ed-888a-eab2e672d1fd,chat_message_sent,83,sim-u83-s3,28,Nen chon mau nao cho cong viec van phong,synthetic,2,2026-04-15T07:20:40.303639+00:00,"{""category_id"": 12, ""intent"": ""advice""}"
a953d89b-a296-46ea-a41e-4e7270f58293,search_performed,83,sim-u83-s3,,noise cancelling headset,synthetic,1,2026-04-15T07:21:10.303639+00:00,"{""search_query"": ""noise cancelling headset""}"
e2f63b0c-0d68-4084-b362-a5d1197ca390,product_clicked,83,sim-u83-s3,27,,synthetic,2,2026-04-15T07:23:43.303639+00:00,"{""category_id"": 11}"
d3330cc3-6e80-4ef1-a53c-7b4ebd37dd44,product_viewed,83,sim-u83-s3,27,,synthetic,1,2026-04-15T07:25:49.303639+00:00,"{""category_id"": 11}"
358c2c32-898b-4bb6-96c1-4ed9d177a463,cart_viewed,83,sim-u83-s3,,open cart,synthetic,1,2026-04-15T07:27:22.303639+00:00,{}
69fe9ddb-c8c9-4c05-accb-3d454539e90b,cart_item_added,83,sim-u83-s3,27,,synthetic,4,2026-04-15T07:27:48.303639+00:00,"{""category_id"": 11}"
61069161-88dd-4f54-b3d2-7692f9c7080f,cart_item_quantity_updated,83,sim-u83-s3,27,,synthetic,3,2026-04-15T07:29:32.303639+00:00,"{""category_id"": 11, ""quantity"": 4}"
142290f4-9407-4e7d-b149-70c549f617bc,checkout_started,83,sim-u83-s3,,checkout,synthetic,4,2026-04-15T07:30:44.303639+00:00,{}
d08c03b7-1fe0-4ad5-ab14-3295892dbe3a,order_created,83,sim-u83-s3,27,,synthetic,5,2026-04-15T07:33:22.303639+00:00,"{""category_id"": 11}"
14ba282b-d567-4fd6-ae34-92f1b794979b,order_paid,83,sim-u83-s3,27,,synthetic,6,2026-04-15T07:34:45.303639+00:00,"{""category_id"": 11}"
a0a9646a-8434-4268-bd51-3824b5bef578,order_completed,83,sim-u83-s3,27,,synthetic,6,2026-04-15T07:36:01.303639+00:00,"{""category_id"": 11}"
97cc9dbe-7630-4d69-aae9-ad6c32232264,chat_message_sent,83,sim-u83-s3,27,Co goi y san pham thay the khong,synthetic,2,2026-04-15T07:38:34.303639+00:00,"{""category_id"": 11, ""intent"": ""advice""}"
507b9b5f-5424-45df-b9f7-0ad6e73f6c48,chat_started,69,sim-u69-s3,,start session,synthetic,1,2026-04-15T10:08:27.303639+00:00,"{""channel"": ""web""}"
bea7535f-0eed-4bdf-9768-7d7a832cbe60,search_performed,69,sim-u69-s3,,gaming keyboard,synthetic,1,2026-04-15T10:09:50.303639+00:00,"{""search_query"": ""gaming keyboard""}"
8551efe2-d04f-43b6-a0b2-fa82bacd6cac,product_clicked,69,sim-u69-s3,22,,synthetic,2,2026-04-15T10:12:17.303639+00:00,"{""category_id"": 9}"
ae1a6776-900d-4ffd-b1db-2549d10b839e,chat_started,45,sim-u45-s3,,start session,synthetic,1,2026-04-15T10:12:32.303639+00:00,"{""channel"": ""web""}"
81d7adc7-8ad6-4ed9-9ebd-e861a2cf349e,product_viewed,69,sim-u69-s3,22,,synthetic,1,2026-04-15T10:13:01.303639+00:00,"{""category_id"": 9}"
22718198-d68c-4c7f-b81f-e18a4c50dc74,chat_message_sent,69,sim-u69-s3,22,Tu van cho toi mot san pham phu hop nhu cau,synthetic,2,2026-04-15T10:15:01.303639+00:00,"{""category_id"": 9, ""intent"": ""advice""}"
783a1ddd-dea0-48c9-ae88-0806d492f8e4,search_performed,45,sim-u45-s3,,usb c hub,synthetic,1,2026-04-15T10:15:08.303639+00:00,"{""search_query"": ""usb c hub""}"
b51442fc-0aff-4e62-af0f-d885f9917ab3,product_clicked,45,sim-u45-s3,26,,synthetic,2,2026-04-15T10:15:30.303639+00:00,"{""category_id"": 11}"
b892b2ca-9f37-48ac-bb87-f8df17cb6a10,product_viewed,45,sim-u45-s3,26,,synthetic,1,2026-04-15T10:17:55.303639+00:00,"{""category_id"": 11}"
c760586c-06ed-4348-ad16-8c01d4da9377,chat_message_sent,45,sim-u45-s3,26,Tu van cho toi mot san pham phu hop nhu cau,synthetic,2,2026-04-15T10:20:05.303639+00:00,"{""category_id"": 11, ""intent"": ""advice""}"
095bffdf-e2e1-49cf-8307-2cdfb9142441,search_performed,45,sim-u45-s3,,monitor 27 inch,synthetic,1,2026-04-15T10:22:57.303639+00:00,"{""search_query"": ""monitor 27 inch""}"
d90e80f9-6027-4cc8-a3df-30818956d602,product_clicked,45,sim-u45-s3,10,,synthetic,2,2026-04-15T10:24:16.303639+00:00,"{""category_id"": 3}"
6ccdb7ea-4744-46a3-a21b-d21f06fa74a8,product_viewed,45,sim-u45-s3,10,,synthetic,1,2026-04-15T10:24:37.303639+00:00,"{""category_id"": 3}"
134d36dc-364e-495c-9da4-ca09baccff71,cart_viewed,45,sim-u45-s3,,open cart,synthetic,1,2026-04-15T10:25:45.303639+00:00,{}
4ef29ea2-64fb-42f7-b32f-54e9a23c04b3,cart_item_added,45,sim-u45-s3,10,,synthetic,4,2026-04-15T10:27:50.303639+00:00,"{""category_id"": 3}"
77ebb396-7f13-4b99-916e-7db4589eb349,checkout_started,45,sim-u45-s3,,checkout,synthetic,4,2026-04-15T10:29:13.303639+00:00,{}
18c42b71-29f9-49ec-bca9-2032ddd0faf9,order_created,45,sim-u45-s3,10,,synthetic,5,2026-04-15T10:30:14.303639+00:00,"{""category_id"": 3}"
97f0b86b-d2f3-4cd0-a1c8-5e7355403372,order_paid,45,sim-u45-s3,10,,synthetic,6,2026-04-15T10:32:13.303639+00:00,"{""category_id"": 3}"
8c001b6d-1f2c-4a9b-a078-666b3f10cf62,order_completed,45,sim-u45-s3,10,,synthetic,6,2026-04-15T10:34:09.303639+00:00,"{""category_id"": 3}"
5ddd0e58-9971-406c-9ea1-d38fdeaabdd4,chat_message_sent,45,sim-u45-s3,10,Tu van cho toi mot san pham phu hop nhu cau,synthetic,2,2026-04-15T10:36:17.303639+00:00,"{""category_id"": 3, ""intent"": ""advice""}"
ff7325ac-449e-4098-a5d8-2e3e98f3bd51,chat_started,24,sim-u24-s3,,start session,synthetic,1,2026-04-15T12:18:58.303639+00:00,"{""channel"": ""web""}"
f4a6b9d1-d5dc-4667-8a9d-f73550aa311b,search_performed,24,sim-u24-s3,,monitor 27 inch,synthetic,1,2026-04-15T12:19:35.303639+00:00,"{""search_query"": ""monitor 27 inch""}"
dffe1a02-06e0-4476-8437-907dca8eae35,product_clicked,24,sim-u24-s3,10,,synthetic,2,2026-04-15T12:21:39.303639+00:00,"{""category_id"": 3}"
e21e3a77-a874-466f-b295-3bf142b15f23,chat_started,13,sim-u13-s2,,start session,synthetic,1,2026-04-15T12:22:11.303639+00:00,"{""channel"": ""web""}"
19cf99eb-de1a-42f7-a829-c15ad85f524e,product_viewed,24,sim-u24-s3,10,,synthetic,1,2026-04-15T12:24:06.303639+00:00,"{""category_id"": 3}"
df081f00-a66f-4f4f-9807-1b36d2ef98c4,search_performed,13,sim-u13-s2,,mechanical keyboard,synthetic,1,2026-04-15T12:24:57.303639+00:00,"{""search_query"": ""mechanical keyboard""}"
1de4eefd-1359-41ee-b432-3b49823addb3,cart_viewed,24,sim-u24-s3,,open cart,synthetic,1,2026-04-15T12:25:43.303639+00:00,{}
b699b01d-245f-4047-965d-804fdbca8dc3,product_clicked,13,sim-u13-s2,17,,synthetic,2,2026-04-15T12:27:00.303639+00:00,"{""category_id"": 6}"
703ce69d-7450-4e32-9487-610b71196d9f,cart_item_added,24,sim-u24-s3,10,,synthetic,4,2026-04-15T12:27:04.303639+00:00,"{""category_id"": 3}"
68264a56-f008-462f-b76b-2cfd24125f10,product_viewed,13,sim-u13-s2,17,,synthetic,1,2026-04-15T12:29:06.303639+00:00,"{""category_id"": 6}"
5fc34ec3-511c-4f61-8d93-31fe89627f2a,cart_item_quantity_updated,24,sim-u24-s3,10,,synthetic,3,2026-04-15T12:29:12.303639+00:00,"{""category_id"": 3, ""quantity"": 2}"
af8b761f-d807-4ada-9c3c-4f46b9feaba0,chat_started,86,sim-u86-s2,,start session,synthetic,1,2026-04-15T12:29:37.303639+00:00,"{""channel"": ""web""}"
bcc2b946-d590-4d5f-b024-a44f027a8fc4,checkout_started,24,sim-u24-s3,,checkout,synthetic,4,2026-04-15T12:29:50.303639+00:00,{}
46194398-cc3d-4769-9365-2ddc786c6341,search_performed,86,sim-u86-s2,,office chair,synthetic,1,2026-04-15T12:30:03.303639+00:00,"{""search_query"": ""office chair""}"
c8047c45-b4e0-44b7-b127-173d9972aff8,cart_viewed,13,sim-u13-s2,,open cart,synthetic,1,2026-04-15T12:31:09.303639+00:00,{}
8043f181-2088-4676-a3ab-cb9d6452cf50,cart_item_added,13,sim-u13-s2,17,,synthetic,4,2026-04-15T12:31:34.303639+00:00,"{""category_id"": 6}"
ff1d28e0-31cb-4a9e-9e31-147f5d648aca,order_created,24,sim-u24-s3,10,,synthetic,5,2026-04-15T12:32:04.303639+00:00,"{""category_id"": 3}"
8b33930f-c249-4cae-a386-0f6d08ed23e4,product_clicked,86,sim-u86-s2,9,,synthetic,2,2026-04-15T12:32:57.303639+00:00,"{""category_id"": 2}"
b815324a-5be0-4462-a2ef-fd52257e6090,product_viewed,86,sim-u86-s2,9,,synthetic,1,2026-04-15T12:33:48.303639+00:00,"{""category_id"": 2}"
f9954ed6-1130-4bc0-b078-9b868b6b0387,order_cancelled,24,sim-u24-s3,10,,synthetic,-2,2026-04-15T12:34:26.303639+00:00,"{""category_id"": 3}"
a127a8b6-efac-458a-bc76-48e00d714557,cart_item_removed,13,sim-u13-s2,17,,synthetic,1,2026-04-15T12:34:32.303639+00:00,"{""category_id"": 6}"
1eace919-fd8b-4754-9f9c-b17e89814e0c,chat_message_sent,86,sim-u86-s2,9,San pham nay co uu diem gi,synthetic,2,2026-04-15T12:35:42.303639+00:00,"{""category_id"": 2, ""intent"": ""advice""}"
95024e9c-6240-45eb-93f3-ec4cb5f37006,checkout_started,13,sim-u13-s2,,checkout,synthetic,4,2026-04-15T12:36:49.303639+00:00,{}
a48c40ef-0952-4220-9297-2b989d6d13fe,chat_message_sent,24,sim-u24-s3,10,Co goi y san pham thay the khong,synthetic,2,2026-04-15T12:37:05.303639+00:00,"{""category_id"": 3, ""intent"": ""advice""}"
f723782d-171f-47a9-b883-1ac4fc5c2403,search_performed,86,sim-u86-s2,,webcam full hd,synthetic,1,2026-04-15T12:38:03.303639+00:00,"{""search_query"": ""webcam full hd""}"
89344fe7-930a-413a-9f64-f9733916d061,order_created,13,sim-u13-s2,17,,synthetic,5,2026-04-15T12:38:41.303639+00:00,"{""category_id"": 6}"
00338881-e4e6-4c0a-8a28-a4645768b67b,order_paid,13,sim-u13-s2,17,,synthetic,6,2026-04-15T12:39:28.303639+00:00,"{""category_id"": 6}"
4060bc5a-9d96-4f3c-9e24-205e9e1e183e,search_performed,24,sim-u24-s3,,noise cancelling headset,synthetic,1,2026-04-15T12:39:42.303639+00:00,"{""search_query"": ""noise cancelling headset""}"
df04a5bb-e9f4-4831-adfa-85cef013eb91,product_clicked,86,sim-u86-s2,21,,synthetic,2,2026-04-15T12:40:34.303639+00:00,"{""category_id"": 8}"
96a5cc8d-a327-4e2e-8bb3-c0102b91157b,order_completed,13,sim-u13-s2,17,,synthetic,6,2026-04-15T12:40:50.303639+00:00,"{""category_id"": 6}"
1203c7b5-c3a9-461f-9e8f-b64761fa5e06,product_clicked,24,sim-u24-s3,34,,synthetic,2,2026-04-15T12:42:34.303639+00:00,"{""category_id"": 15}"
3833758b-9a6c-4de3-a9dc-a0bc4ca6bf6f,product_viewed,86,sim-u86-s2,21,,synthetic,1,2026-04-15T12:42:39.303639+00:00,"{""category_id"": 8}"
3829dfee-b378-472e-8735-75a930a5bf6a,cart_viewed,86,sim-u86-s2,,open cart,synthetic,1,2026-04-15T12:42:59.303639+00:00,{}
5d114e21-dfe3-4838-9895-d18363a41455,product_viewed,24,sim-u24-s3,34,,synthetic,1,2026-04-15T12:43:15.303639+00:00,"{""category_id"": 15}"
8cf4478c-aefd-449e-b044-b3bf7ad2bdf8,chat_message_sent,13,sim-u13-s2,17,Co goi y san pham thay the khong,synthetic,2,2026-04-15T12:43:24.303639+00:00,"{""category_id"": 6, ""intent"": ""advice""}"
4ddd9a46-9885-4555-b4cf-7919d01e2715,cart_viewed,24,sim-u24-s3,,open cart,synthetic,1,2026-04-15T12:44:38.303639+00:00,{}
818a6ce0-c910-4cad-ba07-606522e979d5,cart_item_added,86,sim-u86-s2,21,,synthetic,4,2026-04-15T12:44:41.303639+00:00,"{""category_id"": 8}"
1b7d3a38-aafd-4e09-90e2-81f58cb8e15d,search_performed,13,sim-u13-s2,,mechanical keyboard,synthetic,1,2026-04-15T12:45:03.303639+00:00,"{""search_query"": ""mechanical keyboard""}"
a522decf-c08d-44db-a36f-a103a3aa0cb2,cart_item_quantity_updated,86,sim-u86-s2,21,,synthetic,3,2026-04-15T12:45:12.303639+00:00,"{""category_id"": 8, ""quantity"": 3}"
fbd38fdf-8f8a-446c-9e18-48bb23c0abb9,cart_item_added,24,sim-u24-s3,34,,synthetic,4,2026-04-15T12:46:28.303639+00:00,"{""category_id"": 15}"
a0758602-ba77-4d0f-a1de-8ec5a64012d8,product_clicked,13,sim-u13-s2,33,,synthetic,2,2026-04-15T12:46:49.303639+00:00,"{""category_id"": 14}"
eeb1b3a5-e6a6-4456-a03c-c2be6eedeeb4,checkout_started,86,sim-u86-s2,,checkout,synthetic,4,2026-04-15T12:46:55.303639+00:00,{}
53656f27-597c-4940-97b1-059d9df4e274,cart_item_quantity_updated,24,sim-u24-s3,34,,synthetic,3,2026-04-15T12:46:59.303639+00:00,"{""category_id"": 15, ""quantity"": 4}"
4014835a-7aad-4f75-96dd-75abc364d61f,product_viewed,13,sim-u13-s2,33,,synthetic,1,2026-04-15T12:48:05.303639+00:00,"{""category_id"": 14}"
1b3d8043-bd90-40ed-b1cf-47e1b6c4145a,checkout_started,24,sim-u24-s3,,checkout,synthetic,4,2026-04-15T12:49:01.303639+00:00,{}
a3f86134-8d6b-4ae8-b007-7e11c0cd0191,cart_viewed,13,sim-u13-s2,,open cart,synthetic,1,2026-04-15T12:49:08.303639+00:00,{}
d9c5b076-2233-4e9b-a562-463805677e54,order_created,86,sim-u86-s2,21,,synthetic,5,2026-04-15T12:49:08.303639+00:00,"{""category_id"": 8}"
cf210089-af72-478d-90d8-a94e152bf396,cart_item_added,13,sim-u13-s2,33,,synthetic,4,2026-04-15T12:49:47.303639+00:00,"{""category_id"": 14}"
bd2e81c3-9b92-462a-90f9-8388e43507fd,order_created,24,sim-u24-s3,34,,synthetic,5,2026-04-15T12:50:45.303639+00:00,"{""category_id"": 15}"
b3e7042c-fe08-4b48-a578-fd9455e7a026,order_paid,86,sim-u86-s2,21,,synthetic,6,2026-04-15T12:51:32.303639+00:00,"{""category_id"": 8}"
432da912-a9eb-43bd-9a34-e5ff4e205a99,cart_item_quantity_updated,13,sim-u13-s2,33,,synthetic,3,2026-04-15T12:52:22.303639+00:00,"{""category_id"": 14, ""quantity"": 2}"
85152ee8-3a80-43b4-bdda-a8548d8bedf5,order_cancelled,24,sim-u24-s3,34,,synthetic,-2,2026-04-15T12:52:55.303639+00:00,"{""category_id"": 15}"
d9df1777-f675-4633-b59f-8a999b53a3de,order_completed,86,sim-u86-s2,21,,synthetic,6,2026-04-15T12:53:34.303639+00:00,"{""category_id"": 8}"
9ae51cbe-bc1c-45d0-b2de-d6f196cc0a73,checkout_started,13,sim-u13-s2,,checkout,synthetic,4,2026-04-15T12:54:11.303639+00:00,{}
752d4494-da28-4f0d-99e4-00191eef4759,chat_message_sent,24,sim-u24-s3,34,Tu van cho toi mot san pham phu hop nhu cau,synthetic,2,2026-04-15T12:54:21.303639+00:00,"{""category_id"": 15, ""intent"": ""advice""}"
9af522a7-2edf-46ad-aff9-4049b8d050e5,chat_message_sent,86,sim-u86-s2,21,Tu van cho toi mot san pham phu hop nhu cau,synthetic,2,2026-04-15T12:55:23.303639+00:00,"{""category_id"": 8, ""intent"": ""advice""}"
7ece50e1-3a58-4cdb-89f2-f4e2804ee91b,order_created,13,sim-u13-s2,33,,synthetic,5,2026-04-15T12:56:00.303639+00:00,"{""category_id"": 14}"
a262e0e0-98d3-437c-8141-cce7e33d0b88,search_performed,86,sim-u86-s2,,usb c hub,synthetic,1,2026-04-15T12:56:08.303639+00:00,"{""search_query"": ""usb c hub""}"
8f67f1d3-3af5-4bfe-9bda-e69671602add,order_paid,13,sim-u13-s2,33,,synthetic,6,2026-04-15T12:56:57.303639+00:00,"{""category_id"": 14}"
7db5a675-3761-4154-902d-7d80ffd2cff9,product_clicked,86,sim-u86-s2,22,,synthetic,2,2026-04-15T12:58:06.303639+00:00,"{""category_id"": 9}"
62061d0f-d296-42bb-987a-9fa310ec7c41,order_completed,13,sim-u13-s2,33,,synthetic,6,2026-04-15T12:58:17.303639+00:00,"{""category_id"": 14}"
e41ecf53-d2cc-489c-a639-40ce1b71fddf,chat_message_sent,13,sim-u13-s2,33,Nen chon mau nao cho cong viec van phong,synthetic,2,2026-04-15T12:59:27.303639+00:00,"{""category_id"": 14, ""intent"": ""advice""}"
e724a3f8-3b3d-4ea5-a828-b1a98cebfaf2,product_viewed,86,sim-u86-s2,22,,synthetic,1,2026-04-15T12:59:41.303639+00:00,"{""category_id"": 9}"
34f74272-402b-44d8-8bf4-146e1bb3dfdd,cart_viewed,86,sim-u86-s2,,open cart,synthetic,1,2026-04-15T13:00:37.303639+00:00,{}
dd122165-b318-4a72-8948-e8632c99a40b,cart_item_added,86,sim-u86-s2,22,,synthetic,4,2026-04-15T13:03:10.303639+00:00,"{""category_id"": 9}"
2fdd3886-84c7-4b60-a43c-e35814f0a1b2,checkout_started,86,sim-u86-s2,,checkout,synthetic,4,2026-04-15T13:05:39.303639+00:00,{}
d8f702d2-e198-4b01-b269-ed6725c1cb3b,order_created,86,sim-u86-s2,22,,synthetic,5,2026-04-15T13:06:07.303639+00:00,"{""category_id"": 9}"
4713a8bc-98e9-4c67-a99f-ea1e639d1e30,order_paid,86,sim-u86-s2,22,,synthetic,6,2026-04-15T13:06:49.303639+00:00,"{""category_id"": 9}"
9fe2c62b-43e2-483f-9c0e-b66473e4747a,order_completed,86,sim-u86-s2,22,,synthetic,6,2026-04-15T13:08:26.303639+00:00,"{""category_id"": 9}"
6a40aa81-e069-48db-8dd3-eb7dd14c8131,chat_started,100,sim-u100-s1,,start session,synthetic,1,2026-04-15T13:54:51.303639+00:00,"{""channel"": ""web""}"
e01efe58-c242-4c7b-a938-80dcfb134811,search_performed,100,sim-u100-s1,,noise cancelling headset,synthetic,1,2026-04-15T13:57:23.303639+00:00,"{""search_query"": ""noise cancelling headset""}"
7226b827-8f7e-49b0-853e-a9c92b08eab0,product_clicked,100,sim-u100-s1,31,,synthetic,2,2026-04-15T14:00:16.303639+00:00,"{""category_id"": 13}"
9e104e80-85f0-4ce8-a03f-0cfaf3a025f8,product_viewed,100,sim-u100-s1,31,,synthetic,1,2026-04-15T14:01:57.303639+00:00,"{""category_id"": 13}"
d87ef074-50f1-4a50-affd-74fda451c866,cart_viewed,100,sim-u100-s1,,open cart,synthetic,1,2026-04-15T14:04:43.303639+00:00,{}
a16f5800-2c43-443d-a164-eedfb31a81cc,cart_item_added,100,sim-u100-s1,31,,synthetic,4,2026-04-15T14:06:53.303639+00:00,"{""category_id"": 13}"
2f0c7085-45ac-4031-99c0-f1d4adadab02,cart_item_quantity_updated,100,sim-u100-s1,31,,synthetic,3,2026-04-15T14:08:02.303639+00:00,"{""category_id"": 13, ""quantity"": 3}"
bcfab739-dc3f-4c10-bc1c-8dec54425b1a,checkout_started,100,sim-u100-s1,,checkout,synthetic,4,2026-04-15T14:10:02.303639+00:00,{}
98f2de84-047c-4902-a82c-4ca6365a4218,order_created,100,sim-u100-s1,31,,synthetic,5,2026-04-15T14:10:35.303639+00:00,"{""category_id"": 13}"
212b5625-8c17-44a0-9525-aed2626e702a,order_paid,100,sim-u100-s1,31,,synthetic,6,2026-04-15T14:13:22.303639+00:00,"{""category_id"": 13}"
95f3b06c-6c17-4bdc-873d-2440d4d0fb7f,order_completed,100,sim-u100-s1,31,,synthetic,6,2026-04-15T14:15:31.303639+00:00,"{""category_id"": 13}"
087d283c-917f-4cfc-b9b3-cde8b7b2ed3f,chat_message_sent,100,sim-u100-s1,31,Co goi y san pham thay the khong,synthetic,2,2026-04-15T14:16:35.303639+00:00,"{""category_id"": 13, ""intent"": ""advice""}"
4db9ed2d-a2f7-4a92-8462-dc684c2ad07b,chat_started,12,sim-u12-s1,,start session,synthetic,1,2026-04-15T15:51:00.303639+00:00,"{""channel"": ""web""}"
83c60a8c-175e-4959-a791-3dc5c6c2a60e,search_performed,12,sim-u12-s1,,wireless mouse,synthetic,1,2026-04-15T15:52:04.303639+00:00,"{""search_query"": ""wireless mouse""}"
6f3d5bbe-bc88-4782-84ca-371357398713,product_clicked,12,sim-u12-s1,25,,synthetic,2,2026-04-15T15:53:31.303639+00:00,"{""category_id"": 10}"
07302e96-b4ce-46d8-a2db-76929af7568f,product_viewed,12,sim-u12-s1,25,,synthetic,1,2026-04-15T15:54:04.303639+00:00,"{""category_id"": 10}"
ec078df7-6505-44ed-88c8-740e21667386,cart_viewed,12,sim-u12-s1,,open cart,synthetic,1,2026-04-15T15:56:11.303639+00:00,{}
a7e6dca2-08c1-4a06-82df-0b39cbfab869,cart_item_added,12,sim-u12-s1,25,,synthetic,4,2026-04-15T15:58:45.303639+00:00,"{""category_id"": 10}"
07fd9699-9bc4-429d-b71e-dcb4c3992a1d,cart_item_quantity_updated,12,sim-u12-s1,25,,synthetic,3,2026-04-15T16:01:06.303639+00:00,"{""category_id"": 10, ""quantity"": 2}"
262cfb75-fa36-41c1-9311-c5dc33908195,checkout_started,12,sim-u12-s1,,checkout,synthetic,4,2026-04-15T16:02:58.303639+00:00,{}
8f317e1f-f688-4b6c-88d3-91e805925d20,order_created,12,sim-u12-s1,25,,synthetic,5,2026-04-15T16:05:29.303639+00:00,"{""category_id"": 10}"
4ade325b-02ae-4318-a92b-c4629874d1bb,order_paid,12,sim-u12-s1,25,,synthetic,6,2026-04-15T16:07:44.303639+00:00,"{""category_id"": 10}"
da5f10cf-2a7c-49e7-a615-a40f9687239f,order_completed,12,sim-u12-s1,25,,synthetic,6,2026-04-15T16:10:12.303639+00:00,"{""category_id"": 10}"
ad103b6d-95b9-47d8-a726-b0ca9338464b,chat_message_sent,12,sim-u12-s1,25,Tu van cho toi mot san pham phu hop nhu cau,synthetic,2,2026-04-15T16:12:45.303639+00:00,"{""category_id"": 10, ""intent"": ""advice""}"
08565737-2f09-443c-939b-e97009f2f180,search_performed,12,sim-u12-s1,,usb c hub,synthetic,1,2026-04-15T16:13:12.303639+00:00,"{""search_query"": ""usb c hub""}"
98f7a5ab-0da2-4a21-b4ef-ee6ee8239df3,product_clicked,12,sim-u12-s1,26,,synthetic,2,2026-04-15T16:13:47.303639+00:00,"{""category_id"": 11}"
8ee58d27-dd88-46b8-898a-b06d19f4cbe0,chat_started,49,sim-u49-s3,,start session,synthetic,1,2026-04-15T16:14:37.303639+00:00,"{""channel"": ""web""}"
b9e740e3-3388-48c1-aa6a-6bda058b9bc9,search_performed,49,sim-u49-s3,,monitor 27 inch,synthetic,1,2026-04-15T16:15:57.303639+00:00,"{""search_query"": ""monitor 27 inch""}"
c6285dc7-7eb3-4a70-a9e9-625e99411e7b,product_viewed,12,sim-u12-s1,26,,synthetic,1,2026-04-15T16:16:09.303639+00:00,"{""category_id"": 11}"
67c46839-e1ba-4401-b777-609edb134232,product_clicked,49,sim-u49-s3,15,,synthetic,2,2026-04-15T16:18:25.303639+00:00,"{""category_id"": 5}"
6c994137-a74e-4852-a002-cc7d7b468a8b,chat_message_sent,12,sim-u12-s1,26,Tu van cho toi mot san pham phu hop nhu cau,synthetic,2,2026-04-15T16:18:34.303639+00:00,"{""category_id"": 11, ""intent"": ""advice""}"
2d7f281c-7c4e-4ee6-8ff1-f56e8604b2fb,search_performed,12,sim-u12-s1,,usb c hub,synthetic,1,2026-04-15T16:19:12.303639+00:00,"{""search_query"": ""usb c hub""}"
829a2dd6-6ccc-4a6d-897c-2d97a3ae4481,product_clicked,12,sim-u12-s1,13,,synthetic,2,2026-04-15T16:19:52.303639+00:00,"{""category_id"": 4}"
e02addc0-5a9f-4ddf-926d-eda95f9cef88,product_viewed,49,sim-u49-s3,15,,synthetic,1,2026-04-15T16:19:55.303639+00:00,"{""category_id"": 5}"
17ec7e8d-1e1b-4f6d-bf30-95b97f360e02,chat_message_sent,49,sim-u49-s3,15,Co goi y san pham thay the khong,synthetic,2,2026-04-15T16:20:22.303639+00:00,"{""category_id"": 5, ""intent"": ""advice""}"
82ce5e5e-791f-40f4-98ab-d702ed690ff1,product_viewed,12,sim-u12-s1,13,,synthetic,1,2026-04-15T16:21:34.303639+00:00,"{""category_id"": 4}"
06ed450b-aa94-4df4-a0b9-ce9bf050b97b,search_performed,49,sim-u49-s3,,monitor 27 inch,synthetic,1,2026-04-15T16:21:39.303639+00:00,"{""search_query"": ""monitor 27 inch""}"
1c1fe289-0d52-4ad3-9eb3-9ae42c831dfd,cart_viewed,12,sim-u12-s1,,open cart,synthetic,1,2026-04-15T16:22:10.303639+00:00,{}
11320dcf-b220-4259-b65a-e0a966620eb8,product_clicked,49,sim-u49-s3,18,,synthetic,2,2026-04-15T16:22:37.303639+00:00,"{""category_id"": 7}"
bcc93af2-bf7e-4fc5-86c5-d9bd72d077a7,cart_item_added,12,sim-u12-s1,13,,synthetic,4,2026-04-15T16:23:02.303639+00:00,"{""category_id"": 4}"
5b1bc29d-1c11-42cb-8020-ffb1e953d65c,product_viewed,49,sim-u49-s3,18,,synthetic,1,2026-04-15T16:24:24.303639+00:00,"{""category_id"": 7}"
86f19b2e-efc0-4089-be17-8d2656e9b01e,cart_item_quantity_updated,12,sim-u12-s1,13,,synthetic,3,2026-04-15T16:25:51.303639+00:00,"{""category_id"": 4, ""quantity"": 4}"
d69ca852-876c-40c4-b7d9-693121ab8ad1,chat_message_sent,49,sim-u49-s3,18,Tu van cho toi mot san pham phu hop nhu cau,synthetic,2,2026-04-15T16:26:21.303639+00:00,"{""category_id"": 7, ""intent"": ""advice""}"
c5b09009-616d-4db3-95ac-f62a2f20fb8c,checkout_started,12,sim-u12-s1,,checkout,synthetic,4,2026-04-15T16:27:34.303639+00:00,{}
c0f0e36b-4dd0-4174-a4b5-31392c34163b,order_created,12,sim-u12-s1,13,,synthetic,5,2026-04-15T16:29:31.303639+00:00,"{""category_id"": 4}"
4c355afc-9901-4d4a-b1f9-07a9362a09cb,order_cancelled,12,sim-u12-s1,13,,synthetic,-2,2026-04-15T16:32:06.303639+00:00,"{""category_id"": 4}"
f48941b7-f64b-4f2e-996e-963d50c75cb0,chat_message_sent,12,sim-u12-s1,13,Co goi y san pham thay the khong,synthetic,2,2026-04-15T16:32:51.303639+00:00,"{""category_id"": 4, ""intent"": ""advice""}"
f04252d7-b0f6-4dfb-9675-1f523118d652,chat_started,80,sim-u80-s3,,start session,synthetic,1,2026-04-15T17:52:00.303639+00:00,"{""channel"": ""web""}"
2b936e9c-f421-475c-9870-75a2aea79357,search_performed,80,sim-u80-s3,,webcam full hd,synthetic,1,2026-04-15T17:52:23.303639+00:00,"{""search_query"": ""webcam full hd""}"
823de3ae-0285-4a3b-8bf5-81b9cc55722f,product_clicked,80,sim-u80-s3,23,,synthetic,2,2026-04-15T17:54:43.303639+00:00,"{""category_id"": 9}"
fdc83497-f66d-4e8c-baab-882fe4a6cf60,product_viewed,80,sim-u80-s3,23,,synthetic,1,2026-04-15T17:57:14.303639+00:00,"{""category_id"": 9}"
e4bb4c3d-ab9d-41e9-9f2b-4f9f30cce03f,search_performed,80,sim-u80-s3,,mechanical keyboard,synthetic,1,2026-04-15T17:58:32.303639+00:00,"{""search_query"": ""mechanical keyboard""}"
2bf9d4f2-5003-47af-82df-32a132f6b7e3,product_clicked,80,sim-u80-s3,8,,synthetic,2,2026-04-15T17:59:50.303639+00:00,"{""category_id"": 2}"
4f290164-0072-4c9f-8df2-0bb99d29de85,product_viewed,80,sim-u80-s3,8,,synthetic,1,2026-04-15T18:01:03.303639+00:00,"{""category_id"": 2}"
e6a779a6-3a54-4dcc-9820-250be175c0d4,cart_viewed,80,sim-u80-s3,,open cart,synthetic,1,2026-04-15T18:03:35.303639+00:00,{}
3148f207-e09a-4ac1-a5b3-b9ab9be3dc04,cart_item_added,80,sim-u80-s3,8,,synthetic,4,2026-04-15T18:06:25.303639+00:00,"{""category_id"": 2}"
acd3b8e6-d80e-4864-8db3-fc817be68ec2,checkout_started,80,sim-u80-s3,,checkout,synthetic,4,2026-04-15T18:08:43.303639+00:00,{}
51044492-b6d4-4c53-accd-a6193d4a199d,order_created,80,sim-u80-s3,8,,synthetic,5,2026-04-15T18:10:30.303639+00:00,"{""category_id"": 2}"
13df68ce-c55f-4032-82fc-51833d5e86a1,order_paid,80,sim-u80-s3,8,,synthetic,6,2026-04-15T18:12:10.303639+00:00,"{""category_id"": 2}"
2ca86b54-2c8d-4681-aa52-a0ce5be028bf,order_completed,80,sim-u80-s3,8,,synthetic,6,2026-04-15T18:13:18.303639+00:00,"{""category_id"": 2}"
0cbaae71-0963-4348-9344-a909f7d292e8,chat_message_sent,80,sim-u80-s3,8,Co goi y san pham thay the khong,synthetic,2,2026-04-15T18:14:31.303639+00:00,"{""category_id"": 2, ""intent"": ""advice""}"
2f19e1a9-0f7d-4b0a-9198-1c6c859c8c38,chat_started,18,sim-u18-s1,,start session,synthetic,1,2026-04-16T01:01:34.303639+00:00,"{""channel"": ""web""}"
c5744354-f817-47f5-9e09-3326b019fd33,search_performed,18,sim-u18-s1,,ergonomic desk,synthetic,1,2026-04-16T01:04:23.303639+00:00,"{""search_query"": ""ergonomic desk""}"
1d5a86b2-5e47-495e-9568-56b33641beab,product_clicked,18,sim-u18-s1,28,,synthetic,2,2026-04-16T01:06:13.303639+00:00,"{""category_id"": 12}"
a15d993f-ebe0-4ce7-9237-36b09a954d2e,product_viewed,18,sim-u18-s1,28,,synthetic,1,2026-04-16T01:06:45.303639+00:00,"{""category_id"": 12}"
0f936760-ea98-4350-a1ad-900e2b6c59a7,cart_viewed,18,sim-u18-s1,,open cart,synthetic,1,2026-04-16T01:09:11.303639+00:00,{}
4f021ff4-12cd-4d68-a53e-a0733d9c5a08,cart_item_added,18,sim-u18-s1,28,,synthetic,4,2026-04-16T01:12:03.303639+00:00,"{""category_id"": 12}"
aaf63d90-734e-4958-882e-2327c6f3480b,checkout_started,18,sim-u18-s1,,checkout,synthetic,4,2026-04-16T01:14:23.303639+00:00,{}
8771c9c9-b485-45a2-8881-481f2d33ff42,order_created,18,sim-u18-s1,28,,synthetic,5,2026-04-16T01:15:56.303639+00:00,"{""category_id"": 12}"
92eadfdc-0467-46fe-9374-88a880084287,order_paid,18,sim-u18-s1,28,,synthetic,6,2026-04-16T01:16:43.303639+00:00,"{""category_id"": 12}"
402dc58a-eef2-4e88-8ca6-9aea2135b74b,order_completed,18,sim-u18-s1,28,,synthetic,6,2026-04-16T01:18:53.303639+00:00,"{""category_id"": 12}"
6b90aad0-7c29-438a-8630-d9c620bc774d,chat_message_sent,18,sim-u18-s1,28,Nen chon mau nao cho cong viec van phong,synthetic,2,2026-04-16T01:20:46.303639+00:00,"{""category_id"": 12, ""intent"": ""advice""}"
bef02b85-925a-49ff-8df7-48302ce80fbd,search_performed,18,sim-u18-s1,,mechanical keyboard,synthetic,1,2026-04-16T01:22:39.303639+00:00,"{""search_query"": ""mechanical keyboard""}"
f2404652-7524-453e-ba6f-e79f49d10edb,product_clicked,18,sim-u18-s1,11,,synthetic,2,2026-04-16T01:23:10.303639+00:00,"{""category_id"": 3}"
131a544f-d6b5-4f37-afc1-2591b2d53637,product_viewed,18,sim-u18-s1,11,,synthetic,1,2026-04-16T01:25:12.303639+00:00,"{""category_id"": 3}"
ff1da8b9-b227-41b4-9b35-ecc4ccdc55ab,cart_viewed,18,sim-u18-s1,,open cart,synthetic,1,2026-04-16T01:27:55.303639+00:00,{}
bcf1c739-3796-43fc-9705-fd9360ca634c,cart_item_added,18,sim-u18-s1,11,,synthetic,4,2026-04-16T01:29:04.303639+00:00,"{""category_id"": 3}"
d4990c99-394d-47f5-8c3d-f1b341b0689c,cart_item_quantity_updated,18,sim-u18-s1,11,,synthetic,3,2026-04-16T01:29:42.303639+00:00,"{""category_id"": 3, ""quantity"": 3}"
d0e246df-d287-443d-89e6-a3a8203fc827,checkout_started,18,sim-u18-s1,,checkout,synthetic,4,2026-04-16T01:31:57.303639+00:00,{}
8d301d10-9f19-471b-a4c2-3fda2a6c003b,order_created,18,sim-u18-s1,11,,synthetic,5,2026-04-16T01:34:37.303639+00:00,"{""category_id"": 3}"
303ccd91-af8a-44f8-b24a-289474c4a6a8,order_paid,18,sim-u18-s1,11,,synthetic,6,2026-04-16T01:37:36.303639+00:00,"{""category_id"": 3}"
daabcddc-edb4-41f8-8bb0-d07c4edf54e8,order_completed,18,sim-u18-s1,11,,synthetic,6,2026-04-16T01:40:32.303639+00:00,"{""category_id"": 3}"
b2a7e5cc-248a-46a6-bba9-6e3170fdd97f,chat_message_sent,18,sim-u18-s1,11,Tu van cho toi mot san pham phu hop nhu cau,synthetic,2,2026-04-16T01:42:32.303639+00:00,"{""category_id"": 3, ""intent"": ""advice""}"
